pmid,title,authors,pubdate,fulljournalname,doi,article_type,link
41794871,Survival prediction for bladder cancer using multimodal data with quantum neural networks and transformer architectures.,"Qin Z, Zhou H, Hu Y, Xiong X, Lu J, Su H, He J",2026 Mar 7,Scientific reports,10.1038/s41598-026-42047-4,Journal Article,https://pubmed.ncbi.nlm.nih.gov/41794871/
41785762,pH-sensitive poly(vinyl alcohol)/quercetin/curcumin nanofiber membrane for food freshness monitoring.,"Koo SR, Kim JT, Chathuranga K, Lee JS, Yoon YI, Park WH",2026 Feb 26,Food chemistry,10.1016/j.foodchem.2026.148613,Journal Article,https://pubmed.ncbi.nlm.nih.gov/41785762/
41770426,Nature meets machine: the AI renaissance in natural product drug discovery.,"Muthuraj R, Chandrasekaran J",2026 Mar 2,Natural products and bioprospecting,10.1007/s13659-025-00589-6,"Journal Article, Review",https://pubmed.ncbi.nlm.nih.gov/41770426/
41760787,Quantum-augmented graph differential geometry enhances accuracy in protein-protein interaction prediction.,"Karthick V, Alshammari FS, Jayasimman IP, Besi PR, Akgul A",2026 Feb 27,Scientific reports,10.1038/s41598-026-41325-5,Journal Article,https://pubmed.ncbi.nlm.nih.gov/41760787/
41756724,"A ""Detachable Polyanionic Protective Shell"" Enveloping Photodynamic Cationic Nanoassemblies for Keratitis Treatment.","Wei Y, Zou H, Fu Y, Hong Y, Cheng CK, Wang Y, Zhang M, Luo R, Zhang F, Wang Y",2026,"Research (Washington, D.C.)",10.34133/research.1151,Journal Article,https://pubmed.ncbi.nlm.nih.gov/41756724/
41751671,A New Quantum Video Processing Algorithm Based on the NEQR Technique.,"Prodan A, Tudorache AG, Manta V",2026 Feb 1,"Entropy (Basel, Switzerland)",10.3390/e28020168,Journal Article,https://pubmed.ncbi.nlm.nih.gov/41751671/
41748357,The importance of integrated bone marrow reporting.,"Higgins P, Simleit E",2026 Feb 5,Pathology,10.1016/j.pathol.2026.01.342,Letter,https://pubmed.ncbi.nlm.nih.gov/41748357/
41731012,"Quantum linear solvers for scientific computing: a comparison of VQLS, HHL and quantum annealing on time-fractional diffusion problems.",Shayegan AHS,2026 Feb 23,Scientific reports,10.1038/s41598-026-40910-y,Journal Article,https://pubmed.ncbi.nlm.nih.gov/41731012/
41728802,Quantum Machine Learning and Data Re-Uploading: Evaluation on Benchmark and Laboratory Medicine Data Sets.,"Durant TJS, Lee SJ, Dudgeon SN, Knight E, Nelson B, Young HP, Ohno-Machado L, Schulz WL",2026 Feb 23,Clinical chemistry,10.1093/clinchem/hvaf192,Journal Article,https://pubmed.ncbi.nlm.nih.gov/41728802/
41715769,Hybrid quantum-classical convolutional neural network for astrophysical object classification.,"Rauf A, Amin J, Nabi JU",2026 Jan,Physical review. E,10.1103/rnsj-5yjh,Journal Article,https://pubmed.ncbi.nlm.nih.gov/41715769/
41702419,Quantum Machine Learning in Laboratory Medicine: A Leap into the Future?,"Zang C, Yang HS",2026 Feb 18,Clinical chemistry,10.1093/clinchem/hvag013,Journal Article,https://pubmed.ncbi.nlm.nih.gov/41702419/
41690972,Benchmarking MedMNIST dataset on real quantum hardware.,"Singh G, Jin H, Merz KM Jr",2026 Feb 14,Scientific reports,10.1038/s41598-026-35605-3,Journal Article,https://pubmed.ncbi.nlm.nih.gov/41690972/
41689495,Validation of the Arabic Version of the Quality of Healthy Work Environment Instrument Among Nurses.,Alelayan H,2026 Feb 14,Research in nursing & health,10.1002/nur.70058,Journal Article,https://pubmed.ncbi.nlm.nih.gov/41689495/
41673069,Quantum-enhanced multimodal prognostic transformer for skin disease progression prediction and visualization.,"Aravinda CV, Raja JE, Alasmari S",2026 Feb 11,Scientific reports,10.1038/s41598-026-35951-2,Journal Article,https://pubmed.ncbi.nlm.nih.gov/41673069/
41637161,A Hardware-Feasible Quantum Machine Learning Framework for Structure-Based Virtual Screening.,Yang PK,2026 Feb 24,Journal of chemical theory and computation,10.1021/acs.jctc.5c01872,Journal Article,https://pubmed.ncbi.nlm.nih.gov/41637161/
41630070,MolGAN-QRL: a hybrid framework for molecule generation using quantum-enhanced reinforcement learning.,"Hergli MI, Harigua-Souiai E",2026 Feb 2,Journal of cheminformatics,10.1186/s13321-025-01148-4,Journal Article,https://pubmed.ncbi.nlm.nih.gov/41630070/
41626194,Quantum-classical hybrid computation of electron transfer in a cryptochrome protein via VQE-PDFT and multiscale modeling.,"Chen Y, Sheng Z, Li W, Zhang Y, Xu X, Huang JH, Li Y",2026 Feb 18,Chemical science,10.1039/d5sc07528a,Journal Article,https://pubmed.ncbi.nlm.nih.gov/41626194/
41623330,Post-Quantum Cryptography Resilience in Telehealth Using Quantum Key Distribution.,"Roosan D, Khan R, Nirzhor S, Hai F",2025,Blockchain in healthcare today,10.30953/bhty.v8.379,Journal Article,https://pubmed.ncbi.nlm.nih.gov/41623330/
41620670,Role of LONP1 in human diseases: molecular mechanisms and therapeutic potential.,"Li M, Wang A, Tang C, Qiao Y, Zhang W, Wu Y",2026 Jan 31,Cellular & molecular biology letters,10.1186/s11658-026-00858-3,"Journal Article, Review",https://pubmed.ncbi.nlm.nih.gov/41620670/
41612482,Quantum Angle-distance kernel for ECG classification and anomaly detection: a quantum-inspired framework for biomedical signal analysis.,"Salehi A, Goudarzi HR, Heydarian A",2026 Jan 29,BioData mining,10.1186/s13040-026-00519-3,Journal Article,https://pubmed.ncbi.nlm.nih.gov/41612482/
41602600,Large Language Models Triage of Retina Patient Emergency Telephone Calls: A Pilot Study.,"Chahal R, Beca F, Chau VQ, Kiryakoza L, Abousy M, Fan KC, Wykoff CC, Al-Khersan H",2026 Jan 24,Journal of vitreoretinal diseases,10.1177/24741264251414097,Journal Article,https://pubmed.ncbi.nlm.nih.gov/41602600/
41596454,AI-Based Prediction of Gene Expression in Single-Cell and Multiscale Genomics and Transcriptomics.,"Pălăștea EA, Matache IM, Radu E, Henegariu O, Bucur O",2026 Jan 13,International journal of molecular sciences,10.3390/ijms27020801,"Journal Article, Review",https://pubmed.ncbi.nlm.nih.gov/41596454/
41595383,Proof-of-Concept Machine Learning Framework for Arboviral Disease Classification Using Literature-Derived Synthetic Data: Methodological Development Preceding Clinical Validation.,"Cruz-Parada E, Vivar-Estudillo G, Pérez-Campos Mayoral L, Hernández-Huerta MT, Pérez-Santiago AD, Romero-Diaz C, Pérez-Campos Mayoral E, Montalvo IAG, Martínez-Martínez L, Martínez-Ruiz H, Matadamas I, Avendaño-Villegas ME, Martínez Cruz M, Cabrera-Fuentes HA, Pérez-Ramos AE, Pérez-Campos EL, Lastre-Domínguez CM",2026 Jan 19,"Healthcare (Basel, Switzerland)",10.3390/healthcare14020247,Journal Article,https://pubmed.ncbi.nlm.nih.gov/41595383/
41593974,Predicting the Redox Potentials and Hammett Parameters of Quinone Derivatives with the Information-Theoretic Approach.,"Xu M, Zhao Y, Li H, Ayers PW, Liu D, Wang Q, Zhao D",2026 Jan 6,"Entropy (Basel, Switzerland)",10.3390/e28010067,Journal Article,https://pubmed.ncbi.nlm.nih.gov/41593974/
41575849,Stress testing reveals selective vulnerabilities in protein homeostasis.,"Aldikacti B, Putun H, Sarsani V, Zeinert R, Flaherty P, Chien P",2026 Feb 24,Cell reports,10.1016/j.celrep.2025.116892,Journal Article,https://pubmed.ncbi.nlm.nih.gov/41575849/
41568104,Entangled fingerprints for quantum-encoded chemoinformatics: quantum circuits for molecular similarity in the noisy era.,"Shityakov S, Dandekar T",2025,Frontiers in chemistry,10.3389/fchem.2025.1707409,Journal Article,https://pubmed.ncbi.nlm.nih.gov/41568104/
41565887,Quantum denoising autoencoder improves retinal fundus image quality for early diabetic retinopathy screening.,"Chilukuri R, P P, Gatla RK, Almenweer RA",2026 Jan 21,Scientific reports,10.1038/s41598-026-35540-3,Journal Article,https://pubmed.ncbi.nlm.nih.gov/41565887/
41555779,"Quantum medicine: A quantum-mechanical framework for redox biology, disease and precision medicine.","Sung JY, Cheong JH",2026 Jan,Clinical and translational medicine,10.1002/ctm2.70598,"Journal Article, Review",https://pubmed.ncbi.nlm.nih.gov/41555779/
41545462,Hybrid quantum classical framework for electroencephalogram driven neurological processing in epileptic seizure taxonomy.,"Padmaja B, Maram B, Raheem AKA, Khan S, Basheti I, Abass KS, Khan WA",2026 Jan 16,Scientific reports,10.1038/s41598-026-36121-0,Journal Article,https://pubmed.ncbi.nlm.nih.gov/41545462/
41543905,Proteasomal proteolysis in p62 condensates directs tumor suppression or growth depending on their subcellular localization.,"Lulu-Shimron C, Luo Z, Brekhman V, Huang L, Livneh I, Kosako H, Cohen-Kaplan V, Ciechanover A",2026 Jan 20,Proceedings of the National Academy of Sciences of the United States of America,10.1073/pnas.2529422123,Journal Article,https://pubmed.ncbi.nlm.nih.gov/41543905/
41534133,From data to diagnosis: A comprehensive review of machine learning-driven wearable sensors in healthcare.,"Zhao M, Liu R, Jin S, Ren B, Zhang Q",2026 Aug,"Bioelectrochemistry (Amsterdam, Netherlands)",10.1016/j.bioelechem.2026.109228,"Journal Article, Review",https://pubmed.ncbi.nlm.nih.gov/41534133/
41523782,Quantum variational graph-driven neural framework for genomic-clinical integration in precision diagnosis.,"Puli S, Kolukula NR, Yarlagadda A, Rao PVV, Shaik N, Ongole G, Meka JS",2026 Dec,Health information science and systems,10.1007/s13755-025-00424-9,Journal Article,https://pubmed.ncbi.nlm.nih.gov/41523782/
41513819,A large scale statistical analysis of quantum and classical neural networks in the medical domain.,"Ghisoni F, Borrotti M, Mariani P",2026 Jan 9,Scientific reports,10.1038/s41598-025-33825-7,Journal Article,https://pubmed.ncbi.nlm.nih.gov/41513819/
41492535,Hybrid quantum-classical deep learning framework for balanced multiclass diabetic retinopathy classification.,"Ara T, Mishra VP, Bali M, Yenkikar A",2025 Dec,MethodsX,10.1016/j.mex.2025.103605,Journal Article,https://pubmed.ncbi.nlm.nih.gov/41492535/
41491010,Quantum computing for radiation therapy optimization.,"Rahimi R, SaiToh A, Modiri A, Nakano Y, Okada KN, Tsukano S, Zhang B, Fujii K, Kitagawa M, Sawant A",2026 Jan,Medical physics,10.1002/mp.70269,Journal Article,https://pubmed.ncbi.nlm.nih.gov/41491010/
41486281,The role of ER-associated degradation and ER-phagy in health and disease.,"Jeon YJ, Ronai ZA",2026 Jan 5,Signal transduction and targeted therapy,10.1038/s41392-025-02501-7,"Journal Article, Review",https://pubmed.ncbi.nlm.nih.gov/41486281/
41462539,Multi-scale theoretical modeling with molecular simulation framework for fly ash-based high-performance concrete.,Vairagade VS,2025 Dec 29,Scientific reports,10.1038/s41598-025-28690-3,Journal Article,https://pubmed.ncbi.nlm.nih.gov/41462539/
41461781,Functional near-infrared spectroscopy for the detection of fear using parameterized quantum circuits.,"Gómez-Sirvent JL, Fernández-Caballero A, Novais P",2025 Dec 29,Scientific reports,10.1038/s41598-025-28942-2,Journal Article,https://pubmed.ncbi.nlm.nih.gov/41461781/
41400714,USP13-Mediated selective autophagy of eIF5B promotes pathological cardiac hypertrophy.,"Ye Y, Xu J, Jin C, Li X, Wu X, Zhou C, Gao L, Zhong Z, Li X, Chen S, Wei Y, Peng S, Liu S",2025 Dec 16,Cellular and molecular life sciences : CMLS,10.1007/s00018-025-05980-7,Journal Article,https://pubmed.ncbi.nlm.nih.gov/41400714/
41396810,Generating three-dimensional genome structures with a variational quantum algorithm.,"Siciliano AJ, Wang Z",2025 Nov 1,Briefings in bioinformatics,10.1093/bib/bbaf663,Journal Article,https://pubmed.ncbi.nlm.nih.gov/41396810/
41385186,"NEDD8, stress granules, and amyotrophic lateral sclerosis: unveiling the therapeutic potential of the NEDP1 protease.","Mitsiadou D, Xirodimas DP, Polanowska J",2025 Dec 22,Essays in biochemistry,10.1042/EBC20253036,"Journal Article, Review",https://pubmed.ncbi.nlm.nih.gov/41385186/
41383998,Quantum AI for psychiatric diagnosis: enhancing dementia classification with quantum machine learning.,"Amin J, Ali MU, Islam MZ, Lee SW",2025,Frontiers in psychiatry,10.3389/fpsyt.2025.1648060,Journal Article,https://pubmed.ncbi.nlm.nih.gov/41383998/
41350939,O-mannosylation of misfolded ER proteins promotes ERAD.,"Lemus L, Meyer H, Rodríguez-Rosado AI, Schuldiner M, Goder V",2026 Jan,The EMBO journal,10.1038/s44318-025-00647-2,Journal Article,https://pubmed.ncbi.nlm.nih.gov/41350939/
41340890,Coalition of explainable artificial intelligence and quantum computing in precision medicine.,"Ray S, Bhattacharya P, Mattar EA, Mukhopadhyay A",2025,Computational and structural biotechnology journal,10.1016/j.csbj.2025.11.031,"Journal Article, Review",https://pubmed.ncbi.nlm.nih.gov/41340890/
41337028,Post Quantum Secure Communication Protocol with Ultra Low-Power Hardware Solution for Ingestible Medical Device.,"Jang S, Lee HS, Agrawal RS, Maji S, Gierlach A, Byrne CA, Flaumenhaft B, Schmidt K, Li J, Traverso G, Chandrakasan AP",2025 Jul,Annual International Conference of the IEEE Engineering in Medicine and Biology Society. IEEE Engineering in Medicine and Biology Society. Annual International Conference,10.1109/EMBC58623.2025.11254204,Journal Article,https://pubmed.ncbi.nlm.nih.gov/41337028/
41336873,Quantum Approaches for Dysphonia Assessment in Small Speech Datasets.,"Tran H, Kashyap B, Pathirana PN",2025 Jul,Annual International Conference of the IEEE Engineering in Medicine and Biology Society. IEEE Engineering in Medicine and Biology Society. Annual International Conference,10.1109/EMBC58623.2025.11252849,Journal Article,https://pubmed.ncbi.nlm.nih.gov/41336873/
41331249,Tailoring precipitates for enhanced hydrogen trapping in aluminum alloys.,"Ji Y, Fu X, Safyari M, Yao C, Shuang F, Cheng X, Yin X, Li X, Moshtaghi M, Dong C, Dey P",2025 Dec 2,Nature communications,10.1038/s41467-025-66998-w,Journal Article,https://pubmed.ncbi.nlm.nih.gov/41331249/
41330918,Quantum computing and the implementation of precision medicine.,"Nassir N, Hashmi MA, Raji KG, Jamalalail B, Maksymowsky A, Scherer SW, Alsheikh-Ali A, Uddin M",2025 Dec 3,NPJ genomic medicine,10.1038/s41525-025-00537-w,"Journal Article, Review",https://pubmed.ncbi.nlm.nih.gov/41330918/
41328563,Renal Denervation in Asia: 2025 Asia Renal Denervation Consortium (ARDeC) Consensus Statement Endorsed by the Hypertension Cardiovascular Outcome Prevention and Evidence in Asia (HOPE Asia) Network.,"Kario K, Alkatiri AA, Aoki J, Wan Ahmad WA, Chia YC, Cruz JNM, Lee YH, Lim ST, Lu C, Nguyen QN, Ong TK, Wander GS, Wang JG, Wong YA, Wongpraparut N, Wang TD",2026 Jan,"Hypertension (Dallas, Tex. : 1979)",10.1161/HYPERTENSIONAHA.125.25333,"Journal Article, Review, Consensus Statement",https://pubmed.ncbi.nlm.nih.gov/41328563/
41328076,Developing a quantum computing model for sequence annotation of interferon protein.,"Li B, Yu Y, Ma F, Dong Z, Zhang L",2025,Computational and structural biotechnology journal,10.1016/j.csbj.2025.11.027,Journal Article,https://pubmed.ncbi.nlm.nih.gov/41328076/
41325267,Efficient Quantum Algorithm for Post Quantum Cryptography.,"Mallick AK, Pain P, Das K, Laha T, Ghorashi SA, Abdel-Aty AH, Almalki AJ",2025 Nov 14,Journal of visualized experiments : JoVE,10.3791/68934,"Journal Article, Video-Audio Media",https://pubmed.ncbi.nlm.nih.gov/41325267/
41311467,GBS-Assisted Quantum Unsupervised Machine Learning on a Universal Programmable Integrated Quantum Chip.,"Zhu H, Luo W, Yan R, Ren C, Guo J, Zhao Z, Ma H, Chen T, Gao F, Kwek LC, Cai H, Wang Y, Yang J, Liu AQ",2025,"Research (Washington, D.C.)",10.34133/research.1006,Journal Article,https://pubmed.ncbi.nlm.nih.gov/41311467/
41310009,Phishing threat mitigation in E-commerce using a quantum-enhanced hybrid AI framework.,"Gupta BB, Pan SH, Gaurav A, Arya V, Attar RW, Alhazmi AH, Alhomoud A, Chui KT",2025 Nov 27,Scientific reports,10.1038/s41598-025-27515-7,Journal Article,https://pubmed.ncbi.nlm.nih.gov/41310009/
41308472,Integration of quantum artificial intelligence in disease diagnosis: A review of methods and applications.,"Sharma S, Sharma L, Gandhi TK",2026 Feb 1,Computer methods and programs in biomedicine,10.1016/j.cmpb.2025.109175,"Journal Article, Review",https://pubmed.ncbi.nlm.nih.gov/41308472/
41294241,QTFPred: robust high-performance quantum machine learning modeling that predicts main and cooperative transcription factor bindings with base resolution.,"Matsubara T, Machida S, Owusu SPK, Asakura A, Hashimoto H, Matsuoka M, Nagasaki M",2025 Nov 1,Briefings in bioinformatics,10.1093/bib/bbaf604,Journal Article,https://pubmed.ncbi.nlm.nih.gov/41294241/
41281198,Quantum Generative Modeling of Single-Cell transcriptomes: Capturing Gene-Gene and Cell-Cell Interactions.,"Romero S, Kumar VS, Chapkin RS, Cai JJ",2025 Dec 19,ArXiv,,"Journal Article, Preprint",https://pubmed.ncbi.nlm.nih.gov/41281198/
41271918,Quantum color image encryption using a novel 4D hyperchaotic Lorenz system and Fibonacci transform.,"Inam S, Kanwal S, Amir R, Ksibi A, Matloob I",2025 Nov 21,Scientific reports,10.1038/s41598-025-25760-4,Journal Article,https://pubmed.ncbi.nlm.nih.gov/41271918/
41256615,A Micro-Engineered Heart Tissue Model of Desmin-related Cardiomyopathy Caused by Mutant αB Crystallin.,"Kargar Gaz Kooh Y, Bahmani B, Zhao C, Malayath G, Hayem L, Jin H, Ramahdita G, Jiang H, Santiago Perez J, Chou HY, Ma X, Genin GM, Rawnsley D, Diwan A, Huebsch N",2025 Nov 30,bioRxiv : the preprint server for biology,10.1101/2025.10.02.680018,"Journal Article, Preprint",https://pubmed.ncbi.nlm.nih.gov/41256615/
41239225,Quantum machine learning driven optimization of nutrient-hormone interactions for enhanced in vitro regeneration of common bean.,"Katırcı R, Aasim M, Aadil F, Chohan RT",2025 Nov 14,BMC plant biology,10.1186/s12870-025-07555-x,Journal Article,https://pubmed.ncbi.nlm.nih.gov/41239225/
41210857,QBrainNet: harnessing enhanced quantum intelligence for advanced brain stroke prediction from medical imaging.,"Priyadharshini M, Murugesh V, Mahesh TR, Albalawi E, Saidani O, Algarni A",2025,Frontiers in medicine,10.3389/fmed.2025.1677234,Journal Article,https://pubmed.ncbi.nlm.nih.gov/41210857/
41210308,Quantum neural networks meet federated learning for DNA mutation prediction.,"Messinis S, Rallis I, Temenos N, Kalogeras D, Kastis GA, Doulamis N, Protonotarios NE",2025,Computational and structural biotechnology journal,10.1016/j.csbj.2025.09.036,Journal Article,https://pubmed.ncbi.nlm.nih.gov/41210308/
41203658,A MARL-federated blockchain-based quantum secure framework for trust management in industrial internet of things.,Alandjani G,2025 Nov 7,Scientific reports,10.1038/s41598-025-23055-2,Journal Article,https://pubmed.ncbi.nlm.nih.gov/41203658/
41188344,Variational quantum enhanced deep transfer learning for small underwater aqua species image classification.,"A S, S M",2025 Nov 4,Scientific reports,10.1038/s41598-025-22524-y,Journal Article,https://pubmed.ncbi.nlm.nih.gov/41188344/
41153401,Gene Mapping and Molecular Marker Development for Controlling Purple-Leaf Trait in Pakchoi (Brassica rapa subsp. chinensis (L.) Hanelt).,"Song B, Yang Q, Zhang W, Yang X, Zhang L, Ouyang L, He L, Chen L, Jing Z, Huang T, Xu H, Li Y, Yang Q",2025 Oct 12,Genes,10.3390/genes16101184,Journal Article,https://pubmed.ncbi.nlm.nih.gov/41153401/
41132802,Unlocking the Power of Inclusive Leadership: The Moderating Role of Climate for Inclusion on Job Satisfaction and Perceived Care Quality.,"Phillips SA, Dominguez DH, Vicci H",2025,Journal of healthcare leadership,10.2147/JHL.S534606,Journal Article,https://pubmed.ncbi.nlm.nih.gov/41132802/
41131093,Quantum-resilient and adaptive multi-region data aggregation for IoMT using zero-knowledge proofs and edge intelligence.,"Othman SB, Kumar G",2025 Oct 23,Scientific reports,10.1038/s41598-025-22457-6,Journal Article,https://pubmed.ncbi.nlm.nih.gov/41131093/
41117927,Q-MIND: enhancing ADHD diagnosis using quantum machine learning for advanced neuroimaging analysis.,"Jain B, Varshney A, Vithal M",2025 Oct 21,"Journal of neural transmission (Vienna, Austria : 1996)",10.1007/s00702-025-03035-6,Journal Article,https://pubmed.ncbi.nlm.nih.gov/41117927/
41102230,Secure edge-based IoMT framework for ICU monitoring with TinyML and post-quantum cryptography.,"Khan UH, Qamar A, Khan R, Alturise F, Alshaabani AR, Alkhalaf S",2025 Oct 16,Scientific reports,10.1038/s41598-025-20017-6,Journal Article,https://pubmed.ncbi.nlm.nih.gov/41102230/
41094811,SecureEdge-MedChain: A Post-Quantum Blockchain and Federated Learning Framework for Real-Time Predictive Diagnostics in IoMT.,"Ravisankar S, Maheswar R",2025 Sep 27,"Sensors (Basel, Switzerland)",10.3390/s25195988,Journal Article,https://pubmed.ncbi.nlm.nih.gov/41094811/
41091668,Dynamic changes to the plastoglobule lipidome and proteome in maize during heat stress and recovery.,"Devadasu E, Susanto FA, Schilmiller AL, Mahey M, Johnny C, Lundquist PK",2025 Oct 14,Journal of experimental botany,10.1093/jxb/eraf452,Journal Article,https://pubmed.ncbi.nlm.nih.gov/41091668/
41082907,Evaluation of symmetric dimethylarginine in cats using a point-of-care analyzer and commercial laboratory assay: limitations in chronic kidney disease staging.,"Stone KL, Halman C, Courtman N, Stone BM",2026 Jan 1,American journal of veterinary research,10.2460/ajvr.25.06.0194,Journal Article,https://pubmed.ncbi.nlm.nih.gov/41082907/
41072472,Three-dimensional computed tomography analysis to assess the need for segmental femoral osteotomy in small-breed dogs with medial patellar luxation.,"Nagahiro Y, Itou A, Kanno N, Harada Y, Hara Y",2026 Mar 1,Journal of the American Veterinary Medical Association,10.2460/javma.25.06.0360,Journal Article,https://pubmed.ncbi.nlm.nih.gov/41072472/
41050338,Quantum graph embedding of transcription factor-gene networks reveals key modules in periodontal bone inflammation: Comparative analysis of GAE and GAN.,Yadalam PK,2025 Nov-Dec,Journal of oral biology and craniofacial research,10.1016/j.jobcr.2025.09.015,Journal Article,https://pubmed.ncbi.nlm.nih.gov/41050338/
41041579,Q RadFusion: Hybrid Quantum Classical Radiogenomic Framework for Breast Cancer Diagnosis.,"C P, S SBK, S R, Chakrabarti P",2025 Sep 23,Research square,10.21203/rs.3.rs-7657076/v1,"Journal Article, Preprint",https://pubmed.ncbi.nlm.nih.gov/41041579/
41037811,Long COVID After Acquisition of the Omicron Variant of Severe Acute Respiratory Syndrome Coronavirus 2 (SARS-CoV-2) During Pregnancy Compared With Outside of Pregnancy.,"Metz TD, Reeder HT, Clifton RG, Flaherman V, Aragon LV, Baucom LC, Beamon CJ, Braverman A, Brown J, Carmilani M, Cao T, Chang A, Costantine MM, Dionne JA, Gibson KS, Gross RS, Guerreros E, Habli M, Hess R, Hillier L, Hodder S, Hoffman MC, Hoffman MK, Huang W, Hughes BL, Jia X, Kale M, Katz SD, Laleau V, Mendez-Figueroa H, McComsey GA, Ofotokun I, Okumura MJ, Pacheco LD, Palatnik A, Palomares KTS, Parry S, Pettker CM, Plunkett BA, Poppas A, Ramsey P, Reddy UM, Rouse DJ, Saade GR, Sandoval GJ, Sciurba F, Simhan HN, Skupski DW, Sowles A, Thorp JM Jr, Tita ATN, Wiegand S, Weiner SJ, Yee LM, Horwitz LI, Foulkes AS, Jacoby VL, NIH RECOVER (Researching COVID to Enhance Recovery) Consortium",2026 Mar 1,Obstetrics and gynecology,10.1097/AOG.0000000000006067,"Journal Article, Observational Study, Multicenter Study, Comparative Study",https://pubmed.ncbi.nlm.nih.gov/41037811/
41032690,Targeting the Mitochondrial Protease ClpP for Anticancer Therapy.,"Xu Z, Pokushalov D, Kabir M, Lee Y, Chattopadhyay M, Jenkins EC, Choo C, Kaniskan HÜ, Germain D, Jin J",2025 Oct 23,Journal of medicinal chemistry,10.1021/acs.jmedchem.5c01315,Journal Article,https://pubmed.ncbi.nlm.nih.gov/41032690/
40982572,CQ-CNN: A lightweight hybrid classical-quantum convolutional neural network for Alzheimer's disease detection using 3D structural brain MRI.,"Islam M, Hasan MJ, Mahdy MRC",2025,PloS one,10.1371/journal.pone.0331870,Journal Article,https://pubmed.ncbi.nlm.nih.gov/40982572/
40969213,"Protein quality control systems in neurodegeneration - culprits, mitigators, and solutions?","Ciechanover A, Livneh I",2025,Frontiers in neurology,10.3389/fneur.2025.1604076,"Journal Article, Review",https://pubmed.ncbi.nlm.nih.gov/40969213/
40943786,Quantum Cardiovascular Medicine: From Hype to Hope-A Critical Review of Real-World Applications.,"Tomala M, Kłaczyński M",2025 Aug 26,Journal of clinical medicine,10.3390/jcm14176029,"Journal Article, Review",https://pubmed.ncbi.nlm.nih.gov/40943786/
40932890,Federated quantum-inspired anomaly detection using collaborative neural clients.,"Godavarthi D, Rekapalli VCS, Mohanty S, Jaswanth JVSDV, Polisetty D, Dash BB, Moreira F",2025,Frontiers in artificial intelligence,10.3389/frai.2025.1648609,Journal Article,https://pubmed.ncbi.nlm.nih.gov/40932890/
40929349,Neural Quantum Embedding via Deterministic Quantum Computation with One Qubit.,"Liu H, Hur T, Zhang S, Che L, Long X, Wang X, Huang K, Fan YA, Zheng Y, Feng Y, Zhou Y, Ng J, Nie X, Park DK, Lu D",2025 Aug 22,Physical review letters,10.1103/y8wr-yml4,Journal Article,https://pubmed.ncbi.nlm.nih.gov/40929349/
40907599,Quantum intelligence in drug discovery: Advancing insights with quantum machine learning.,"Danishuddin, Haque MA, Kumar V, Khan SN, Kim JJ",2025 Oct,Drug discovery today,10.1016/j.drudis.2025.104463,"Journal Article, Review",https://pubmed.ncbi.nlm.nih.gov/40907599/
40890476,Failure of efficient cardiac proteostatic adaptations to chronic cAMP-stress is associated with accelerated heart aging.,"Perino MG, Calvo-Rubio Barrera M, Riordon DR, Agnetti G, Maltsev A, Parveen A, Morrell CH, Ahmet I, Chakir K, Tarasova YS, Qu JH, Tarasov KV, Lyashkov AE, Lukyanenko YO, Kadioglu H, Ranek M, De Cabo R, Lakatta EG",2025 Sep 1,GeroScience,10.1007/s11357-025-01851-y,Journal Article,https://pubmed.ncbi.nlm.nih.gov/40890476/
40877341,Hybrid quantum-classical-quantum convolutional neural networks.,"Long C, Huang M, Ye X, Futamura Y, Sakurai T",2025 Aug 28,Scientific reports,10.1038/s41598-025-13417-1,Journal Article,https://pubmed.ncbi.nlm.nih.gov/40877341/
40871015,Artificial Intelligence-Driven Strategies for Targeted Delivery and Enhanced Stability of RNA-Based Lipid Nanoparticle Cancer Vaccines.,"Bhujel R, Enkmann V, Burgstaller H, Maharjan R",2025 Jul 30,Pharmaceutics,10.3390/pharmaceutics17080992,"Journal Article, Review",https://pubmed.ncbi.nlm.nih.gov/40871015/
40866450,Quantum integration in swin transformer mitigates overfitting in breast cancer screening.,"Xie Z, Yang X, Zhang S, Yang J, Zhu Y, Zhang A, Sun H, Dai Q, Li L, Liu H, Ming W, Dou M",2025 Aug 27,Scientific reports,10.1038/s41598-025-17075-1,Journal Article,https://pubmed.ncbi.nlm.nih.gov/40866450/
40873222,"Quantum Computing in Drug Discovery Techniques, Challenges, and Emerging Opportunities.","Gomase VS, Ghatule AP, Sharma R, Dhamane SP",2025 Aug 25,Current drug discovery technologies,10.2174/0115701638371707250729040426,Journal Article,https://pubmed.ncbi.nlm.nih.gov/40873222/
40865268,KACQ-DCNN: Uncertainty-Aware Interpretable Kolmogorov-Arnold Classical-Quantum Dual-Channel Neural Network for Heart Disease Detection.,"Jahin MA, Masud MA, Mridha MF, Aung Z, Dey N",2025 Oct,Computers in biology and medicine,10.1016/j.compbiomed.2025.110976,Journal Article,https://pubmed.ncbi.nlm.nih.gov/40865268/
40857188,Q-BAFNet: A Hybrid Quantum Classical Approach for Drug-Target Binding Affinity Prediction.,"Choppara P, Lokesh B",2025 Nov-Dec,IEEE transactions on computational biology and bioinformatics,10.1109/TCBBIO.2025.3603103,Journal Article,https://pubmed.ncbi.nlm.nih.gov/40857188/
40850907,Usability and Feasibility of In-home Vibro-Tactile Stimulation for Treating Voice Symptoms in Laryngeal Dystonia.,"Amini S, Elangovan N, Özkul C, Konczak J",2025 Aug 23,Journal of voice : official journal of the Voice Foundation,10.1016/j.jvoice.2025.08.012,Journal Article,https://pubmed.ncbi.nlm.nih.gov/40850907/
40833122,Cellular protein quality control in viral myocarditis: molecular mechanisms and therapeutic implication.,"Mohamud Y, Lin JC, Hwang SW, Bahreyni A, Luo H",2025 Sep 25,Microbiology and molecular biology reviews : MMBR,10.1128/mmbr.00177-25,"Journal Article, Review",https://pubmed.ncbi.nlm.nih.gov/40833122/
40832053,Quantum Annealing for Enhanced Feature Selection in Single-Cell RNA Sequencing Data Analysis.,"Romero S, Gupta S, Gatlin V, Chapkin RS, Cai JJ",2025 Aug 15,ArXiv,,"Journal Article, Preprint",https://pubmed.ncbi.nlm.nih.gov/40832053/
40814693,Dynamic estimation of probability density using quantum neural network based on simple harmonic oscillator perturbed by an electric field.,"Sagar G, Parthasarathy H, Agarwal V",2025 Dec,Cognitive neurodynamics,10.1007/s11571-025-10311-4,Journal Article,https://pubmed.ncbi.nlm.nih.gov/40814693/
40775033,Quantum annealing feature selection on light-weight medical image datasets.,"Nau MA, Nutricati LA, Camino B, Warburton PA, Maier AK",2025 Aug 7,Scientific reports,10.1038/s41598-025-14611-x,Journal Article,https://pubmed.ncbi.nlm.nih.gov/40775033/
40768913,Alz-QNet: A quantum regression network for studying Alzheimer's gene interactions.,"Konar D, Sreekumar N, Jiang R, Aggarwal V",2025 Sep,Computers in biology and medicine,10.1016/j.compbiomed.2025.110837,Journal Article,https://pubmed.ncbi.nlm.nih.gov/40768913/
40768459,Quantum Federated Learning in Healthcare: The Shift from Development to Deployment and from Models to Data.,"Bhatia AS, Kais S, Alam MA",2025 Aug 6,IEEE journal of biomedical and health informatics,10.1109/JBHI.2025.3596156,Journal Article,https://pubmed.ncbi.nlm.nih.gov/40768459/
40764018,Robust Quantum Reservoir Learning for Molecular Property Prediction.,"Beaulieu D, Kornjača M, Krunic Z, Stivaktakis M, Chen J, Ehmer T, Wang ST, Pham A",2025 Aug 25,Journal of chemical information and modeling,10.1021/acs.jcim.5c00958,Journal Article,https://pubmed.ncbi.nlm.nih.gov/40764018/
40760074,A comparative analysis of classical machine learning models with quantum-inspired models for predicting world surface temperature.,"Pandey TN, Ravalekar V, Nair SD, Pradhan SK",2025 Aug 4,Scientific reports,10.1038/s41598-025-12515-4,Journal Article,https://pubmed.ncbi.nlm.nih.gov/40760074/
40753126,Reproducibility report: quantum machine learning methods in fundus analysis-a benchmark study.,"Eslami M, Raj GM, Hasan Z, Kazeminasab Hashemabad S, Sobrin L, Wang M, Zebardast N, Morley MG, Elze T",2025 Oct,"Eye (London, England)",10.1038/s41433-025-03916-w,Letter,https://pubmed.ncbi.nlm.nih.gov/40753126/
40749614,Erythropoietin controls surface expression of its receptor via endoplasmic reticulum translocation.,"Graniewitz Visacovsky L, Ben-Califa N, Neumann D, Stanhill A",2025 Sep 12,Biochemical and biophysical research communications,10.1016/j.bbrc.2025.152414,Journal Article,https://pubmed.ncbi.nlm.nih.gov/40749614/
40734647,Mitochondrial protein aggregates recruit key chaperones and are sequestered in a fission- and fusion-dependent process.,"Ruland L, Sylvester M, Maus L, Beckert H, Voos W",2025 Aug 15,Journal of cell science,10.1242/jcs.263680,Journal Article,https://pubmed.ncbi.nlm.nih.gov/40734647/
40729961,Reductive stress induces unresolved ER stress and proteotoxic cardiomyopathy.,"Sunny S, Radhakrishnan RK, Devarajan A, Masjoan Juncos JX, Bansal M, Ouyang X, Zhang J, Xie M, Litovsky SH, Trinity JD, Might M, Pogwizd SM, Kontaridis MI, Rajasekaran NS",2025 Oct,Redox biology,10.1016/j.redox.2025.103713,Journal Article,https://pubmed.ncbi.nlm.nih.gov/40729961/
40728576,Effects of Timing it Right Brain Tumor Support Program (TIRBTSP) on clinical outcome for patients diagnosed with sellar region tumors.,"Lu P, Raynald, Liu Y, Jing Q, Zhang Y",2025 Jul 29,Supportive care in cancer : official journal of the Multinational Association of Supportive Care in Cancer,10.1007/s00520-025-09780-4,Journal Article,https://pubmed.ncbi.nlm.nih.gov/40728576/
40724970,Circulating Tumour DNA Is a Biomarker of Response in Angioimmunoblastic T-Cell Lymphoma.,"Yannakou CK, Wu S, Rajah K, Abeyakoon C, Nguyen-Ngo C, Yap YZ, Sheldon J, Blombery P, Prince HM",2025 Jul 13,International journal of molecular sciences,10.3390/ijms26146719,Journal Article,https://pubmed.ncbi.nlm.nih.gov/40724970/
40724628,Binary and Multi-Class Classification of Colorectal Polyps Using CRP-ViT: A Comparative Study Between CNNs and QNNs.,"Selvaraj J, Almutairi F, Aslam SM, Umapathy S",2025 Jul 17,"Life (Basel, Switzerland)",10.3390/life15071124,Journal Article,https://pubmed.ncbi.nlm.nih.gov/40724628/
40721416,Harnessing infrared thermography and multi-convolutional neural networks for early breast cancer detection.,Attallah O,2025 Jul 28,Scientific reports,10.1038/s41598-025-09330-2,Journal Article,https://pubmed.ncbi.nlm.nih.gov/40721416/
40715162,QKDTI A quantum kernel based machine learning model for drug target interaction prediction.,"Pallavi G, Altalbe A, Kumar RP",2025 Jul 25,Scientific reports,10.1038/s41598-025-07303-z,Journal Article,https://pubmed.ncbi.nlm.nih.gov/40715162/
40699395,Quantum Oncology: The Applications of Quantum Computing in Cancer Research.,"Li J, Li L, Liu N, Xu F, Hu T, Yuan S",2025 Jul 23,Journal of medical systems,10.1007/s10916-025-02215-x,"Journal Article, Review",https://pubmed.ncbi.nlm.nih.gov/40699395/
40695896,Post-Quantum enhanced Ascon for secure vehicular IoT data integrity.,"A J B, P K, R K, R M",2025 Jul 22,Scientific reports,10.1038/s41598-025-10503-2,Journal Article,https://pubmed.ncbi.nlm.nih.gov/40695896/
40695887,A quantum machine learning framework for predicting drug sensitivity in multiple myeloma using proteomic data.,"Priyadharshini M, Raju BD, Banu AF, Kumar PJ, Murugesh V, Rybin O",2025 Jul 22,Scientific reports,10.1038/s41598-025-06544-2,Journal Article,https://pubmed.ncbi.nlm.nih.gov/40695887/
40681043,An integrated deep learning framework using adaptive enhanced vision fusion and modified mobilenet architecture for precision classification of skin diseases with enhanced diagnostic performance.,"Tariq AB, Sajid MZ, Khan NA, Hamid MF, UlHaq A, Amjad J",2025 Oct,SLAS technology,10.1016/j.slast.2025.100331,Journal Article,https://pubmed.ncbi.nlm.nih.gov/40681043/
40676161,Hybrid classical and quantum computing for enhanced glioma tumor classification using TCGA data.,"Akpinar E, Oduncuoglu M",2025 Jul 17,Scientific reports,10.1038/s41598-025-97067-3,Journal Article,https://pubmed.ncbi.nlm.nih.gov/40676161/
40674380,Use of hybrid quantum-classical algorithms for enhancing biomarker classification.,"Astuti A, Shih PK, Lee SC, Mekala VR, Wijaya EB, Ng KL",2025,PloS one,10.1371/journal.pone.0327928,Journal Article,https://pubmed.ncbi.nlm.nih.gov/40674380/
40652747,Unlocking clinical quantum oncology through quantum control.,"Matarèse BFE, Purushotham A",2025 Aug 26,"European journal of cancer (Oxford, England : 1990)",10.1016/j.ejca.2025.115632,Journal Article,https://pubmed.ncbi.nlm.nih.gov/40652747/
40646489,An integrated strategy based on radiomics and quantum machine learning: diagnosis and clinical interpretation of pulmonary ground-glass nodules.,"Huang X, Xu F, Zhu W, Yao L, He J, Su J, Zhao W, Hu H",2025 Jul 11,BMC medical imaging,10.1186/s12880-025-01813-y,Journal Article,https://pubmed.ncbi.nlm.nih.gov/40646489/
40637910,Perioperative symptom cluster characteristics and supportive care needs of sellar tumor patients: a cross-sectional study.,"Yeernuer N, Lu P, Mao L, Xu J, Wang Q, Zhao R",2025 Jul 10,Supportive care in cancer : official journal of the Multinational Association of Supportive Care in Cancer,10.1007/s00520-025-09696-z,"Journal Article, Observational Study",https://pubmed.ncbi.nlm.nih.gov/40637910/
40624138,Enhancing multiple object tracking accuracy via quantum annealing.,Ihara Y,2025 Jul 7,Scientific reports,10.1038/s41598-025-07492-7,Journal Article,https://pubmed.ncbi.nlm.nih.gov/40624138/
40608789,Relaxation-assisted reverse annealing on nonnegative/binary matrix factorization.,"Haba R, Ohzeki M, Tanaka K",2025,PloS one,10.1371/journal.pone.0323232,Journal Article,https://pubmed.ncbi.nlm.nih.gov/40608789/
40582221,Backdoor attacks against Hybrid Classical-Quantum Neural Networks.,"Guo J, Jiang W, Zhang R, Fan W, Li J, Lu G, Li H",2025 Nov,Neural networks : the official journal of the International Neural Network Society,10.1016/j.neunet.2025.107776,Journal Article,https://pubmed.ncbi.nlm.nih.gov/40582221/
40578403,Metal exposure in Brazilian children of waste pickers from the largest open garbage dump in Latin America: Use of deciduous teeth as biomarker.,"Dantas AM, Gomes EB, Gerlach RF, Martins AC, Zolnikov TR, Susuki AM, Bezerra ACB, Barbosa F Jr, Aschner M, Urbano MR, Paoliello MMB, Cruvinel VRN",2025 Jul-Aug,Neurotoxicology and teratology,10.1016/j.ntt.2025.107516,Journal Article,https://pubmed.ncbi.nlm.nih.gov/40578403/
40573706,Research on Time Constant Test of Thermocouples Based on QNN-PID Controller.,"Xu C, Hao X, Pei P, Wei T, Feng S",2025 Jun 19,"Sensors (Basel, Switzerland)",10.3390/s25123819,Journal Article,https://pubmed.ncbi.nlm.nih.gov/40573706/
40567645,Variational quantum classifier-based early identification and classification of chronic kidney disease using sparse autoencoder and LASSO shrinkage.,"Parthasarathi P, Alshahrani HM, Venkatachalam K, Cho J",2025,PeerJ. Computer science,10.7717/peerj-cs.2789,Journal Article,https://pubmed.ncbi.nlm.nih.gov/40567645/
40535694,Quantum dual-branch neural networks with transfer learning for early detection of skin cancer.,"Sun Y, Deng X, Shao H",2025,American journal of translational research,10.62347/WOHQ8174,Journal Article,https://pubmed.ncbi.nlm.nih.gov/40535694/
40534281,Exploring Chemical Space with Chemistry-Inspired Dynamic Quantum Circuits in the NISQ Era.,"Chen LY, Li TY, Li YP, Chen NY, You F",2025 Jul 8,Journal of chemical theory and computation,10.1021/acs.jctc.5c00305,Journal Article,https://pubmed.ncbi.nlm.nih.gov/40534281/
40526562,Quantum alternating operator ansatz for the preparation and detection of long-lived singlet states in NMR.,"Hullamballi P, Varma V, Mahesh TS",2025 Jun 21,The Journal of chemical physics,10.1063/5.0261878,Journal Article,https://pubmed.ncbi.nlm.nih.gov/40526562/
40496630,Quantum machine learning-based electrokinetic mining for the identification of nanoparticles and exosomes with minimal training data.,"Thakur A, Santos Bezerra PC, Abhishek, Zeng S, Zhang K, Treptow W, Luna A, Dougherty U, Kwesi A, Huang IR, Bestvina C, Garassino MC, Duan F, Gokhale Y, Duan B, Chen Y, Lian Q, Bissonnette M, Huang J, Chen HJ",2025 Sep,Bioactive materials,10.1016/j.bioactmat.2025.03.023,Journal Article,https://pubmed.ncbi.nlm.nih.gov/40496630/
40484540,Analytical quality control in targeted lipidomics: Evaluating the performance of commercial plasma as a surrogate for pooled study samples.,"Grant-St James A, Lee AC, Lee AJ, Wist J, Sohel F, Wong KW, Yeap BB, Loo RL, Henry A, Susic D, El-Omar E, Nicholson JK, Holmes E, Whiley L, Gray N",2025 Sep 1,Analytica chimica acta,10.1016/j.aca.2025.344225,Journal Article,https://pubmed.ncbi.nlm.nih.gov/40484540/
40479601,Quantum Machine Learning in Drug Discovery: Applications in Academia and Pharmaceutical Industries.,"Smaldone AM, Shee Y, Kyro GW, Xu C, Vu NP, Dutta R, Farag MH, Galda A, Kumar S, Kyoseva E, Batista VS",2025 Jun 25,Chemical reviews,10.1021/acs.chemrev.4c00678,"Journal Article, Review",https://pubmed.ncbi.nlm.nih.gov/40479601/
40458444,"Active protein quality control in quiescence: involvement of proteasomes, autophagy, and nucleus-vacuole junctions.","Pravica M, Franić D, Boban M",2025,Autophagy reports,10.1080/27694127.2025.2507266,Journal Article,https://pubmed.ncbi.nlm.nih.gov/40458444/
40410184,Seismic traveltime inversion with quantum annealing.,"Nguyen HA, Tura A",2025 May 23,Scientific reports,10.1038/s41598-025-01188-8,Journal Article,https://pubmed.ncbi.nlm.nih.gov/40410184/
40402717,An Interpretable Quantum Adjoint Convolutional Layer for Image Classification.,"Wang S, Wang M, Zhao RX, Liu L, Wang Y",2025 Aug,IEEE transactions on cybernetics,10.1109/TCYB.2025.3567090,Journal Article,https://pubmed.ncbi.nlm.nih.gov/40402717/
40389708,IoT driven smart health monitoring for heart disease prediction using quantum kernel enhanced sardine diffusion and CNN.,"Hembram DK, Tripathy SN, Reddy CHN, Dansana D, Naveed QN, Khan S, Kareemullah M, Emma AF",2025 May 19,Scientific reports,10.1038/s41598-025-99990-x,Journal Article,https://pubmed.ncbi.nlm.nih.gov/40389708/
40380709,Novel Tinnitus Diagnosis: Biology and Technology for Public Health Management.,"Ahmad F, Shabbir A, Alanazi SA, Shabbir M, Andrikopoulou E, Junaid K",2025 May 15,Studies in health technology and informatics,10.3233/SHTI250605,Journal Article,https://pubmed.ncbi.nlm.nih.gov/40380709/
40369521,"Dysregulated inflammation, oxidative stress, and protein quality control in diabetic HFpEF: unraveling mechanisms and therapeutic targets.","Delalat S, Sultana I, Osman H, Sieme M, Zhazykbayeva S, Herwig M, Budde H, Kovács Á, Kaçmaz M, Göztepe E, Borgmann N, Shahriari G, Sasko B, Wintrich J, Haldenwang P, Schmidt WE, Fenske W, Khan M, Jaquet K, Mügge A, Máthé D, Tóth VE, Varga ZV, Ferdinandy P, El-Battrawy I, van Heerebeek L, Hamdani N",2025 May 14,Cardiovascular diabetology,10.1186/s12933-025-02734-4,Journal Article,https://pubmed.ncbi.nlm.nih.gov/40369521/
40360967,Safety Evaluation of Contezolid (MRX-I) Versus Linezolid in Sprague-Dawley Rats.,"Wei L, Hong M, Lu M, Qian Y, Li Q, Tang N, Li H, Chang Y, Qiu Y",2025 Jun,Drugs in R&D,10.1007/s40268-025-00504-x,"Journal Article, Comparative Study",https://pubmed.ncbi.nlm.nih.gov/40360967/
40339526,Fuzzy quantum machine learning (FQML) logic for optimized disease prediction.,"Khushal R, Fatima DU",2025 Jun,Computers in biology and medicine,10.1016/j.compbiomed.2025.110315,Journal Article,https://pubmed.ncbi.nlm.nih.gov/40339526/
40335532,p97/VCP is required for piecemeal autophagy of aggresomes.,"Körner M, Müller P, Das H, Kraus F, Pfeuffer T, Spielhaupter S, Oeljeklaus S, Schülein-Völk C, Harper JW, Warscheid B, Buchberger A",2025 May 7,Nature communications,10.1038/s41467-025-59556-x,Journal Article,https://pubmed.ncbi.nlm.nih.gov/40335532/
40331033,Quantum machine learning: A comprehensive review of integrating AI with quantum computing for computational advancements.,"Devadas RM, T S",2025 Jun,MethodsX,10.1016/j.mex.2025.103318,"Journal Article, Review",https://pubmed.ncbi.nlm.nih.gov/40331033/
40316703,A systematic review of quantum machine learning for digital health.,"Gupta RS, Wood CE, Engstrom T, Pole JD, Shrapnel S",2025 May 2,NPJ digital medicine,10.1038/s41746-025-01597-z,Journal Article,https://pubmed.ncbi.nlm.nih.gov/40316703/
40306856,Proteostatic Imbalance Drives the Pathogenesis and Age-Related Exacerbation of Heart Failure With Preserved Ejection Fraction.,"Kobak KA, Zarzycka W, King CJ, Borowik AK, Peelor FF 3rd, Baehr LM, Leutert M, Rodriguez-Mias RA, Villén J, Bodine SC, Kinter MT, Miller BF, Chiao YA",2025 Apr,JACC. Basic to translational science,10.1016/j.jacbts.2024.11.006,Journal Article,https://pubmed.ncbi.nlm.nih.gov/40306856/
40286477,Amino acid sequence-based IDR classification using ensemble machine learning and quantum neural networks.,"Kang SJ, Shin H",2025 Oct,Computational biology and chemistry,10.1016/j.compbiolchem.2025.108480,Journal Article,https://pubmed.ncbi.nlm.nih.gov/40286477/
40281686,CAD-Skin: A Hybrid Convolutional Neural Network-Autoencoder Framework for Precise Detection and Classification of Skin Lesions and Cancer.,"Khan A, Sajid MZ, Khan NA, Youssef A, Abbas Q",2025 Mar 21,"Bioengineering (Basel, Switzerland)",10.3390/bioengineering12040326,Journal Article,https://pubmed.ncbi.nlm.nih.gov/40281686/
40267546,Prediction of newly synthesized heparin mimic's effects as heparanase inhibitor in cancer treatments via variational quantum neural networks.,"Kocabay S, Acar E, Memiş S, Taşkın Iİ, Sever MR, Şener R",2025 Oct,Computational biology and chemistry,10.1016/j.compbiolchem.2025.108476,Journal Article,https://pubmed.ncbi.nlm.nih.gov/40267546/
40224023,An improved quantum algorithm of the multislice method.,"Wang Y, Sun Y, Ding Z",2025 Apr 18,iScience,10.1016/j.isci.2025.112165,Journal Article,https://pubmed.ncbi.nlm.nih.gov/40224023/
40209302,Exploring quantum neural networks for binary classification on MNIST dataset: A swap test approach.,"Chen K, Liu J, Yan F",2025 Aug,Neural networks : the official journal of the International Neural Network Society,10.1016/j.neunet.2025.107442,Journal Article,https://pubmed.ncbi.nlm.nih.gov/40209302/
40203033,TMED9 coordinates the clearance of misfolded GPI-anchored proteins out of the ER and into the Golgi.,"Ronzier E, Satpute-Krishnan P",2025 Apr,PLoS biology,10.1371/journal.pbio.3003084,Journal Article,https://pubmed.ncbi.nlm.nih.gov/40203033/
40185909,A quantum inspired machine learning approach for multimodal Parkinson's disease screening.,"Vatsavai D, Iyer A, Nair AA",2025 Apr 4,Scientific reports,10.1038/s41598-025-95315-0,Journal Article,https://pubmed.ncbi.nlm.nih.gov/40185909/
40164206,State Initiatives to Improve Care for Infants With Prenatal Substance Exposure.,"Weikel BW, Hwang SS",2025 Apr 1,NeoReviews,10.1542/neo.26-4-008,"Journal Article, Review",https://pubmed.ncbi.nlm.nih.gov/40164206/
40138031,Extended endoscopic endonasal approach for solid or predominantly solid third ventricle craniopharyngiomas complicated with obstructive hydrocephalus: a single-center experience of 27 patients.,"Qiao N, Li C, Liu X, Song Y, Liang L, Zou Y, Lu P, Zhang Y, Gui S",2025 Mar 26,Neurosurgical review,10.1007/s10143-025-03486-1,Journal Article,https://pubmed.ncbi.nlm.nih.gov/40138031/
40126623,TQCPat: Tree Quantum Circuit Pattern-based Feature Engineering Model for Automated Arrhythmia Detection using PPG Signals.,"Gelen MA, Tuncer T, Baygin M, Dogan S, Barua PD, Tan RS, Acharya UR",2025 Mar 24,Journal of medical systems,10.1007/s10916-025-02169-0,Journal Article,https://pubmed.ncbi.nlm.nih.gov/40126623/
40118042,Targeting biomolecular condensates: The rise of engineered chaperones.,"Bushman Y, Mirikar DA, Truman AW",2025 Mar 20,Cell chemical biology,10.1016/j.chembiol.2025.02.005,Journal Article,https://pubmed.ncbi.nlm.nih.gov/40118042/
40114316,TBK1 is a signaling hub in coordinating stress-adaptive mechanisms in head and neck cancer progression.,"Kim HJ, Kim HJ, Kim SY, Roh J, Yun JH, Kim CH",2025 Aug,Autophagy,10.1080/15548627.2025.2481661,Journal Article,https://pubmed.ncbi.nlm.nih.gov/40114316/
40102846,Ubiquitin-specific protease: an emerging key player in cardiomyopathy.,"Li D, Ma Q",2025 Mar 18,Cell communication and signaling : CCS,10.1186/s12964-025-02123-0,"Journal Article, Review",https://pubmed.ncbi.nlm.nih.gov/40102846/
40011723,Hardware-efficient quantum error correction via concatenated bosonic qubits.,"Putterman H, Noh K, Hann CT, MacCabe GS, Aghaeimeibodi S, Patel RN, Lee M, Jones WM, Moradinejad H, Rodriguez R, Mahuli N, Rose J, Owens JC, Levine H, Rosenfeld E, Reinhold P, Moncelsi L, Alcid JA, Alidoust N, Arrangoiz-Arriola P, Barnett J, Bienias P, Carson HA, Chen C, Chen L, Chinkezian H, Chisholm EM, Chou MH, Clerk A, Clifford A, Cosmic R, Curiel AV, Davis E, DeLorenzo L, D'Ewart JM, Diky A, D'Souza N, Dumitrescu PT, Eisenmann S, Elkhouly E, Evenbly G, Fang MT, Fang Y, Fling MJ, Fon W, Garcia G, Gorshkov AV, Grant JA, Gray MJ, Grimberg S, Grimsmo AL, Haim A, Hand J, He Y, Hernandez M, Hover D, Hung JSC, Hunt M, Iverson J, Jarrige I, Jaskula JC, Jiang L, Kalaee M, Karabalin R, Karalekas PJ, Keller AJ, Khalajhedayati A, Kubica A, Lee H, Leroux C, Lieu S, Ly V, Madrigal KV, Marcaud G, McCabe G, Miles C, Milsted A, Minguzzi J, Mishra A, Mukherjee B, Naghiloo M, Oblepias E, Ortuno G, Pagdilao J, Pancotti N, Panduro A, Paquette JP, Park M, Peairs GA, Perello D, Peterson EC, Ponte S, Preskill J, Qiao J, Refael G, Resnick R, Retzker A, Reyna OA, Runyan M, Ryan CA, Sahmoud A, Sanchez E, Sanil R, Sankar K, Sato Y, Scaffidi T, Siavoshi S, Sivarajah P, Skogland T, Su CJ, Swenson LJ, Teo SM, Tomada A, Torlai G, Wollack EA, Ye Y, Zerrudo JA, Zhang K, Brandão FGSL, Matheny MH, Painter O",2025 Feb,Nature,10.1038/s41586-025-08642-7,Journal Article,https://pubmed.ncbi.nlm.nih.gov/40011723/
40006505,Quantum Variational vs. Quantum Kernel Machine Learning Models for Partial Discharge Classification in Dielectric Oils.,"Monzón-Verona JM, García-Alonso S, Santana-Martín FJ",2025 Feb 19,"Sensors (Basel, Switzerland)",10.3390/s25041277,Journal Article,https://pubmed.ncbi.nlm.nih.gov/40006505/
39981059,QuantumNet: An enhanced diabetic retinopathy detection model using classical deep learning-quantum transfer learning.,"Bali M, Mishra VP, Yenkikar A, Chikmurge D",2025 Jun,MethodsX,10.1016/j.mex.2025.103185,Journal Article,https://pubmed.ncbi.nlm.nih.gov/39981059/
39975637,"Empowering nanophotonic applications via artificial intelligence: pathways, progress, and prospects.","Chen W, Yang S, Yan Y, Gao Y, Zhu J, Dong Z",2025 Feb,"Nanophotonics (Berlin, Germany)",10.1515/nanoph-2024-0723,"Journal Article, Review",https://pubmed.ncbi.nlm.nih.gov/39975637/
39974996,TMED9 coordinates the clearance of misfolded GPI-anchored proteins out of the endoplasmic reticulum and into the Golgi.,"Ronzier E, Satpute-Krishnan P",2025 Feb 4,bioRxiv : the preprint server for biology,10.1101/2024.09.27.615420,"Journal Article, Preprint",https://pubmed.ncbi.nlm.nih.gov/39974996/
39960865,Integrating Machine Learning and Quantum Circuits for Proton Affinity Predictions.,"Jin H, Merz KM Jr",2025 Mar 11,Journal of chemical theory and computation,10.1021/acs.jctc.4c01609,Journal Article,https://pubmed.ncbi.nlm.nih.gov/39960865/
39922190,De novo designed Hsp70 activator dissolves intracellular condensates.,"Zhang JZ, Greenwood N, Hernandez J, Cuperus JT, Huang B, Ryder BD, Queitsch C, Gestwicki JE, Baker D",2025 Mar 20,Cell chemical biology,10.1016/j.chembiol.2025.01.006,Journal Article,https://pubmed.ncbi.nlm.nih.gov/39922190/
39892400,Comparison of 2 point-of-care analyzers and the Eurolyser assay with an IDEXX reference laboratory method for measurement of symmetric dimethylarginine in dogs.,"Halman C, Courtman N, Stone B",2025 Mar 1,American journal of veterinary research,10.2460/ajvr.24.07.0204,"Journal Article, Comparative Study",https://pubmed.ncbi.nlm.nih.gov/39892400/
39841822,The deubiquitinase USP5 prevents accumulation of protein aggregates in cardiomyocytes.,"Eibach Y, Kreher S, Poetsch MS, Kho AL, Gaertner U, Clemen CS, Schröder R, Guo K, Milting H, Meder B, Potente M, Richter M, Schneider A, Meiners S, Gautel M, Braun T",2025 Jan 24,Science advances,10.1126/sciadv.ado3852,Journal Article,https://pubmed.ncbi.nlm.nih.gov/39841822/
39837347,Protein Quality Control is a Master Modulator of Molecular Evolution in Bacteria.,"Diaz Arenas C, Alvarez M, Wilson RH, Shakhnovich EI, Ogbunugafor CB",2025 Feb 3,Genome biology and evolution,10.1093/gbe/evaf010,"Journal Article, Review",https://pubmed.ncbi.nlm.nih.gov/39837347/
39802986,Asian Pacific Society of Cardiology Position Statement on the Use of Transcatheter Aortic Valve Implantation in the Management of Aortic Stenosis.,"Yap J, Hayashida K, Lee MKY, Stub D, Hon JKF, Ho KW, Lo S, Seth A, Kim HS, Wongpraparut N, Nguyen QN, Dy TC, Chandavimol M, Ewe SH, Yin WH, Lee YT, Tay EL, Poon K, Chen M, Chui A, Lam SC, Rao RS, Izumo M, Nair R, Tang GH, Tabata M, Yahaya SA, Sin KY, Park DW, Wang J, Chieh JTW",2024 Dec,JACC. Asia,10.1016/j.jacasi.2024.10.001,Journal Article,https://pubmed.ncbi.nlm.nih.gov/39802986/
39790037,"Phenobarbital toxicosis in a pied butcherbird, Cracticus nigrogularis.","Hill AG, Stone BM, Pyne MJ",2025 Apr,Australian veterinary journal,10.1111/avj.13418,"Case Reports, Journal Article",https://pubmed.ncbi.nlm.nih.gov/39790037/
39748074,Quantum implementation of the classical guided image filtering algorithm.,"Mu J, Li X, Zhang X, Wang P",2025 Jan 2,Scientific reports,10.1038/s41598-024-84211-8,Journal Article,https://pubmed.ncbi.nlm.nih.gov/39748074/
39729136,Development and validation of a radiomics nomogram for preoperative prediction of BRAF(V600E) mutation status in adult patients with craniopharyngioma.,"Qiao N, Li C, Zheng F, Zhang L, Ma G, Jia Y, Cai K, Chen X, Lu P, Zhang Y, Gui S",2024 Dec 27,Neurosurgical review,10.1007/s10143-024-03170-w,"Journal Article, Validation Study",https://pubmed.ncbi.nlm.nih.gov/39729136/
39711229,Sigma Metrics misconceptions and limitations.,"Duan X, Theodorsson E, Guo W, Badrick T",2025 May 26,Clinical chemistry and laboratory medicine,10.1515/cclm-2024-1380,Journal Article,https://pubmed.ncbi.nlm.nih.gov/39711229/
39710507,Atypical presentation of disseminated mycobacteriosis due to Mycobacterium avium in an aged cat.,"Teh A, Robertson J, Donahoe SL, Crighton T, Boyd S, Malik R",2025 Mar,Australian veterinary journal,10.1111/avj.13410,"Case Reports, Journal Article",https://pubmed.ncbi.nlm.nih.gov/39710507/
39691515,Heteroaryl Glutarimides and Dihydrouracils as Cereblon Ligand Scaffolds for Molecular Glue Degrader Discovery.,"Zhou Y, Garrigues SL, Villemure E, Ishisoko N, Nguyen HQ, Hamidi NK, Vogt R, Wang Y, Blake RA, Rudolph J, Nilewski C",2024 Dec 12,ACS medicinal chemistry letters,10.1021/acsmedchemlett.4c00445,Journal Article,https://pubmed.ncbi.nlm.nih.gov/39691515/
39651239,Mitophagy Facilitates Cytosolic Proteostasis to Preserve Cardiac Function.,"Rawnsley DR, Islam M, Zhao C, Kargar Gaz Kooh Y, Mendoza A, Navid H, Kumari M, Guan X, Murphy JT, Nigro J, Kovacs A, Mani K, Huebsch N, Ma X, Diwan A",2024 Nov 26,bioRxiv : the preprint server for biology,10.1101/2024.11.24.624947,"Journal Article, Preprint",https://pubmed.ncbi.nlm.nih.gov/39651239/
39650428,Pre-trained quantum convolutional neural network for COVID-19 disease classification using computed tomography images.,"Asadoorian N, Yaraghi S, Tahmasian A",2024,PeerJ. Computer science,10.7717/peerj-cs.2343,Journal Article,https://pubmed.ncbi.nlm.nih.gov/39650428/
39633967,A framework for processing large-scale health data in medical higher-order correlation mining by quantum computing in smart healthcare.,"Mei P, Zhang F",2024,Frontiers in digital health,10.3389/fdgth.2024.1502745,Journal Article,https://pubmed.ncbi.nlm.nih.gov/39633967/
39625533,Development and validation of a nomogram for predicting cerebrospinal fluid leak after endoscopic craniopharyngioma resection.,"Qiao N, Li C, Liu F, Ru S, Cao L, Lu P, Zhang Y, Gui S",2024 Dec 3,Neurosurgical review,10.1007/s10143-024-03132-2,"Journal Article, Validation Study",https://pubmed.ncbi.nlm.nih.gov/39625533/
39617269,"Quiescent cells maintain active degradation-mediated protein quality control requiring proteasome, autophagy, and nucleus-vacuole junctions.","Franić D, Pravica M, Zubčić K, Miles S, Bedalov A, Boban M",2025 Jan,The Journal of biological chemistry,10.1016/j.jbc.2024.108045,"Journal Article, Research Support, Non-U.S. Gov't, Research Support, N.I.H., Extramural",https://pubmed.ncbi.nlm.nih.gov/39617269/
39584917,Quantum Computing in Medicine.,Chow JCL,2024 Nov 17,"Medical sciences (Basel, Switzerland)",10.3390/medsci12040067,"Journal Article, Review",https://pubmed.ncbi.nlm.nih.gov/39584917/
39532986,Quantum machine learning enhanced laser speckle analysis for precise speed prediction.,"Chen Y, Han W, Bin G, Wu S, Morgan SP, Sun S",2024 Nov 12,Scientific reports,10.1038/s41598-024-78884-4,Journal Article,https://pubmed.ncbi.nlm.nih.gov/39532986/
39473135,Testing for specific IgE to food allergen mixes - A rash decision.,"Chua M, Nguyen A, Campbell P, Langguth D, Pinzon-Charry A",2025 Jan,Journal of paediatrics and child health,10.1111/jpc.16713,"Case Reports, Journal Article",https://pubmed.ncbi.nlm.nih.gov/39473135/
39457090,The Role of BAG3 Protein Interactions in Cardiomyopathies.,"Qu HQ, Wang JF, Rosa-Campos A, Hakonarson H, Feldman AM",2024 Oct 21,International journal of molecular sciences,10.3390/ijms252011308,Journal Article,https://pubmed.ncbi.nlm.nih.gov/39457090/
39453810,Quantum Few-Shot Image Classification.,"Huang Z, Shi J, Li X",2025 Jan,IEEE transactions on cybernetics,10.1109/TCYB.2024.3476339,Journal Article,https://pubmed.ncbi.nlm.nih.gov/39453810/
39445384,Impact of Photon-counting Detector Computed Tomography on a Quantitative Interstitial Lung Disease Machine Learning Model.,"Koo CW, Huls SJ, Baffour F, McCollough CH, Yu L, Bartholmai BJ, Zhou Z",2025 May 1,Journal of thoracic imaging,10.1097/RTI.0000000000000807,Journal Article,https://pubmed.ncbi.nlm.nih.gov/39445384/
39435828,A circuit-generated quantum subspace algorithm for the variational quantum eigensolver.,"Hirsbrunner MR, Mullinax JW, Shen Y, Williams-Young DB, Klymko K, Van Beeumen R, Tubman NM",2024 Oct 28,The Journal of chemical physics,10.1063/5.0224883,Journal Article,https://pubmed.ncbi.nlm.nih.gov/39435828/
39433779,Quantum classical hybrid convolutional neural networks for breast cancer diagnosis.,"Xiang Q, Li D, Hu Z, Yuan Y, Sun Y, Zhu Y, Fu Y, Jiang Y, Hua X",2024 Oct 21,Scientific reports,10.1038/s41598-024-74778-7,Journal Article,https://pubmed.ncbi.nlm.nih.gov/39433779/
39395900,Variational Approaches for Drug-Disease-Gene Links in Periodontal Inflammation.,"Yadalam PK, Natarajan PM, Saeed MH, Ardila CM",2025 Feb,International dental journal,10.1016/j.identj.2024.09.025,Journal Article,https://pubmed.ncbi.nlm.nih.gov/39395900/
39385845,"Quality control of cardiac magnetic resonance imaging segmentation, feature tracking, aortic flow, and native T1 analysis using automated batch processing in the UK Biobank study.","Chadalavada S, Rauseo E, Salih A, Naderi H, Khanji M, Vargas JD, Lee AM, Amir-Kalili A, Lockhart L, Graham B, Chirvasa M, Fung K, Paiva J, Sanghvi MM, Slabaugh GG, Jensen MT, Aung N, Petersen SE",2024 Jul,European heart journal. Imaging methods and practice,10.1093/ehjimp/qyae094,Journal Article,https://pubmed.ncbi.nlm.nih.gov/39385845/
39317621,How can quantum computing be applied in clinical trial design and optimization?,"Doga H, Bose A, Sahin ME, Bettencourt-Silva J, Pham A, Kim E, Andress A, Saxena S, Parida L, Robertus JL, Kawaguchi H, Soliman R, Blankenberg D",2024 Oct,Trends in pharmacological sciences,10.1016/j.tips.2024.08.005,"Journal Article, Review",https://pubmed.ncbi.nlm.nih.gov/39317621/
39272696,RA-XTNet: A Novel CNN Model to Predict Rheumatoid Arthritis from Hand Radiographs and Thermal Images: A Comparison with CNN Transformer and Quantum Computing.,"Kesavapillai AR, Aslam SM, Umapathy S, Almutairi F",2024 Aug 30,"Diagnostics (Basel, Switzerland)",10.3390/diagnostics14171911,Journal Article,https://pubmed.ncbi.nlm.nih.gov/39272696/
39250367,Q-Seg: Quantum Annealing-Based Unsupervised Image Segmentation.,"Venkatesh SM, Macaluso A, Nuske M, Klusch M, Dengel A",2024 Sep-Oct,IEEE computer graphics and applications,10.1109/MCG.2024.3455012,Journal Article,https://pubmed.ncbi.nlm.nih.gov/39250367/
39202100,Breast Cancer Detection with Quanvolutional Neural Networks.,"Matondo-Mvula N, Elleithy K",2024 Jul 26,"Entropy (Basel, Switzerland)",10.3390/e26080630,Journal Article,https://pubmed.ncbi.nlm.nih.gov/39202100/
39187554,Investigating the relationship between CSAT scores and prefrontal fNIRS signals during cognitive tasks using a quantum annealing algorithm.,"Kim Y, Choi J, Kim B, Park Y, Cha J, Choi J, Han S",2024 Aug 26,Scientific reports,10.1038/s41598-024-70394-7,Journal Article,https://pubmed.ncbi.nlm.nih.gov/39187554/
39177127,Classification of Pneumonia via a Hybrid ZFNet-Quantum Neural Network Using a Chest X-ray Dataset.,"Shahwar T, Mallek F, Rehman AU, Sadiq MT, Hamam H",2024,Current medical imaging,10.2174/0115734056317489240808094924,Journal Article,https://pubmed.ncbi.nlm.nih.gov/39177127/
39129997,ECG and Atrial Appendage Doppler Discordance Is Common in Patients Undergoing Cardiac Surgery: Prospective Study.,"Nachshon A, Cai Q, Matos JD, Mahmood F, Lerner AB, Mitchell JD, Mueller A, Manning WJ",2024 Jul,JACC. Advances,10.1016/j.jacadv.2024.100977,Journal Article,https://pubmed.ncbi.nlm.nih.gov/39129997/
39122811,A hybrid quantum-classical classification model based on branching multi-scale entanglement renormalization ansatz.,"Hou YY, Li J, Xu T, Liu XY",2024 Aug 9,Scientific reports,10.1038/s41598-024-69384-6,Journal Article,https://pubmed.ncbi.nlm.nih.gov/39122811/
39099075,"Diagnosis, management and follow-up of follicular lymphoma: a consensus practice statement from the Australasian Lymphoma Alliance.","Tobin JWD, Hapgood G, Johnston A, Cheah CY, Lee ST, Trotman J, Inam S, Campbell BA, Norris D, MacManus M, Hertzberg M, Hawkes E",2024 Aug,Internal medicine journal,10.1111/imj.16454,"Journal Article, Review, Consensus Statement",https://pubmed.ncbi.nlm.nih.gov/39099075/
39073933,Bell Sampling from Quantum Circuits.,"Hangleiter D, Gullans MJ",2024 Jul 12,Physical review letters,10.1103/PhysRevLett.133.020601,Journal Article,https://pubmed.ncbi.nlm.nih.gov/39073933/
39073856,Quantum Molecular Docking with a Quantum-Inspired Algorithm.,"Li Y, Cui X, Xiong Z, Liu B, Wang BY, Shu R, Qiao N, Yung MH",2024 Aug 13,Journal of chemical theory and computation,10.1021/acs.jctc.4c00141,Journal Article,https://pubmed.ncbi.nlm.nih.gov/39073856/
39052145,The Role of Protein Quantity Control in Polyglutamine Spinocerebellar Ataxias.,"Zhang H, Wang X",2024 Dec,"Cerebellum (London, England)",10.1007/s12311-024-01722-w,"Journal Article, Review",https://pubmed.ncbi.nlm.nih.gov/39052145/
39013438,Near-Term Quantum Classification Algorithms Applied to Antimalarial Drug Discovery.,"Dorsey MA, Dsouza K, Ranganath D, Harris JS, Lane TR, Urbina F, Ekins S",2024 Aug 12,Journal of chemical information and modeling,10.1021/acs.jcim.4c00953,Journal Article,https://pubmed.ncbi.nlm.nih.gov/39013438/
38997172,Glycation in the cardiomyocyte.,"Delligatti CE, Kirk JA",2024,Vitamins and hormones,10.1016/bs.vh.2024.04.005,"Journal Article, Review",https://pubmed.ncbi.nlm.nih.gov/38997172/
38991216,Post-Acute Sequelae of Severe Acute Respiratory Syndrome Coronavirus 2 (SARS-CoV-2) After Infection During Pregnancy.,"Metz TD, Reeder HT, Clifton RG, Flaherman V, Aragon LV, Baucom LC, Beamon CJ, Braverman A, Brown J, Cao T, Chang A, Costantine MM, Dionne JA, Gibson KS, Gross RS, Guerreros E, Habli M, Hadlock J, Han J, Hess R, Hillier L, Hoffman MC, Hoffman MK, Hughes BL, Jia X, Kale M, Katz SD, Laleau V, Mallett G, Mehari A, Mendez-Figueroa H, McComsey GA, Monteiro J, Monzon V, Okumura MJ, Pant D, Pacheco LD, Palatnik A, Palomares KTS, Parry S, Pettker CM, Plunkett BA, Poppas A, Ramsey P, Reddy UM, Rouse DJ, Saade GR, Sandoval GJ, Sciurba F, Simhan HN, Skupski DW, Sowles A, Thorp JM Jr, Tita ATN, Wiegand S, Weiner SJ, Yee LM, Horwitz LI, Foulkes AS, Jacoby V, NIH Researching COVID to Enhance Recovery (RECOVER) Consortium*",2024 Sep 1,Obstetrics and gynecology,10.1097/AOG.0000000000005670,"Journal Article, Multicenter Study",https://pubmed.ncbi.nlm.nih.gov/38991216/
38983212,Symbolic model checking quantum circuits in Maude.,"Minh Do C, Ogata K",2024,PeerJ. Computer science,10.7717/peerj-cs.2098,Journal Article,https://pubmed.ncbi.nlm.nih.gov/38983212/
38980537,Identification of Alternatively Spliced Novel Isoforms of Human HSPB8 Gene.,"Rashid N, Juneja P, Rathi A, Sultan I, Rehman SU",2024 Aug,The protein journal,10.1007/s10930-024-10215-y,Journal Article,https://pubmed.ncbi.nlm.nih.gov/38980537/
38966533,Enhanced cardiovascular disease prediction through self-improved Aquila optimized feature selection in quantum neural network & LSTM model.,"Darolia A, Chhillar RS, Alhussein M, Dalal S, Aurangzeb K, Lilhore UK",2024,Frontiers in medicine,10.3389/fmed.2024.1414637,Journal Article,https://pubmed.ncbi.nlm.nih.gov/38966533/
38951673,Quantum machine learning in ophthalmology.,"Masalkhi M, Ong J, Waisberg E, Lee AG",2024 Oct,"Eye (London, England)",10.1038/s41433-024-03213-y,Journal Article,https://pubmed.ncbi.nlm.nih.gov/38951673/
38945729,UPS-dependent strategies of protein quality control degradation.,"Müller L, Hoppe T",2024 Oct,Trends in biochemical sciences,10.1016/j.tibs.2024.06.006,"Journal Article, Review, Research Support, Non-U.S. Gov't",https://pubmed.ncbi.nlm.nih.gov/38945729/
38934288,A primer for quantum computing and its applications to healthcare and biomedical research.,"Durant TJS, Knight E, Nelson B, Dudgeon S, Lee SJ, Walliman D, Young HP, Ohno-Machado L, Schulz WL",2024 Aug 1,Journal of the American Medical Informatics Association : JAMIA,10.1093/jamia/ocae149,Journal Article,https://pubmed.ncbi.nlm.nih.gov/38934288/
38916778,Efficient molecular conformation generation with quantum-inspired algorithm.,"Li Y, Cui X, Xiong Z, Zou Z, Liu B, Wang BY, Shu R, Zhu H, Qiao N, Yung MH",2024 Jun 25,Journal of molecular modeling,10.1007/s00894-024-05962-9,Journal Article,https://pubmed.ncbi.nlm.nih.gov/38916778/
38902368,Deep Ensemble learning and quantum machine learning approach for Alzheimer's disease detection.,"Jenber Belay A, Walle YM, Haile MB",2024 Jun 20,Scientific reports,10.1038/s41598-024-61452-1,Journal Article,https://pubmed.ncbi.nlm.nih.gov/38902368/
38879604,Development of optimization method for truss structure by quantum annealing.,"Honda R, Endo K, Kaji T, Suzuki Y, Matsuda Y, Tanaka S, Muramatsu M",2024 Jun 16,Scientific reports,10.1038/s41598-024-64588-2,Journal Article,https://pubmed.ncbi.nlm.nih.gov/38879604/
38870161,Novel real number representations in Ising machines and performance evaluation: Combinatorial random number sum and constant division.,"Endo K, Matsuda Y, Tanaka S, Muramatsu M",2024,PloS one,10.1371/journal.pone.0304594,Journal Article,https://pubmed.ncbi.nlm.nih.gov/38870161/
38862055,Quantum synergy in peptide folding: A comparative study of CVaR-variational quantum eigensolver and molecular dynamics simulation.,"Uttarkar A, Niranjan V",2024 Jul,International journal of biological macromolecules,10.1016/j.ijbiomac.2024.133033,"Journal Article, Comparative Study",https://pubmed.ncbi.nlm.nih.gov/38862055/
38795375,Size-consistency and orbital-invariance issues revealed by VQE-UCCSD calculations with the FMO scheme.,"Sugisaki K, Nakano T, Mochizuki Y",2024 Oct 5,Journal of computational chemistry,10.1002/jcc.27438,Journal Article,https://pubmed.ncbi.nlm.nih.gov/38795375/
38795030,Quantum-to-Classical Neural Network Transfer Learning Applied to Drug Toxicity Prediction.,"Smaldone AM, Batista VS",2024 Jun 11,Journal of chemical theory and computation,10.1021/acs.jctc.4c00432,Journal Article,https://pubmed.ncbi.nlm.nih.gov/38795030/
38785647,QUBO Problem Formulation of Fragment-Based Protein-Ligand Flexible Docking.,"Yanagisawa K, Fujie T, Takabatake K, Akiyama Y",2024 Apr 30,"Entropy (Basel, Switzerland)",10.3390/e26050397,Journal Article,https://pubmed.ncbi.nlm.nih.gov/38785647/
38783093,Endoscopy-assisted dacryocystorhinostomy in a dog.,"Thompson J, Delisser PJ, Sullivan L, Liddle V",2025 Jan,Veterinary ophthalmology,10.1111/vop.13232,"Case Reports, Journal Article",https://pubmed.ncbi.nlm.nih.gov/38783093/
38743592,Destabilization and Degradation of a Disease-Linked PGM1 Protein Variant.,"Gouliaev F, Jonsson N, Gersing S, Lisby M, Lindorff-Larsen K, Hartmann-Petersen R",2024 Jun 4,Biochemistry,10.1021/acs.biochem.4c00042,"Journal Article, Research Support, Non-U.S. Gov't",https://pubmed.ncbi.nlm.nih.gov/38743592/
38691218,Cognitive diagnostic assessment: A Q-matrix constraint-based neural network method.,"Tao J, Zhao W, Zhang Y, Guo Q, Min B, Xu X, Liu F",2024 Oct,Behavior research methods,10.3758/s13428-024-02404-5,"Journal Article, Research Support, Non-U.S. Gov't",https://pubmed.ncbi.nlm.nih.gov/38691218/
38680570,Estimation of Electrostatic Interaction Energies on a Trapped-Ion Quantum Computer.,"Ollitrault PJ, Loipersberger M, Parrish RM, Erhard A, Maier C, Sommer C, Ulmanis J, Monz T, Gogolin C, Tautermann CS, Anselmetti GR, Degroote M, Moll N, Santagati R, Streif M",2024 Apr 24,ACS central science,10.1021/acscentsci.4c00058,Journal Article,https://pubmed.ncbi.nlm.nih.gov/38680570/
38672050,Predicting Brain Age and Gender from Brain Volume Data Using Variational Quantum Circuits.,"Jeon YJ, Park SE, Baek HM",2024 Apr 19,Brain sciences,10.3390/brainsci14040401,Journal Article,https://pubmed.ncbi.nlm.nih.gov/38672050/
38653559,Diagnosis and management of Cryptococcus neoformans var. grubii detected in an oral mass in a pink-tongued skink (Cyclodomorphus gerarrdii).,"Llinas J, Rozmanec M, Hyndman TH",2024 Aug,Australian veterinary journal,10.1111/avj.13337,"Case Reports, Journal Article",https://pubmed.ncbi.nlm.nih.gov/38653559/
38642824,Advances in nuclear proteostasis of metazoans.,"Buggiani J, Meinnel T, Giglione C, Frottin F",2024 Nov,Biochimie,10.1016/j.biochi.2024.04.006,"Journal Article, Review",https://pubmed.ncbi.nlm.nih.gov/38642824/
38638565,A quantum synthetic aperture radar image denoising algorithm based on grayscale morphology.,"Wang L, Liu Y, Meng F, Luan T, Liu W, Zhang Z, Yu X",2024 May 17,iScience,10.1016/j.isci.2024.109627,Journal Article,https://pubmed.ncbi.nlm.nih.gov/38638565/
38614089,Haplotype-resolved assembly of diploid and polyploid genomes using quantum computing.,"Chen Y, Huang JH, Sun Y, Zhang Y, Li Y, Xu X",2024 May 20,Cell reports methods,10.1016/j.crmeth.2024.100754,Journal Article,https://pubmed.ncbi.nlm.nih.gov/38614089/
38477372,Widespread nuclear lamina injuries defeat proteostatic purposes of α-synuclein amyloid inclusions.,"Mansuri S, Jain A, Singh R, Rawat S, Mondal D, Raychaudhuri S",2024 Apr 1,Journal of cell science,10.1242/jcs.261935,"Journal Article, Research Support, Non-U.S. Gov't",https://pubmed.ncbi.nlm.nih.gov/38477372/
38473030,Hybrid Quantum Image Classification and Federated Learning for Hepatic Steatosis Diagnosis.,"Lusnig L, Sagingalieva A, Surmach M, Protasevich T, Michiu O, McLoughlin J, Mansell C, De' Petris G, Bonazza D, Zanconati F, Melnikov A, Cavalli F",2024 Mar 6,"Diagnostics (Basel, Switzerland)",10.3390/diagnostics14050558,Journal Article,https://pubmed.ncbi.nlm.nih.gov/38473030/
38470601,Quantized Magnetic Domain Wall Synapse for Efficient Deep Neural Networks.,"Dhull S, Misba WA, Nisar A, Atulasimha J, Kaushik BK",2025 Mar,IEEE transactions on neural networks and learning systems,10.1109/TNNLS.2024.3369969,Journal Article,https://pubmed.ncbi.nlm.nih.gov/38470601/
38469241,A single-institution experience with (177)Lu RPT workflow improvements and qualifying the SPECT/CT imaging for dosimetry.,"George SC, Tolakanahalli R, Aguirre S, Kim TP, Samuel EJJ, Mishra V",2024,Frontiers in oncology,10.3389/fonc.2024.1331266,Journal Article,https://pubmed.ncbi.nlm.nih.gov/38469241/
38441727,Quantum Machine-Based Decision Support System for the Detection of Schizophrenia from EEG Records.,"Aksoy G, Cattan G, Chakraborty S, Karabatak M",2024 Mar 5,Journal of medical systems,10.1007/s10916-024-02048-0,Journal Article,https://pubmed.ncbi.nlm.nih.gov/38441727/
38422160,Sequestrase chaperones protect against oxidative stress-induced protein aggregation and [PSI+] prion formation.,"Carter Z, Creamer D, Kouvidi A, Grant CM",2024 Feb,PLoS genetics,10.1371/journal.pgen.1011194,Journal Article,https://pubmed.ncbi.nlm.nih.gov/38422160/
38409850,Genomic analysis of primary epithelial neoplasms of the seminal vesicle identifies a subset of mucinous cystic tumours driven by KRAS mutations.,"Collins K, Galea LA, Foroughi F, Siegmund SE, Anderson WJ, Appu S, Idrees MT, Ulbright TM, Acosta AM",2024 Jun,Histopathology,10.1111/his.15167,Journal Article,https://pubmed.ncbi.nlm.nih.gov/38409850/
38393679,"Binding site prediction between lysozyme and glucose-regulated protein 78, a hope to fight amyloidosis.","Elgharib AM, Elshemey WM, Elfiky AA",2025 Nov,Journal of biomolecular structure & dynamics,10.1080/07391102.2024.2321238,Journal Article,https://pubmed.ncbi.nlm.nih.gov/38393679/
38376480,N-recognins UBR1 and UBR2 as central ER stress sensors in mammals.,"Le LTHL, Park S, Lee JH, Kim YK, Lee MJ",2024 Jan,Molecules and cells,10.1016/j.mocell.2023.12.001,Journal Article,https://pubmed.ncbi.nlm.nih.gov/38376480/
38336173,Cardiovascular disease and maternal mortality: perceptions in a Midwest birthing population.,"Florio KL, Johnson TN, Williams EM, Ramaeker D, Gosch K, Otto A, Ahluwalia A, Schmidt L, Williams A, Lewis E, Chrans M, Rideout R, Spertus JA, Kendig S, Missouri Perinatal Quality Collaborative – Learning and Action Network (MO PQC/LAN) of the Missouri Hospital Association",2024 Apr,American journal of obstetrics & gynecology MFM,10.1016/j.ajogmf.2024.101296,"Journal Article, Research Support, Non-U.S. Gov't",https://pubmed.ncbi.nlm.nih.gov/38336173/
38252994,Quantum annealing-based computed tomography using variational approach for a real-number image reconstruction.,Haga A,2024 Feb 8,Physics in medicine and biology,10.1088/1361-6560/ad2155,Journal Article,https://pubmed.ncbi.nlm.nih.gov/38252994/
38242678,Randomness-Enhanced Expressivity of Quantum Neural Networks.,"Wu Y, Yao J, Zhang P, Li X",2024 Jan 5,Physical review letters,10.1103/PhysRevLett.132.010602,Journal Article,https://pubmed.ncbi.nlm.nih.gov/38242678/
38213940,A Quantum-Enhanced Precision Medicine Application to Support Data-Driven Clinical Decisions for the Personalized Treatment of Advanced Knee Osteoarthritis: The Development and Preliminary Validation of precisionKNEE_QNN.,"Heidari N, Olgiati S, Meloni D, Slevin M, Noorani A, Pirovano F, Azamfirei L",2024 Jan,Cureus,10.7759/cureus.52093,Journal Article,https://pubmed.ncbi.nlm.nih.gov/38213940/
38178154,Development and validation of the provider assessed quality of consultations with language interpretation scale (PQC-LI).,"Müller F, Ngo J, Arnetz JE, Holman HT",2024 Jan 4,BMC research notes,10.1186/s13104-023-06675-7,Journal Article,https://pubmed.ncbi.nlm.nih.gov/38178154/
38117169,Exploring the Association between Hemochromatosis and Lower-Limb Venous Disease.,"Parker CN, Finlayson KJ, Hall EJ, Pitman N, Chu WK, Wallace DF",2024 Jan 1,Advances in skin & wound care,10.1097/ASW.0000000000000080,"Systematic Review, Journal Article",https://pubmed.ncbi.nlm.nih.gov/38117169/
38105500,Oncological Applications of Quantum Machine Learning.,"Rahimi M, Asadi F",2023 Jan-Dec,Technology in cancer research & treatment,10.1177/15330338231215214,"Journal Article, Review",https://pubmed.ncbi.nlm.nih.gov/38105500/
38049026,Neuroprotective role of vitamin B12 in streptozotocin-induced type 1 diabetic rats.,"Suryavanshi U, Angadi KK, Reddy VS, Reddy GB",2024 Jan 5,Chemico-biological interactions,10.1016/j.cbi.2023.110823,Journal Article,https://pubmed.ncbi.nlm.nih.gov/38049026/
38005488,Physical Exertion Recognition Using Surface Electromyography and Inertial Measurements for Occupational Ergonomics.,"Concha-Pérez E, Gonzalez-Hernandez HG, Reyes-Avendaño JA",2023 Nov 10,"Sensors (Basel, Switzerland)",10.3390/s23229100,Journal Article,https://pubmed.ncbi.nlm.nih.gov/38005488/
37998195,Generalized Quantum Convolution for Multidimensional Data.,"Jeng M, Nobel A, Jha V, Levy D, Kneidel D, Chaudhary M, Islam I, Rahman MM, El-Araby E",2023 Oct 31,"Entropy (Basel, Switzerland)",10.3390/e25111503,Journal Article,https://pubmed.ncbi.nlm.nih.gov/37998195/
37975186,Cutaneous lesions and clinical outcomes in five cats after frunevetmab injections.,"Storrer A, Mackie JT, Gunew MN, Aslan J",2023 Nov,Journal of feline medicine and surgery,10.1177/1098612X231198416,Journal Article,https://pubmed.ncbi.nlm.nih.gov/37975186/
37972650,Sensitivity and specificity of a syphilis rapid diagnostic test in blood donors' samples.,"Arai C, Lemos-Machado JA, Aun MV, Bonet-Bub C, Santos LD, Miranda AE, Avelino-Silva VI",2023 Nov-Dec,The Brazilian journal of infectious diseases : an official publication of the Brazilian Society of Infectious Diseases,10.1016/j.bjid.2023.103689,Journal Article,https://pubmed.ncbi.nlm.nih.gov/37972650/
37967794,Lanosterol elevates cytoprotective response through induced-proteasomal degradation of aberrant proteins.,"Kinger S, Jagtap YA, Dubey AR, Kumar P, Choudhary A, Dhiman R, Prajapati VK, Chitkara D, Poluri KM, Mishra A",2024 Feb,Biochimica et biophysica acta. Molecular cell research,10.1016/j.bbamcr.2023.119631,"Journal Article, Research Support, Non-U.S. Gov't",https://pubmed.ncbi.nlm.nih.gov/37967794/
37945173,The Hsp70 and JDP proteins: Structure-function perspective on molecular chaperone activity.,"Ciesielski SJ, Young C, Ciesielska EJ, Ciesielski GL",2023,The Enzymes,10.1016/bs.enz.2023.07.008,"Review, Journal Article",https://pubmed.ncbi.nlm.nih.gov/37945173/
37902886,Exercise training decreases the load and changes the content of circulating SDS-resistant protein aggregates in patients with heart failure with reduced ejection fraction.,"Gouveia M, Schmidt C, Basilio PG, Aveiro SS, Domingues P, Xia K, Colón W, Vitorino R, Ferreira R, Santos M, Vieira SI, Ribeiro F",2024 Oct,Molecular and cellular biochemistry,10.1007/s11010-023-04884-z,Journal Article,https://pubmed.ncbi.nlm.nih.gov/37902886/
37888328,Exploring the Limitations of Hybrid Adiabatic Quantum Computing for Emission Tomography Reconstruction.,"Nau MA, Vija AH, Gohn W, Reymann MP, Maier AK",2023 Oct 11,Journal of imaging,10.3390/jimaging9100221,Journal Article,https://pubmed.ncbi.nlm.nih.gov/37888328/
37874950,Quantum annealing-based clustering of single cell RNA-seq data.,"Kubacki M, Niranjan M",2023 Sep 22,Briefings in bioinformatics,10.1093/bib/bbad377,"Journal Article, Research Support, Non-U.S. Gov't",https://pubmed.ncbi.nlm.nih.gov/37874950/
37868739,The Incidence of Infection Complicating Snakebites in Tropical Australia: Implications for Clinical Management and Antimicrobial Prophylaxis.,"Smith LK, Vardanega J, Smith S, White J, Little M, Hanson J",2023,Journal of tropical medicine,10.1155/2023/5812766,Journal Article,https://pubmed.ncbi.nlm.nih.gov/37868739/
37864075,Binding affinity predictions with hybrid quantum-classical convolutional neural networks.,"Domingo L, Djukic M, Johnson C, Borondo F",2023 Oct 20,Scientific reports,10.1038/s41598-023-45269-y,Journal Article,https://pubmed.ncbi.nlm.nih.gov/37864075/
37831692,Gastrointestinal tract disorders classification using ensemble of InceptionNet and proposed GITNet based deep feature with ant colony optimization.,"Ramzan M, Raza M, Sharif MI, Azam F, Kim J, Kadry S",2023,PloS one,10.1371/journal.pone.0292601,Journal Article,https://pubmed.ncbi.nlm.nih.gov/37831692/
37806140,EQNAS: Evolutionary Quantum Neural Architecture Search for Image Classification.,"Li Y, Liu R, Hao X, Shang R, Zhao P, Jiao L",2023 Nov,Neural networks : the official journal of the International Neural Network Society,10.1016/j.neunet.2023.09.040,Journal Article,https://pubmed.ncbi.nlm.nih.gov/37806140/
37783730,Nonnegative/Binary matrix factorization for image classification using quantum annealing.,"Asaoka H, Kudo K",2023 Oct 2,Scientific reports,10.1038/s41598-023-43729-z,Journal Article,https://pubmed.ncbi.nlm.nih.gov/37783730/
37781598,De novo designed Hsp70 activator dissolves intracellular condensates.,"Zhang JZ, Greenwood N, Hernandez J, Cuperus JT, Huang B, Ryder BD, Queitsch C, Gestwicki JE, Baker D",2023 Sep 19,bioRxiv : the preprint server for biology,10.1101/2023.09.18.558356,"Preprint, Journal Article",https://pubmed.ncbi.nlm.nih.gov/37781598/
37766063,Remote Sensing Image Scene Classification in Hybrid Classical-Quantum Transferring CNN with Small Samples.,"Zhang Z, Mi X, Yang J, Wei X, Liu Y, Yan J, Liu P, Gu X, Yu T",2023 Sep 21,"Sensors (Basel, Switzerland)",10.3390/s23188010,Journal Article,https://pubmed.ncbi.nlm.nih.gov/37766063/
37753964,Suppression of protein quality control system by TRIM30a sensitises tumour cells to NK cell-mediated immune surveillance.,"Afolabi LO, Bi J, Chen L, Yang X, Wan X",2024 Jan,Immunology,10.1111/imm.13694,"Journal Article, Research Support, Non-U.S. Gov't",https://pubmed.ncbi.nlm.nih.gov/37753964/
37751741,Early fate decision for mitochondrially encoded proteins by a molecular triage.,"Kohler A, Carlström A, Nolte H, Kohler V, Jung SJ, Sridhara S, Tatsuta T, Berndtsson J, Langer T, Ott M",2023 Oct 5,Molecular cell,10.1016/j.molcel.2023.09.001,"Journal Article, Research Support, Non-U.S. Gov't",https://pubmed.ncbi.nlm.nih.gov/37751741/
37730717,RANet: a custom CNN model and quanvolutional neural network for the automated detection of rheumatoid arthritis in hand thermal images.,"Ahalya RK, Almutairi FM, Snekhalatha U, Dhanraj V, Aslam SM",2023 Sep 20,Scientific reports,10.1038/s41598-023-42111-3,Journal Article,https://pubmed.ncbi.nlm.nih.gov/37730717/
37710188,Medical image diagnosis based on adaptive Hybrid Quantum CNN.,"Ajlouni N, Özyavaş A, Takaoğlu M, Takaoğlu F, Ajlouni F",2023 Sep 14,BMC medical imaging,10.1186/s12880-023-01084-5,Journal Article,https://pubmed.ncbi.nlm.nih.gov/37710188/
37702939,The Future of Drug Development with Quantum Computing.,"Bonde B, Patil P, Choubey B",2024,"Methods in molecular biology (Clifton, N.J.)",10.1007/978-1-0716-3449-3_7,"Review, Journal Article",https://pubmed.ncbi.nlm.nih.gov/37702939/
37668061,Coot-Lion optimized deep learning algorithm for COVID-19 point mutation rate prediction using genome sequences.,"Gugulothu P, Bhukya R",2024 Aug,Computer methods in biomechanics and biomedical engineering,10.1080/10255842.2023.2244109,Journal Article,https://pubmed.ncbi.nlm.nih.gov/37668061/
37603536,Quantum Machine Learning Predicting ADME-Tox Properties in Drug Discovery.,"Bhatia AS, Saggi MK, Kais S",2023 Nov 13,Journal of chemical information and modeling,10.1021/acs.jcim.3c01079,"Journal Article, Research Support, U.S. Gov't, Non-P.H.S., Research Support, Non-U.S. Gov't",https://pubmed.ncbi.nlm.nih.gov/37603536/
37595870,C-terminal sequence stability profiling in Saccharomyces cerevisiae reveals protective protein quality control pathways.,"Hasenjäger S, Bologna A, Essen LO, Spadaccini R, Taxis C",2023 Sep,The Journal of biological chemistry,10.1016/j.jbc.2023.105166,"Journal Article, Research Support, Non-U.S. Gov't",https://pubmed.ncbi.nlm.nih.gov/37595870/
37552590,DTQFL: A Digital Twin-Assisted Quantum Federated Learning Algorithm for Intelligent Diagnosis in 5G Mobile Network.,"Qu Z, Li Y, Liu B, Gupta D, Tiwari P",2026 Jan,IEEE journal of biomedical and health informatics,10.1109/JBHI.2023.3303401,Journal Article,https://pubmed.ncbi.nlm.nih.gov/37552590/
37540237,Error mitigation enables PET radiomic cancer characterization on quantum computers.,"Moradi S, Spielvogel C, Krajnc D, Brandner C, Hillmich S, Wille R, Traub-Weidinger T, Li X, Hacker M, Drexler W, Papp L",2023 Nov,European journal of nuclear medicine and molecular imaging,10.1007/s00259-023-06362-6,Journal Article,https://pubmed.ncbi.nlm.nih.gov/37540237/
37507581,An Explainable MRI-Radiomic Quantum Neural Network to Differentiate Between Large Brain Metastases and High-Grade Glioma Using Quantum Annealing for Feature Selection.,"Felefly T, Roukoz C, Fares G, Achkar S, Yazbeck S, Meyer P, Kordahi M, Azoury F, Nasr DN, Nasr E, Noël G, Francis Z",2023 Dec,Journal of digital imaging,10.1007/s10278-023-00886-x,"Journal Article, Research Support, Non-U.S. Gov't",https://pubmed.ncbi.nlm.nih.gov/37507581/
37504805,Hybrid Classical-Quantum Transfer Learning for Cardiomegaly Detection in Chest X-rays.,"Decoodt P, Liang TJ, Bopardikar S, Santhanam H, Eyembe A, Garcia-Zapirain B, Sierra-Sosa D",2023 Jun 25,Journal of imaging,10.3390/jimaging9070128,Journal Article,https://pubmed.ncbi.nlm.nih.gov/37504805/
37466988,Single-Molecule Identification of Nucleotides Using a Quantum Computer.,"Taniguchi M, Ohshiro T, Tada T",2023 Aug 3,The journal of physical chemistry. B,10.1021/acs.jpcb.3c02918,"Journal Article, Research Support, Non-U.S. Gov't",https://pubmed.ncbi.nlm.nih.gov/37466988/
37454169,Loss of PML nuclear bodies in familial amyotrophic lateral sclerosis-frontotemporal dementia.,"Antoniani F, Cimino M, Mediani L, Vinet J, Verde EM, Secco V, Yamoah A, Tripathi P, Aronica E, Cicardi ME, Trotti D, Sterneckert J, Goswami A, Carra S",2023 Jul 15,Cell death discovery,10.1038/s41420-023-01547-2,Journal Article,https://pubmed.ncbi.nlm.nih.gov/37454169/
37427675,The implication of oversampling on the effectiveness of force signals in the fault detection of endodontic instruments during RCT.,"Thakur VS, Kankar PK, Parey A, Jain A, Jain PK",2023 Aug,"Proceedings of the Institution of Mechanical Engineers. Part H, Journal of engineering in medicine",10.1177/09544119231186074,Journal Article,https://pubmed.ncbi.nlm.nih.gov/37427675/
37405268,Evaluation of chalcone derivatives for their role as antiparasitic and neuroprotectant in experimentally induced cerebral malaria mouse model.,"Sinha S, Medhi B, Radotra BD, Batovska D, Markova N, Sehgal R",2023 Jul,3 Biotech,10.1007/s13205-023-03676-y,Journal Article,https://pubmed.ncbi.nlm.nih.gov/37405268/
37399158,IoMT-Based Smart Healthcare Detection System Driven by Quantum Blockchain and Quantum Neural Network.,"Qu Z, Shi W, Liu B, Gupta D, Tiwari P",2024 Jun,IEEE journal of biomedical and health informatics,10.1109/JBHI.2023.3288199,"Journal Article, Research Support, Non-U.S. Gov't",https://pubmed.ncbi.nlm.nih.gov/37399158/
37386997,Patient-Centric Interoperability and Cybersecurity for Cross-Border Healthcare.,"Latorre F, Hawks CE, Colmenares B, Verma D, Gil M, Sala N",2023 Jun 29,Studies in health technology and informatics,10.3233/SHTI230463,Journal Article,https://pubmed.ncbi.nlm.nih.gov/37386997/
37345042,Hybrid Quantum Neural Network for Drug Response Prediction.,"Sagingalieva A, Kordzanganeh M, Kenbayev N, Kosichkina D, Tomashuk T, Melnikov A",2023 May 10,Cancers,10.3390/cancers15102705,Journal Article,https://pubmed.ncbi.nlm.nih.gov/37345042/
37331692,Quantum computing for near-term applications in generative chemistry and drug discovery.,"Pyrkov A, Aliper A, Bezrukov D, Lin YC, Polykovskiy D, Kamya P, Ren F, Zhavoronkov A",2023 Aug,Drug discovery today,10.1016/j.drudis.2023.103675,"Journal Article, Review",https://pubmed.ncbi.nlm.nih.gov/37331692/
37312867,Candidate loci for breeding compact plant-type soybean varieties.,"Kong L, Wang Y, Chen L, Fang R, Li Y, Fang C, Dong L, Yuan X, Kong F, Liu B, Cheng Q, Lu S",2023 Jan,Molecular breeding : new strategies in plant improvement,10.1007/s11032-022-01352-2,Journal Article,https://pubmed.ncbi.nlm.nih.gov/37312867/
37300043,Remora Namib Beetle Optimization Enabled Deep Learning for Severity of COVID-19 Lung Infection Identification and Classification Using CT Images.,"Shanthi A, Koppu S",2023 Jun 3,"Sensors (Basel, Switzerland)",10.3390/s23115316,Journal Article,https://pubmed.ncbi.nlm.nih.gov/37300043/
37287481,Prevalence and characterization of food insecurity in a Canadian paediatric emergency department.,"MacBain E, Eltorki M, Marjerrison S, Pardhan A, Wahi G, Ngo QN",2023 Jul,Paediatrics & child health,10.1093/pch/pxac133,Journal Article,https://pubmed.ncbi.nlm.nih.gov/37287481/
37244882,Quantum Computing in the Next-Generation Computational Biology Landscape: From Protein Folding to Molecular Dynamics.,"Pal S, Bhattacharya M, Lee SS, Chakraborty C",2024 Feb,Molecular biotechnology,10.1007/s12033-023-00765-4,"Journal Article, Review",https://pubmed.ncbi.nlm.nih.gov/37244882/
37238493,Quantum Image Processing Algorithm Using Line Detection Mask Based on NEQR.,"Li T, Zhao P, Zhou Y, Zhang Y",2023 Apr 29,"Entropy (Basel, Switzerland)",10.3390/e25050738,Journal Article,https://pubmed.ncbi.nlm.nih.gov/37238493/
37236606,Medial patellar luxation grade IV according to the Singleton system can be classified into skeletally immature and skeletally matured types.,"Nagahiro Y, Murakami S, Shimada M, Inoue H, Tanaka A, Kanno N, Harada Y, Hara Y",2023 Jul 1,American journal of veterinary research,10.2460/ajvr.23.02.0020,Journal Article,https://pubmed.ncbi.nlm.nih.gov/37236606/
37197452,Quantum Annealing Designs Nonhemolytic Antimicrobial Peptides in a Discrete Latent Space.,"Tučs A, Berenger F, Yumoto A, Tamura R, Uzawa T, Tsuda K",2023 May 11,ACS medicinal chemistry letters,10.1021/acsmedchemlett.2c00487,Journal Article,https://pubmed.ncbi.nlm.nih.gov/37197452/
37174746,Artificial Intelligence Based COVID-19 Detection and Classification Model on Chest X-ray Images.,"Althaqafi T, Al-Ghamdi ASA, Ragab M",2023 Apr 22,"Healthcare (Basel, Switzerland)",10.3390/healthcare11091204,Journal Article,https://pubmed.ncbi.nlm.nih.gov/37174746/
37173416,Quantum AI simulator using a hybrid CPU-FPGA approach.,"Suzuki T, Miyazaki T, Inaritai T, Otsuka T",2023 May 12,Scientific reports,10.1038/s41598-023-34600-2,Journal Article,https://pubmed.ncbi.nlm.nih.gov/37173416/
37171464,Newly imported proteins in mitochondria are particularly sensitive to aggregation.,"Vazquez-Calvo C, Kohler V, Höög JL, Büttner S, Ott M",2023 Jul,"Acta physiologica (Oxford, England)",10.1111/apha.13985,"Journal Article, Research Support, Non-U.S. Gov't",https://pubmed.ncbi.nlm.nih.gov/37171464/
37171372,Exploring the Advantages of Quantum Generative Adversarial Networks in Generative Chemistry.,"Kao PY, Yang YC, Chiang WY, Hsiao JY, Cao Y, Aliper A, Ren F, Aspuru-Guzik A, Zhavoronkov A, Hsieh MH, Lin YC",2023 Jun 12,Journal of chemical information and modeling,10.1021/acs.jcim.3c00562,Journal Article,https://pubmed.ncbi.nlm.nih.gov/37171372/
37170426,LONEPINELLA SP. ISOLATED FROM WOUND INFECTIONS OF KOALAS.,"Omaleki L, Blyde D, Hanger J, Loader J, McKay P, Lobo E, Harris LM, Nicolson V, Blackall PJ, Turni C",2023 Jul 1,Journal of wildlife diseases,10.7589/JWD-D-22-00096,"Journal Article, Research Support, Non-U.S. Gov't",https://pubmed.ncbi.nlm.nih.gov/37170426/
37082941,Suspect severe gastroenteritis associated with ingestion of caterpillar setae fragments in a cat.,"Stone K, Sullivan L, Korman R",2023 Aug,Australian veterinary journal,10.1111/avj.13247,"Case Reports, Journal Article",https://pubmed.ncbi.nlm.nih.gov/37082941/
37081164,Nuclear and cytoplasmic spatial protein quality control is coordinated by nuclear-vacuolar junctions and perinuclear ESCRT.,"Sontag EM, Morales-Polanco F, Chen JH, McDermott G, Dolan PT, Gestaut D, Le Gros MA, Larabell C, Frydman J",2023 May,Nature cell biology,10.1038/s41556-023-01128-6,"Journal Article, Research Support, U.S. Gov't, Non-P.H.S., Research Support, N.I.H., Extramural, Research Support, Non-U.S. Gov't",https://pubmed.ncbi.nlm.nih.gov/37081164/
37059365,Ubiquitinome Profiling Reveals in Vivo UBE2D3 Targets and Implicates UBE2D3 in Protein Quality Control.,"Yalçin Z, Koot D, Bezstarosti K, Salas-Lloret D, Bleijerveld OB, Boersma V, Falcone M, González-Prieto R, Altelaar M, Demmers JAA, Jacobs JJL",2023 Jun,Molecular & cellular proteomics : MCP,10.1016/j.mcpro.2023.100548,"Journal Article, Research Support, Non-U.S. Gov't",https://pubmed.ncbi.nlm.nih.gov/37059365/
37024525,On good encodings for quantum annealer and digital optimization solvers.,"Ceselli A, Premoli M",2023 Apr 6,Scientific reports,10.1038/s41598-023-32232-0,Journal Article,https://pubmed.ncbi.nlm.nih.gov/37024525/
37018292,Application of quantum computing to a linear non-Gaussian acyclic model for novel medical knowledge discovery.,Kawaguchi H,2023,PloS one,10.1371/journal.pone.0283933,Journal Article,https://pubmed.ncbi.nlm.nih.gov/37018292/
37006698,Selection and evolution of disulfide-rich peptides via cellular protein quality control.,"Meng X, Xu C, Fan S, Dong M, Zhuang J, Duan Z, Zhao Y, Wu C",2023 Mar 29,Chemical science,10.1039/d2sc05343h,Journal Article,https://pubmed.ncbi.nlm.nih.gov/37006698/
36989511,Metastatic Anaplastic Sarcoma in a Wild Lace Monitor (Varanus varius).,"Wheelhouse JL, Mackie JT",2023 Apr 1,Journal of wildlife diseases,10.7589/JWD-D-22-00106,Journal Article,https://pubmed.ncbi.nlm.nih.gov/36989511/
36988574,Hamiltonian Learning from Time Dynamics Using Variational Algorithms.,"Gupta R, Selvarajan R, Sajjan M, Levine RD, Kais S",2023 Apr 13,The journal of physical chemistry. A,10.1021/acs.jpca.2c08993,Journal Article,https://pubmed.ncbi.nlm.nih.gov/36988574/
36981316,A Quantum-Classical Hybrid Solution for Deep Anomaly Detection.,"Wang M, Huang A, Liu Y, Yi X, Wu J, Wang S",2023 Feb 27,"Entropy (Basel, Switzerland)",10.3390/e25030427,Journal Article,https://pubmed.ncbi.nlm.nih.gov/36981316/
36980406,Performance Evaluation of Quantum-Based Machine Learning Algorithms for Cardiac Arrhythmia Classification.,"Ozpolat Z, Karabatak M",2023 Mar 14,"Diagnostics (Basel, Switzerland)",10.3390/diagnostics13061099,Journal Article,https://pubmed.ncbi.nlm.nih.gov/36980406/
36979108,Profiling the Hsp70 Chaperone Network in Heat-Induced Proteotoxic Stress Models of Human Neurons.,"Alharbi BM, Albinhassan TH, Alzahrani RA, Bouchama A, Mohammad S, Alomari AA, Bin-Jumah MN, AlSuhaibani ES, Malik SS",2023 Mar 9,Biology,10.3390/biology12030416,Journal Article,https://pubmed.ncbi.nlm.nih.gov/36979108/
36958423,Improving RNA Fusion Call Confidence and Reliability in Molecular Diagnostic Testing.,"Shrestha M, Blay S, Liang S, Swanson D, Lerner-Ellis J, Dickson B, Wong A, Charames GS",2023 Jun,The Journal of molecular diagnostics : JMD,10.1016/j.jmoldx.2023.03.003,"Journal Article, Research Support, Non-U.S. Gov't",https://pubmed.ncbi.nlm.nih.gov/36958423/
36932074,Practical overview of image classification with tensor-network quantum circuits.,"Guala D, Zhang S, Cruz E, Riofrío CA, Klepsch J, Arrazola JM",2023 Mar 17,Scientific reports,10.1038/s41598-023-30258-y,Journal Article,https://pubmed.ncbi.nlm.nih.gov/36932074/
36904951,Accurate Image Multi-Class Classification Neural Network Model with Quantum Entanglement Approach.,"Riaz F, Abdulla S, Suzuki H, Ganguly S, Deo RC, Hopkins S",2023 Mar 2,"Sensors (Basel, Switzerland)",10.3390/s23052753,Journal Article,https://pubmed.ncbi.nlm.nih.gov/36904951/
36894567,Quantum deep learning by sampling neural nets with a quantum annealer.,"Higham CF, Bedford A",2023 Mar 9,Scientific reports,10.1038/s41598-023-30910-7,Journal Article,https://pubmed.ncbi.nlm.nih.gov/36894567/
36881987,Evaluation of the quadriceps muscle length to femoral length ratio in small breed dogs with medial patellar luxation.,"Nagahiro Y, Murakami S, Shimada M, Kanno N, Harada Y, Hara Y",2023 May,Veterinary surgery : VS,10.1111/vsu.13951,Journal Article,https://pubmed.ncbi.nlm.nih.gov/36881987/
36831846,Case-Based and Quantum Classification for ERP-Based Brain-Computer Interfaces.,"Cattan GH, Quemy A",2023 Feb 10,Brain sciences,10.3390/brainsci13020303,Journal Article,https://pubmed.ncbi.nlm.nih.gov/36831846/
36774365,Quantum machine learning with differential privacy.,"Watkins WM, Chen SY, Yoo S",2023 Feb 11,Scientific reports,10.1038/s41598-022-24082-z,Journal Article,https://pubmed.ncbi.nlm.nih.gov/36774365/
36765078,Quantum face recognition protocol with ghost imaging.,"Salari V, Paneru D, Saglamyurek E, Ghadimi M, Abdar M, Rezaee M, Aslani M, Barzanjeh S, Karimi E",2023 Feb 10,Scientific reports,10.1038/s41598-022-25280-5,Journal Article,https://pubmed.ncbi.nlm.nih.gov/36765078/
36743386,SARS-CoV-2 spike and ACE2 entanglement-like binding.,"Pregnolato M, Zizzi P",2023,Quantum machine intelligence,10.1007/s42484-023-00098-0,Journal Article,https://pubmed.ncbi.nlm.nih.gov/36743386/
36681760,Single-cell transcriptomics reveal extracellular vesicles secretion with a cardiomyocyte proteostasis signature during pathological remodeling.,"Schoger E, Bleckwedel F, Germena G, Rocha C, Tucholla P, Sobitov I, Möbius W, Sitte M, Lenz C, Samak M, Hinkel R, Varga ZV, Giricz Z, Salinas G, Gross JC, Zelarayán LC",2023 Jan 21,Communications biology,10.1038/s42003-022-04402-9,"Journal Article, Research Support, Non-U.S. Gov't",https://pubmed.ncbi.nlm.nih.gov/36681760/
36681307,Combined prenatal to postnatal protein restriction augments protein quality control processes and proteolysis in the muscle of rat offspring.,"Savitikadi P, Gogulothu R, Ismail A, Reddy GB, Reddy VS",2023 Apr,The Journal of nutritional biochemistry,10.1016/j.jnutbio.2023.109273,"Journal Article, Research Support, Non-U.S. Gov't",https://pubmed.ncbi.nlm.nih.gov/36681307/
36625997,"Analysis of physical function, muscle strength, and pulmonary function in surgical cancer patients: a prospective cohort study.","Rocha LPB, da Rocha Medeiros F, de Oliveira HN, Valduga R, Cipriano G Jr, Cipriano GFB",2023 Jan 10,Supportive care in cancer : official journal of the Multinational Association of Supportive Care in Cancer,10.1007/s00520-022-07507-3,Journal Article,https://pubmed.ncbi.nlm.nih.gov/36625997/
36610421,Risk Analysis for Quality Control Part 3: Practical Application of the Precision Quality Control Model.,"Schmidt RL, Moore RA, Walker BS, Rudolf JW",2023 Jan 4,The journal of applied laboratory medicine,10.1093/jalm/jfac116,"Journal Article, Research Support, Non-U.S. Gov't",https://pubmed.ncbi.nlm.nih.gov/36610421/
36609589,HSP70-binding motifs function as protein quality control degrons.,"Abildgaard AB, Voutsinos V, Petersen SD, Larsen FB, Kampmeyer C, Johansson KE, Stein A, Ravid T, Andréasson C, Jensen MK, Lindorff-Larsen K, Hartmann-Petersen R",2023 Jan 7,Cellular and molecular life sciences : CMLS,10.1007/s00018-022-04679-3,Journal Article,https://pubmed.ncbi.nlm.nih.gov/36609589/
36596779,Safety and immunogenicity of a mosaic vaccine booster against Omicron and other SARS-CoV-2 variants: a randomized phase 2 trial.,"Kaabi NA, Yang YK, Liang Y, Xu K, Zhang XF, Kang Y, Jin YQ, Hou JW, Zhang J, Yang T, Hussein S, ElDein MS, Lei ZH, Zhang H, Shao S, Liu ZM, Liu N, Zheng X, Su JG, Yang SS, Cong X, Tan Y, Lei W, Gao XJ, Jiang Z, Wang H, Li M, Mekki HM, Zaher W, Mahmoud S, Zhang X, Qu C, Liu DY, Zhang J, Yang M, Eltantawy I, Xiao P, Shen FJ, Wu JJ, Han ZB, Du LF, Tang F, Chen S, Ma ZJ, Zheng F, Hou YN, Li XY, Li X, Wang ZN, Yin JL, Mao XY, Zhang J, Qu L, Zhang YT, Yang XM, Wu G, Li QM",2023 Jan 3,Signal transduction and targeted therapy,10.1038/s41392-022-01295-2,"Randomized Controlled Trial, Clinical Trial, Phase II, Journal Article, Research Support, Non-U.S. Gov't",https://pubmed.ncbi.nlm.nih.gov/36596779/
36594740,The chaperone-assisted selective autophagy complex dynamics and dysfunctions.,"Tedesco B, Vendredy L, Timmerman V, Poletti A",2023 Jun,Autophagy,10.1080/15548627.2022.2160564,"Journal Article, Research Support, Non-U.S. Gov't",https://pubmed.ncbi.nlm.nih.gov/36594740/
36587767,Analysis of a degron-containing reporter protein GFP-CL1 reveals a role for SUMO1 in cytosolic protein quality control.,"Wang W, Lu J, Yang WC, Spear ED, Michaelis S, Matunis MJ",2023 Feb,The Journal of biological chemistry,10.1016/j.jbc.2022.102851,"Journal Article, Research Support, N.I.H., Extramural",https://pubmed.ncbi.nlm.nih.gov/36587767/
36585083,Automated segmentation and classification of hand thermal images in rheumatoid arthritis using machine learning algorithms: A comparison with quantum machine learning technique.,"Ahalya RK, Snekhalatha U, Dhanraj V",2023 Jan,Journal of thermal biology,10.1016/j.jtherbio.2022.103404,Journal Article,https://pubmed.ncbi.nlm.nih.gov/36585083/
36566959,Impact of assay stability on the false negative and false positive rates in quality control.,"Schmidt RL, Walker BS, Moore RA, Rudolf JW",2023 Feb 1,Clinica chimica acta; international journal of clinical chemistry,10.1016/j.cca.2022.12.020,Journal Article,https://pubmed.ncbi.nlm.nih.gov/36566959/
36560065,No-Reference Video Quality Assessment Using the Temporal Statistics of Global and Local Image Features.,Varga D,2022 Dec 10,"Sensors (Basel, Switzerland)",10.3390/s22249696,Journal Article,https://pubmed.ncbi.nlm.nih.gov/36560065/
36538614,A Step Toward Personalized Surgical Decision Making: Machine Learning Predicts 1 Versus Numerous Melanoma Lymph Node Metastases Using RNA-sequencing.,"Meneveau MO, Vavolizza RD, Mohammad A, Kumar P, Manderfield JT, Callahan C, Lynch KT, Abbas T, Slingluff CL Jr, Bekiranov S",2023 Sep 1,Annals of surgery,10.1097/SLA.0000000000005761,"Journal Article, Research Support, U.S. Gov't, Non-P.H.S., Research Support, Non-U.S. Gov't, Research Support, N.I.H., Extramural",https://pubmed.ncbi.nlm.nih.gov/36538614/
36508673,Selective involvement of UGGT variant: UGGT2 in protecting mouse embryonic fibroblasts from saturated lipid-induced ER stress.,"Hung HH, Nagatsuka Y, Soldà T, Kodali VK, Iwabuchi K, Kamiguchi H, Kano K, Matsuo I, Ikeda K, Kaufman RJ, Molinari M, Greimel P, Hirabayashi Y",2022 Dec 20,Proceedings of the National Academy of Sciences of the United States of America,10.1073/pnas.2214957119,"Journal Article, Research Support, N.I.H., Extramural, Research Support, Non-U.S. Gov't",https://pubmed.ncbi.nlm.nih.gov/36508673/
36477833,Insights from incorporating quantum computing into drug design workflows.,"Lau B, Emani PS, Chapman J, Yao L, Lam T, Merrill P, Warrell J, Gerstein MB, Lam HYK",2023 Jan 1,"Bioinformatics (Oxford, England)",10.1093/bioinformatics/btac789,"Journal Article, Research Support, N.I.H., Extramural",https://pubmed.ncbi.nlm.nih.gov/36477833/
36463929,Statistics of the number of defects after quantum annealing in a thermal environment.,"Suzuki S, Oshiyama H, Shibata N",2023 Jan 23,"Philosophical transactions. Series A, Mathematical, physical, and engineering sciences",10.1098/rsta.2021.0411,Journal Article,https://pubmed.ncbi.nlm.nih.gov/36463929/
36463923,Quantum annealing: an overview.,"Rajak A, Suzuki S, Dutta A, Chakrabarti BK",2023 Jan 23,"Philosophical transactions. Series A, Mathematical, physical, and engineering sciences",10.1098/rsta.2021.0417,"Journal Article, Review",https://pubmed.ncbi.nlm.nih.gov/36463923/
36426661,Variational approach to quantum state tomography based on maximal entropy formalism.,"Gupta R, Sajjan M, Levine RD, Kais S",2022 Dec 7,Physical chemistry chemical physics : PCCP,10.1039/d2cp04493e,Journal Article,https://pubmed.ncbi.nlm.nih.gov/36426661/
36400750,HSPB8 counteracts tumor activity of BRAF- and NRAS-mutant melanoma cells by modulation of RAS-prenylation and autophagy.,"Cristofani R, Piccolella M, Montagnani Marelli M, Tedesco B, Poletti A, Moretti RM",2022 Nov 18,Cell death & disease,10.1038/s41419-022-05365-9,"Journal Article, Research Support, Non-U.S. Gov't",https://pubmed.ncbi.nlm.nih.gov/36400750/
36358927,Generalization Performance of Quantum Metric Learning Classifiers.,"Kim J, Bekiranov S",2022 Oct 27,Biomolecules,10.3390/biom12111576,"Journal Article, Research Support, U.S. Gov't, Non-P.H.S.",https://pubmed.ncbi.nlm.nih.gov/36358927/
36328541,Clinicopathologic and immunophenotypic features in dogs with presumptive large granular lymphocyte leukaemia.,"Jaensch SM, Hayward DA, Boyd SP",2022 Nov,Australian veterinary journal,10.1111/avj.13199,Journal Article,https://pubmed.ncbi.nlm.nih.gov/36328541/
36311248,Artificial intelligence analysis of the impact of fibrosis in arrhythmogenesis and drug response.,"Sánchez de la Nava AM, Gómez-Cid L, Domínguez-Sobrino A, Fernández-Avilés F, Berenfeld O, Atienza F",2022,Frontiers in physiology,10.3389/fphys.2022.1025430,Journal Article,https://pubmed.ncbi.nlm.nih.gov/36311248/
36247303,Molecular interaction between small nuclear ribonucleoprotein polypeptide G and heat shock protein 70.14: a microscale thermophoresis exposition towards developing anti-cancer drugs.,"Mabonga L, Ikwegbue PC, Masamba P, Kappo AP",2022,American journal of translational research,,Journal Article,https://pubmed.ncbi.nlm.nih.gov/36247303/
36233058,The Role of Small Heat Shock Proteins in Protein Misfolding Associated Motoneuron Diseases.,"Tedesco B, Ferrari V, Cozzi M, Chierichetti M, Casarotto E, Pramaggiore P, Mina F, Galbiati M, Rusmini P, Crippa V, Cristofani R, Poletti A",2022 Oct 4,International journal of molecular sciences,10.3390/ijms231911759,"Journal Article, Review",https://pubmed.ncbi.nlm.nih.gov/36233058/
36220772,Quantum computing algorithms: getting closer to critical problems in computational biology.,"Marchetti L, Nifosì R, Martelli PL, Da Pozzo E, Cappello V, Banterle F, Trincavelli ML, Martini C, D'Elia M",2022 Nov 19,Briefings in bioinformatics,10.1093/bib/bbac437,"Review, Journal Article, Research Support, Non-U.S. Gov't",https://pubmed.ncbi.nlm.nih.gov/36220772/
36189278,SP-A binding to the SARS-CoV-2 spike protein using hybrid quantum and classical in silico modeling and molecular pruning by Quantum Approximate Optimization Algorithm (QAOA) Based MaxCut with ZDOCK.,"Aramyan S, McGregor K, Sandeep S, Haczku A",2022,Frontiers in immunology,10.3389/fimmu.2022.945317,"Journal Article, Research Support, Non-U.S. Gov't",https://pubmed.ncbi.nlm.nih.gov/36189278/
36175529,Sampling rare conformational transitions with a quantum computer.,"Ghamari D, Hauke P, Covino R, Faccioli P",2022 Sep 29,Scientific reports,10.1038/s41598-022-20032-x,"Journal Article, Research Support, Non-U.S. Gov't",https://pubmed.ncbi.nlm.nih.gov/36175529/
36168821,Resveratrol Promotes LRSAM1 E3 Ubiquitin Ligase-Dependent Degradation of Misfolded Proteins Linked with Neurodegeneration.,"Dubey AR, Mishra R, Sundaria N, Jagtap YA, Kumar P, Kinger S, Choudhary A, Jha HC, Prasad A, Gutti RK, Mishra A",2022 Sep 28,"Cellular physiology and biochemistry : international journal of experimental cellular physiology, biochemistry, and pharmacology",10.33594/000000574,Journal Article,https://pubmed.ncbi.nlm.nih.gov/36168821/
36099261,Transit facility allocation: Hybrid quantum-classical optimization.,Gabbassov E,2022,PloS one,10.1371/journal.pone.0274632,Journal Article,https://pubmed.ncbi.nlm.nih.gov/36099261/
36077131,Protein Quality Control in Glioblastoma: A Review of the Current Literature with New Perspectives on Therapeutic Targets.,"Rocchi A, Wollebo HS, Khalili K",2022 Aug 27,International journal of molecular sciences,10.3390/ijms23179734,"Journal Article, Review",https://pubmed.ncbi.nlm.nih.gov/36077131/
36044483,Parameterized Hamiltonian Learning With Quantum Circuit.,"Shi J, Wang W, Lou X, Zhang S, Li X",2023 May,IEEE transactions on pattern analysis and machine intelligence,10.1109/TPAMI.2022.3203157,Journal Article,https://pubmed.ncbi.nlm.nih.gov/36044483/
36010666,Proteostasis Deregulation in Neurodegeneration and Its Link with Stress Granules: Focus on the Scaffold and Ribosomal Protein RACK1.,"Masi M, Attanzio A, Racchi M, Wolozin B, Borella S, Biundo F, Buoso E",2022 Aug 19,Cells,10.3390/cells11162590,"Journal Article, Review, Research Support, Non-U.S. Gov't",https://pubmed.ncbi.nlm.nih.gov/36010666/
35998789,"Multiple checkpoints of protein clearance machinery are modulated by a common microRNA, miR-4813-3p, through its putative target genes: Studies employing transgenic C. elegans model.","Sarkar A, Shamsuzzama, Kumar L, Hameed R, Nazir A",2022 Dec,Biochimica et biophysica acta. Molecular cell research,10.1016/j.bbamcr.2022.119342,"Journal Article, Research Support, Non-U.S. Gov't",https://pubmed.ncbi.nlm.nih.gov/35998789/
35989311,The ZSWIM8 ubiquitin ligase regulates neurodevelopment by guarding the protein quality of intrinsically disordered Dab1.,"Wang G, Lei J, Wang Y, Yu J, He Y, Zhao W, Hu Z, Xu Z, Jin Y, Gu Y, Guo X, Yang B, Gao Z, Wang Z",2023 Mar 21,"Cerebral cortex (New York, N.Y. : 1991)",10.1093/cercor/bhac313,"Journal Article, Research Support, Non-U.S. Gov't",https://pubmed.ncbi.nlm.nih.gov/35989311/
35878384,Evaluation of a Probability-Based Predictive Tool on Pathologist Agreement Using Urinary Bladder as a Pilot Tissue.,"Jones E, Woldeyohannes S, Castillo-Alcala F, Lillie BN, Sula MM, Owen H, Alawneh J, Allavena R",2022 Jul 18,Veterinary sciences,10.3390/vetsci9070367,Journal Article,https://pubmed.ncbi.nlm.nih.gov/35878384/
35849066,Quantum machine learning for chemistry and physics.,"Sajjan M, Li J, Selvarajan R, Sureshbabu SH, Kale SS, Gupta R, Singh V, Kais S",2022 Aug 1,Chemical Society reviews,10.1039/d2cs00203e,"Journal Article, Review",https://pubmed.ncbi.nlm.nih.gov/35849066/
35821856,Role of BAG5 in Protein Quality Control: Double-Edged Sword?,"Gupta MK, Randhawa PK, Masternak MM",2022,Frontiers in aging,10.3389/fragi.2022.844168,"Journal Article, Review",https://pubmed.ncbi.nlm.nih.gov/35821856/
40396008,Reprogramming endo-lysosomal proteostasis disease stress by UBR1- and arginylation-driven endophagy and autophagy protein quality control.,"Wang BB, Apaja PM",2022,Autophagy reports,10.1080/27694127.2022.2097274,Journal Article,https://pubmed.ncbi.nlm.nih.gov/40396008/
35803971,Quantum annealing with special drivers for circuit fault diagnostics.,"Leipold H, Spedalieri FM",2022 Jul 8,Scientific reports,10.1038/s41598-022-14804-8,Journal Article,https://pubmed.ncbi.nlm.nih.gov/35803971/
35760812,Safety and immunogenicity of a hybrid-type vaccine booster in BBIBP-CorV recipients in a randomized phase 2 trial.,"Kaabi NA, Yang YK, Du LF, Xu K, Shao S, Liang Y, Kang Y, Su JG, Zhang J, Yang T, Hussein S, ElDein MS, Yang SS, Lei W, Gao XJ, Jiang Z, Cong X, Tan Y, Wang H, Li M, Mekki HM, Zaher W, Mahmoud S, Zhang X, Qu C, Liu DY, Zhang J, Yang M, Eltantawy I, Hou JW, Lei ZH, Xiao P, Wang ZN, Yin JL, Mao XY, Zhang J, Qu L, Zhang YT, Yang XM, Wu G, Li QM",2022 Jun 27,Nature communications,10.1038/s41467-022-31379-0,"Clinical Trial, Phase II, Journal Article, Randomized Controlled Trial, Research Support, Non-U.S. Gov't",https://pubmed.ncbi.nlm.nih.gov/35760812/
35760103,Nuclear protein quality control in yeast: The latest INQuiries.,"Kumar A, Mathew V, Stirling PC",2022 Aug,The Journal of biological chemistry,10.1016/j.jbc.2022.102199,"Journal Article, Review, Research Support, Non-U.S. Gov't",https://pubmed.ncbi.nlm.nih.gov/35760103/
35755275,A mitochondria-targeting lipid-small molecule hybrid nanoparticle for imaging and therapy in an orthotopic glioma model.,"Tang M, Lin K, Ramachandran M, Li L, Zou H, Zheng H, Ma Z, Li Y",2022 Jun,Acta pharmaceutica Sinica. B,10.1016/j.apsb.2022.04.005,Journal Article,https://pubmed.ncbi.nlm.nih.gov/35755275/
35746121,Towards Multimodal Equipment to Help in the Diagnosis of COVID-19 Using Machine Learning Algorithms.,"Villa-Parra AC, Criollo I, Valadão C, Silva L, Coelho Y, Lampier L, Rangel L, Sharma G, Delisle-Rodríguez D, Calle-Siguencia J, Urgiles-Ortiz F, Díaz C, Caldeira E, Krishnan S, Bastos-Filho T",2022 Jun 8,"Sensors (Basel, Switzerland)",10.3390/s22124341,Journal Article,https://pubmed.ncbi.nlm.nih.gov/35746121/
35714086,Efficient Quantum Image Classification Using Single Qubit Encoding.,"Easom-McCaldin P, Bouridane A, Belatreche A, Jiang R, Al-Maadeed S",2024 Feb,IEEE transactions on neural networks and learning systems,10.1109/TNNLS.2022.3179354,Journal Article,https://pubmed.ncbi.nlm.nih.gov/35714086/
35701874,Mitochondrial H(2)S Regulates BCAA Catabolism in Heart Failure.,"Li Z, Xia H, Sharp TE 3rd, LaPenna KB, Elrod JW, Casin KM, Liu K, Calvert JW, Chau VQ, Salloum FN, Xu S, Xian M, Nagahara N, Goodchild TT, Lefer DJ",2022 Jul 22,Circulation research,10.1161/CIRCRESAHA.121.319817,"Journal Article, Research Support, N.I.H., Extramural, Research Support, Non-U.S. Gov't",https://pubmed.ncbi.nlm.nih.gov/35701874/
35665745,Immunogenicity and safety of NVSI-06-07 as a heterologous booster after priming with BBIBP-CorV: a phase 2 trial.,"Kaabi NA, Yang YK, Zhang J, Xu K, Liang Y, Kang Y, Su JG, Yang T, Hussein S, ElDein MS, Shao S, Yang SS, Lei W, Gao XJ, Jiang Z, Wang H, Li M, Mekki HM, Zaher W, Mahmoud S, Zhang X, Qu C, Liu DY, Zhang J, Yang M, Eltantawy I, Xiao P, Wang ZN, Yin JL, Mao XY, Zhang J, Liu N, Shen FJ, Qu L, Zhang YT, Yang XM, Wu G, Li QM",2022 Jun 6,Signal transduction and targeted therapy,10.1038/s41392-022-00984-2,"Clinical Trial, Phase II, Journal Article, Randomized Controlled Trial, Research Support, Non-U.S. Gov't",https://pubmed.ncbi.nlm.nih.gov/35665745/
35597303,Disparities and Early Engagement Associated with the 18- to 36-Month High-Risk Infant Follow-Up Visit among Very Low Birthweight Infants in California.,"Lakshmanan A, Rogers EE, Lu T, Gray E, Vernon L, Briscoe H, Profit J, Jocson MAL, Hintz SR",2022 Sep,The Journal of pediatrics,10.1016/j.jpeds.2022.05.026,"Journal Article, Research Support, Non-U.S. Gov't, Research Support, N.I.H., Extramural, Research Support, U.S. Gov't, P.H.S.",https://pubmed.ncbi.nlm.nih.gov/35597303/
35570457,Classical Simulation and Theory of Quantum Annealing in a Thermal Environment.,"Oshiyama H, Suzuki S, Shibata N",2022 Apr 29,Physical review letters,10.1103/PhysRevLett.128.170502,Journal Article,https://pubmed.ncbi.nlm.nih.gov/35570457/
35523083,Quantum pulse coupled neural network.,"Wang Z, Xu M, Zhang Y",2022 Aug,Neural networks : the official journal of the International Neural Network Society,10.1016/j.neunet.2022.04.007,Journal Article,https://pubmed.ncbi.nlm.nih.gov/35523083/
35506243,Abnormal triaging of misfolded proteins by adult neuronal ceroid lipofuscinosis-associated DNAJC5/CSPα mutants causes lipofuscin accumulation.,"Lee J, Xu Y, Saidi L, Xu M, Zinsmaier K, Ye Y",2023 Jan,Autophagy,10.1080/15548627.2022.2065618,"Journal Article, Research Support, N.I.H., Intramural",https://pubmed.ncbi.nlm.nih.gov/35506243/
35501124,Pathogenic variants of Valosin-containing protein induce lysosomal damage and transcriptional activation of autophagy regulators in neuronal cells.,"Ferrari V, Cristofani R, Cicardi ME, Tedesco B, Crippa V, Chierichetti M, Casarotto E, Cozzi M, Mina F, Galbiati M, Piccolella M, Carra S, Vaccari T, Nalbandian A, Kimonis V, Fortuna TR, Pandey UB, Gagliani MC, Cortese K, Rusmini P, Poletti A",2022 Aug,Neuropathology and applied neurobiology,10.1111/nan.12818,"Journal Article, Research Support, N.I.H., Extramural, Research Support, Non-U.S. Gov't",https://pubmed.ncbi.nlm.nih.gov/35501124/
35500842,Stress Responses Elicited by Misfolded Proteins Targeted to Mitochondria.,"Narayana Rao KB, Pandey P, Sarkar R, Ghosh A, Mansuri S, Ali M, Majumder P, Ranjith Kumar K, Ray A, Raychaudhuri S, Mapa K",2022 Jun 30,Journal of molecular biology,10.1016/j.jmb.2022.167618,"Journal Article, Research Support, Non-U.S. Gov't",https://pubmed.ncbi.nlm.nih.gov/35500842/
35470831,Δ-Quantum machine-learning for medicinal chemistry.,"Atz K, Isert C, Böcker MNA, Jiménez-Luna J, Schneider G",2022 May 11,Physical chemistry chemical physics : PCCP,10.1039/d2cp00834c,Journal Article,https://pubmed.ncbi.nlm.nih.gov/35470831/
35404607,Stability Analysis of Substituted Cobaltocenium [Bis(cyclopentadienyl)cobalt(III)] Employing Chemistry-Informed Neural Networks.,"Li C, Wetthasinghe ST, Lin H, Zhu T, Tang C, Rassolov V, Wang Q, Garashchuk S",2022 May 10,Journal of chemical theory and computation,10.1021/acs.jctc.1c01201,Journal Article,https://pubmed.ncbi.nlm.nih.gov/35404607/
35392798,Algorithm for DNA sequence assembly by quantum annealing.,"Nałęcz-Charkiewicz K, Nowak RM",2022 Apr 7,BMC bioinformatics,10.1186/s12859-022-04661-7,Journal Article,https://pubmed.ncbi.nlm.nih.gov/35392798/
35364487,Protein quality control at the Golgi.,"Schwabl S, Teis D",2022 Apr,Current opinion in cell biology,10.1016/j.ceb.2022.02.008,"Journal Article, Review, Research Support, Non-U.S. Gov't",https://pubmed.ncbi.nlm.nih.gov/35364487/
35305242,Improper Proteostasis: Can It Serve as Biomarkers for Neurodegenerative Diseases?,"Dubey AR, Patwa SM, Kinger S, Jagtap YA, Kumar P, Singh S, Dhiman R, Jha HC, Mishra A",2022 Jun,Molecular neurobiology,10.1007/s12035-022-02775-w,"Journal Article, Review",https://pubmed.ncbi.nlm.nih.gov/35305242/
35295159,Impact of Quantisal(®) Oral Fluid Collection Device on Drug Stability.,"Riggio M, Dave KA, Koscak B, Blakey M, Appleton C",2021,Frontiers in toxicology,10.3389/ftox.2021.670656,Journal Article,https://pubmed.ncbi.nlm.nih.gov/35295159/
35252762,Quantum transfer learning for breast cancer detection.,"Azevedo V, Silva C, Dutra I",2022,Quantum machine intelligence,10.1007/s42484-022-00062-4,Journal Article,https://pubmed.ncbi.nlm.nih.gov/35252762/
35247097,RTL8 promotes nuclear localization of UBQLN2 to subnuclear compartments associated with protein quality control.,"Mohan HM, Trzeciakiewicz H, Pithadia A, Crowley EV, Pacitto R, Safren N, Trotter B, Zhang C, Zhou X, Zhang Y, Basrur V, Paulson HL, Sharkey LM",2022 Mar 5,Cellular and molecular life sciences : CMLS,10.1007/s00018-022-04170-z,Journal Article,https://pubmed.ncbi.nlm.nih.gov/35247097/
35232421,Prevalence of post-traumatic stress disorder symptoms among patients with mental disorder during the COVID-19 pandemic.,"Tang L, Gao Y, Qi S, Cui J, Zhou L, Feng Y",2022 Mar 1,BMC psychiatry,10.1186/s12888-022-03790-w,"Journal Article, Research Support, Non-U.S. Gov't",https://pubmed.ncbi.nlm.nih.gov/35232421/
35216053,Valosin Containing Protein (VCP): A Multistep Regulator of Autophagy.,"Ferrari V, Cristofani R, Tedesco B, Crippa V, Chierichetti M, Casarotto E, Cozzi M, Mina F, Piccolella M, Galbiati M, Rusmini P, Poletti A",2022 Feb 9,International journal of molecular sciences,10.3390/ijms23041939,"Journal Article, Review",https://pubmed.ncbi.nlm.nih.gov/35216053/
35169113,Design of a mutation-integrated trimeric RBD with broad protection against SARS-CoV-2.,"Liang Y, Zhang J, Yuan RY, Wang MY, He P, Su JG, Han ZB, Jin YQ, Hou JW, Zhang H, Zhang XF, Shao S, Hou YN, Liu ZM, Du LF, Shen FJ, Zhou WM, Xu K, Gao RQ, Tang F, Lei ZH, Liu S, Zhen W, Wu JJ, Zheng X, Liu N, Chen S, Ma ZJ, Zheng F, Ren SY, Hu ZY, Huang WJ, Wu GZ, Ke CW, Li QM",2022 Feb 15,Cell discovery,10.1038/s41421-022-00383-5,Journal Article,https://pubmed.ncbi.nlm.nih.gov/35169113/
35159325,Neurodegenerative Disease-Associated TDP-43 Fragments Are Extracellularly Secreted with CASA Complex Proteins.,"Casarotto E, Sproviero D, Corridori E, Gagliani MC, Cozzi M, Chierichetti M, Cristofani R, Ferrari V, Galbiati M, Mina F, Piccolella M, Rusmini P, Tedesco B, Gagliardi S, Cortese K, Cereda C, Poletti A, Crippa V",2022 Feb 2,Cells,10.3390/cells11030516,"Journal Article, Research Support, Non-U.S. Gov't",https://pubmed.ncbi.nlm.nih.gov/35159325/
35115630,Clinical data classification with noisy intermediate scale quantum computers.,"Moradi S, Brandner C, Spielvogel C, Krajnc D, Hillmich S, Wille R, Drexler W, Papp L",2022 Feb 3,Scientific reports,10.1038/s41598-022-05971-9,"Journal Article, Research Support, Non-U.S. Gov't",https://pubmed.ncbi.nlm.nih.gov/35115630/
35082119,Disrupting the Balance of Protein Quality Control Protein UBQLN2 Accelerates Tau Proteinopathy.,"Gerson JE, Sandoval-Pistorius S, Welday JP, Rodriguez A, Gregory JD, Liggans N, Schache K, Li X, Trzeciakiewicz H, Barmada S, Sharkey LM, Paulson HL",2022 Mar 2,The Journal of neuroscience : the official journal of the Society for Neuroscience,10.1523/JNEUROSCI.1116-21.2021,Journal Article,https://pubmed.ncbi.nlm.nih.gov/35082119/
35043505,Breast microscopic cancer segmentation and classification using unique 4-qubit-quantum model.,"Amin J, Sharif M, Fernandes SL, Wang SH, Saba T, Khan AR",2022 May,Microscopy research and technique,10.1002/jemt.24054,Journal Article,https://pubmed.ncbi.nlm.nih.gov/35043505/
35007471,QPoweredCompound2DeNovoDrugPropMax - a novel programmatic tool incorporating deep learning and in silico methods for automated in silico bio-activity discovery for any compound of interest.,"Geoffrey A S B, Madaj R, Valluri PP",2023 Mar,Journal of biomolecular structure & dynamics,10.1080/07391102.2021.2024450,Journal Article,https://pubmed.ncbi.nlm.nih.gov/35007471/
34997034,Intelligent pharmaceutical patent search on a near-term gate-based quantum computer.,"Wang PH, Chen JH, Tseng YJ",2022 Jan 7,Scientific reports,10.1038/s41598-021-04031-y,"Journal Article, Research Support, Non-U.S. Gov't",https://pubmed.ncbi.nlm.nih.gov/34997034/
34975873,Good Tumor Response to Chemoradioimmunotherapy in dMMR/MSI-H Advanced Colorectal Cancer: A Case Series.,"Zhou C, Jiang T, Xiao Y, Wang Q, Zeng Z, Cai P, Zhao Y, Zhao Z, Wu D, Lin H, Sun C, Zhang R, Xiao W, Gao Y",2021,Frontiers in immunology,10.3389/fimmu.2021.784336,"Journal Article, Research Support, Non-U.S. Gov't",https://pubmed.ncbi.nlm.nih.gov/34975873/
34946005,Whether the Support Region of Three-Bit Uniform Quantizer Has a Strong Impact on Post-Training Quantization for MNIST Dataset?,"Nikolić J, Perić Z, Aleksić D, Tomić S, Jovanović A",2021 Dec 20,"Entropy (Basel, Switzerland)",10.3390/e23121699,Journal Article,https://pubmed.ncbi.nlm.nih.gov/34946005/
34945957,Multilevel Deep Feature Generation Framework for Automated Detection of Retinal Abnormalities Using OCT Images.,"Barua PD, Chan WY, Dogan S, Baygin M, Tuncer T, Ciaccio EJ, Islam N, Cheong KH, Shahid ZS, Acharya UR",2021 Dec 8,"Entropy (Basel, Switzerland)",10.3390/e23121651,Journal Article,https://pubmed.ncbi.nlm.nih.gov/34945957/
34944465,Ubiquitin Ligase Redundancy and Nuclear-Cytoplasmic Localization in Yeast Protein Quality Control.,"Breckel CA, Hochstrasser M",2021 Dec 3,Biomolecules,10.3390/biom11121821,"Journal Article, Research Support, N.I.H., Extramural, Review",https://pubmed.ncbi.nlm.nih.gov/34944465/
34855597,Completely Blind Quality Assessment of User Generated Video Content.,"Kancharla P, Channappayya SS",2022,IEEE transactions on image processing : a publication of the IEEE Signal Processing Society,10.1109/TIP.2021.3130541,Journal Article,https://pubmed.ncbi.nlm.nih.gov/34855597/
34847375,Temporal proteomics reveal specific cell cycle oncoprotein downregulation by p97/VCP inhibition.,"Wang F, Li S, Houerbi N, Chou TF",2022 Mar 17,Cell chemical biology,10.1016/j.chembiol.2021.11.005,"Journal Article, Research Support, N.I.H., Extramural",https://pubmed.ncbi.nlm.nih.gov/34847375/
34827617,The San1 Ubiquitin Ligase Avidly Recognizes Misfolded Proteins through Multiple Substrate Binding Sites.,"Ibarra R, Borror HR, Hart B, Gardner RG, Kleiger G",2021 Nov 2,Biomolecules,10.3390/biom11111619,"Journal Article, Research Support, U.S. Gov't, Non-P.H.S.",https://pubmed.ncbi.nlm.nih.gov/34827617/
34815117,Variant SARS-CoV-2 mRNA vaccines confer broad neutralization as primary or booster series in mice.,"Wu K, Choi A, Koch M, Elbashir S, Ma L, Lee D, Woods A, Henry C, Palandjian C, Hill A, Jani H, Quinones J, Nunna N, O'Connell S, McDermott AB, Falcone S, Narayanan E, Colpitts T, Bennett H, Corbett KS, Seder R, Graham BS, Stewart-Jones GBE, Carfi A, Edwards DK",2021 Dec 17,Vaccine,10.1016/j.vaccine.2021.11.001,"Journal Article, Research Support, Non-U.S. Gov't",https://pubmed.ncbi.nlm.nih.gov/34815117/
34792731,Carrying Excess Baggage Can Slowdown Life: Protein Clearance Machineries That Go Awry During Aging and the Relevance of Maintaining Them.,"Sarkar A, Nazir A",2022 Feb,Molecular neurobiology,10.1007/s12035-021-02640-2,"Journal Article, Review",https://pubmed.ncbi.nlm.nih.gov/34792731/
34729764,Haemoprotozoa in wild short-beaked echidnas (Tachyglossus aculeatus).,"Hill AG, Boyd SP, Clark NJ, Proboste T",2022 Mar,Australian veterinary journal,10.1111/avj.13132,Journal Article,https://pubmed.ncbi.nlm.nih.gov/34729764/
34729300,"Natural compounds in the regulation of proteostatic pathways: An invincible artillery against stress, ageing, and diseases.",Upadhyay A,2021 Oct,Acta pharmaceutica Sinica. B,10.1016/j.apsb.2021.01.006,"Journal Article, Review",https://pubmed.ncbi.nlm.nih.gov/34729300/
34698500,Identification of driver genes for critical forms of COVID-19 in a deeply phenotyped young patient cohort.,"Carapito R, Li R, Helms J, Carapito C, Gujja S, Rolli V, Guimaraes R, Malagon-Lopez J, Spinnhirny P, Lederle A, Mohseninia R, Hirschler A, Muller L, Bastard P, Gervais A, Zhang Q, Danion F, Ruch Y, Schenck M, Collange O, Chamaraux-Tran TN, Molitor A, Pichot A, Bernard A, Tahar O, Bibi-Triki S, Wu H, Paul N, Mayeur S, Larnicol A, Laumond G, Frappier J, Schmidt S, Hanauer A, Macquin C, Stemmelen T, Simons M, Mariette X, Hermine O, Fafi-Kremer S, Goichot B, Drenou B, Kuteifan K, Pottecher J, Mertes PM, Kailasan S, Aman MJ, Pin E, Nilsson P, Thomas A, Viari A, Sanlaville D, Schneider F, Sibilia J, Tharaux PL, Casanova JL, Hansmann Y, Lidar D, Radosavljevic M, Gulcher JR, Meziani F, Moog C, Chittenden TW, Bahram S",2022 Jan 19,Science translational medicine,10.1126/scitranslmed.abj7521,"Journal Article, Research Support, Non-U.S. Gov't, Research Support, U.S. Gov't, Non-P.H.S.",https://pubmed.ncbi.nlm.nih.gov/34698500/
34567495,Fitting quantum machine learning potentials to experimental free energy data: predicting tautomer ratios in solution.,"Wieder M, Fass J, Chodera JD",2021 Sep 1,Chemical science,10.1039/d1sc01185e,Journal Article,https://pubmed.ncbi.nlm.nih.gov/34567495/
34562507,Neurodegeneration & imperfect ageing: Technological limitations and challenges?,"Sundaria N, Upadhyay A, Prasad A, Prajapati VK, Poluri KM, Mishra A",2021 Dec,Mechanisms of ageing and development,10.1016/j.mad.2021.111574,"Journal Article, Research Support, Non-U.S. Gov't, Review",https://pubmed.ncbi.nlm.nih.gov/34562507/
34542660,EGFR mutation status in non-small cell lung cancer receiving PD-1/PD-L1 inhibitors and its correlation with PD-L1 expression: a meta-analysis.,"Yang H, Zhu J, Xiao R, Liu Y, Yu F, Cai L, Qiu M, He F",2022 May,"Cancer immunology, immunotherapy : CII",10.1007/s00262-021-03030-2,"Journal Article, Meta-Analysis",https://pubmed.ncbi.nlm.nih.gov/34542660/
34531445,Control of membrane protein homeostasis by a chaperone-like glial cell adhesion molecule at multiple subcellular locations.,"Xu H, Isenmann S, López-Hernández T, Estévez R, Lukacs GL, Apaja PM",2021 Sep 16,Scientific reports,10.1038/s41598-021-97777-4,"Journal Article, Research Support, Non-U.S. Gov't",https://pubmed.ncbi.nlm.nih.gov/34531445/
34525521,Diagnosing first- and second-order phase transitions with probes of quantum chaos.,"Huh KB, Ikeda K, Jahnke V, Kim KY",2021 Aug,Physical review. E,10.1103/PhysRevE.104.024136,Journal Article,https://pubmed.ncbi.nlm.nih.gov/34525521/
34525519,Improved bound on entropy production in a quantum annealer.,"Campisi M, Buffoni L",2021 Aug,Physical review. E,10.1103/PhysRevE.104.L022102,Journal Article,https://pubmed.ncbi.nlm.nih.gov/34525519/
34512201,An integrated framework for COVID-19 classification based on classical and quantum transfer learning from a chest radiograph.,"Umer MJ, Amin J, Sharif M, Anjum MA, Azam F, Shah JH",2022 Sep 10,Concurrency and computation : practice & experience,10.1002/cpe.6434,Journal Article,https://pubmed.ncbi.nlm.nih.gov/34512201/
34473428,"Polymer Composite Sponges with Inherent Antibacterial, Hemostatic, Inflammation-Modulating and Proregenerative Performances for Methicillin-Resistant Staphylococcus aureus-Infected Wound Healing.","Liu W, Yang C, Gao R, Zhang C, Ou-Yang W, Feng Z, Zhang C, Pan X, Huang P, Kong D, Wang W",2021 Nov,Advanced healthcare materials,10.1002/adhm.202101247,"Journal Article, Research Support, Non-U.S. Gov't",https://pubmed.ncbi.nlm.nih.gov/34473428/
34460711,An Efficient Method for No-Reference Video Quality Assessment.,"Agarla M, Celona L, Schettini R",2021 Mar 13,Journal of imaging,10.3390/jimaging7030055,Journal Article,https://pubmed.ncbi.nlm.nih.gov/34460711/
34460689,No-Reference Quality Assessment of In-Capture Distorted Videos.,"Agarla M, Celona L, Schettini R",2020 Jul 30,Journal of imaging,10.3390/jimaging6080074,Journal Article,https://pubmed.ncbi.nlm.nih.gov/34460689/
34454103,The ATP-dependent SWI/SNF and RSC chromatin remodelers cooperatively induce unfolded protein response genes during endoplasmic reticulum stress.,"Sahu RK, Singh S, Tomar RS",2021 Nov-Dec,Biochimica et biophysica acta. Gene regulatory mechanisms,10.1016/j.bbagrm.2021.194748,"Journal Article, Research Support, Non-U.S. Gov't",https://pubmed.ncbi.nlm.nih.gov/34454103/
34418872,Quantum neuron with real weights.,"Monteiro CA, Filho GIS, Costa MHJ, de Paula Neto FM, de Oliveira WR",2021 Nov,Neural networks : the official journal of the International Neural Network Society,10.1016/j.neunet.2021.07.034,Journal Article,https://pubmed.ncbi.nlm.nih.gov/34418872/
34395517,Pathology Quality Control for Multiplex Immunofluorescence and Image Analysis Assessment in Longitudinal Studies.,"Lazcano R, Rojas F, Laberiano C, Hernandez S, Parra ER",2021,Frontiers in molecular biosciences,10.3389/fmolb.2021.661222,Journal Article,https://pubmed.ncbi.nlm.nih.gov/34395517/
34394762,Quantum Machine Learning Architecture for COVID-19 Classification Based on Synthetic Data Generation Using Conditional Adversarial Neural Network.,"Amin J, Sharif M, Gul N, Kadry S, Chakraborty C",2022,Cognitive computation,10.1007/s12559-021-09926-6,Journal Article,https://pubmed.ncbi.nlm.nih.gov/34394762/
34330278,Quantum algorithm for quicker clinical prognostic analysis: an application and experimental study using CT scan images of COVID-19 patients.,"Sengupta K, Srivastava PR",2021 Jul 30,BMC medical informatics and decision making,10.1186/s12911-021-01588-6,Journal Article,https://pubmed.ncbi.nlm.nih.gov/34330278/
34294693,"Machine learning based energy-free structure predictions of molecules, transition states, and solids.","Lemm D, von Rudorff GF, von Lilienfeld OA",2021 Jul 22,Nature communications,10.1038/s41467-021-24525-7,Journal Article,https://pubmed.ncbi.nlm.nih.gov/34294693/
36590599,Universal adversarial examples and perturbations for quantum classifiers.,"Gong W, Deng DL",2022 Jun,National science review,10.1093/nsr/nwab130,Journal Article,https://pubmed.ncbi.nlm.nih.gov/36590599/
34226648,Leveraging the Massachusetts perinatal quality collaborative to address the COVID-19 pandemic among diverse populations.,"Sullivan K, Belfort MB, Melvin P, Angelidou A, Peaceman A, Shui JE, Vaidya R, Singh R, Bartolome R, Patrizi S, Chaudhary N, Goldfarb IT, Culic I, Yanni D, Gupta M, Hudak M, Parker MG",2021 Nov,Journal of perinatology : official journal of the California Perinatal Association,10.1038/s41372-021-01136-0,Journal Article,https://pubmed.ncbi.nlm.nih.gov/34226648/
34222342,The Mitochondrial Hsp90 TRAP1 and Alzheimer's Disease.,"Dekker FA, Rüdiger SGD",2021,Frontiers in molecular biosciences,10.3389/fmolb.2021.697913,"Journal Article, Review",https://pubmed.ncbi.nlm.nih.gov/34222342/
34188070,Assessment of image generation by quantum annealer.,"Sato T, Ohzeki M, Tanaka K",2021 Jun 29,Scientific reports,10.1038/s41598-021-92295-9,Journal Article,https://pubmed.ncbi.nlm.nih.gov/34188070/
34179850,Shattering cancer with quantum machine learning: A preview.,Geraci J,2021 Jun 11,"Patterns (New York, N.Y.)",10.1016/j.patter.2021.100281,News,https://pubmed.ncbi.nlm.nih.gov/34179850/
34179840,Quantum processor-inspired machine learning in the biomedical sciences.,"Li RY, Gujja S, Bajaj SR, Gamel OE, Cilfone N, Gulcher JR, Lidar DA, Chittenden TW",2021 Jun 11,"Patterns (New York, N.Y.)",10.1016/j.patter.2021.100246,Journal Article,https://pubmed.ncbi.nlm.nih.gov/34179840/
34167376,A High-Content Screening Assay for Small Molecules That Stabilize Mutant Triose Phosphate Isomerase (TPI) as Treatments for TPI Deficiency.,"Vogt A, Eicher SL, Myers TD, Hrizo SL, Vollmer LL, Meyer EM, Palladino MJ",2021 Sep,SLAS discovery : advancing life sciences R & D,10.1177/24725552211018198,"Journal Article, Research Support, N.I.H., Extramural, Research Support, Non-U.S. Gov't",https://pubmed.ncbi.nlm.nih.gov/34167376/
34162895,Genome assembly using quantum and quantum-inspired annealing.,"Boev AS, Rakitko AS, Usmanov SR, Kobzeva AN, Popov IV, Ilinsky VV, Kiktenko EO, Fedorov AK",2021 Jun 23,Scientific reports,10.1038/s41598-021-88321-5,"Journal Article, Research Support, Non-U.S. Gov't",https://pubmed.ncbi.nlm.nih.gov/34162895/
34033147,Treatment of canine cutaneous epitheliotropic T-cell lymphoma with oclacitinib: a case report.,"Aslan J, Shipstone MA, Sullivan LM",2021 Aug,Veterinary dermatology,10.1111/vde.12976,"Case Reports, Journal Article",https://pubmed.ncbi.nlm.nih.gov/34033147/
34032436,Quantum Machine Learning Algorithms for Drug Discovery Applications.,"Batra K, Zorn KM, Foil DH, Minerali E, Gawriljuk VO, Lane TR, Ekins S",2021 Jun 28,Journal of chemical information and modeling,10.1021/acs.jcim.1c00166,"Journal Article, Research Support, N.I.H., Extramural, Research Support, Non-U.S. Gov't",https://pubmed.ncbi.nlm.nih.gov/34032436/
34028377,The investigation of foot structure within children who have attention-deficit hyperactivity disorder: a case-controlled study.,"Kaya Mutlu E, Birinci T, Kaya Aytutuldu G, Mutlu C, Razak Ozdincler A",2022 Jan 1,Journal of pediatric orthopedics. Part B,10.1097/BPB.0000000000000871,Journal Article,https://pubmed.ncbi.nlm.nih.gov/34028377/
34004552,The regenerative mechanisms of platelet-rich plasma: A review.,"Dos Santos RG, Santos GS, Alkass N, Chiesa TL, Azzini GO, da Fonseca LF, Dos Santos AF, Rodrigues BL, Mosaner T, Lana JF",2021 Aug,Cytokine,10.1016/j.cyto.2021.155560,"Journal Article, Review",https://pubmed.ncbi.nlm.nih.gov/34004552/
33998189,[Pedagogical Quality Cercle: a new tool for ambulatory clinical supervisors].,"Gillabert C, Pereira Miozzari AC, Sommer J, Sader J, Audétat MC, Rieder A",2021 May 12,Revue medicale suisse,,Journal Article,https://pubmed.ncbi.nlm.nih.gov/33998189/
33996917,The Protein Quality Control Network in Caulobacter crescentus.,"Schroeder K, Jonas K",2021,Frontiers in molecular biosciences,10.3389/fmolb.2021.682967,"Journal Article, Review",https://pubmed.ncbi.nlm.nih.gov/33996917/
33983887,Qutrit-Inspired Fully Self-Supervised Shallow Quantum Learning Network for Brain Tumor Segmentation.,"Konar D, Bhattacharyya S, Panigrahi BK, Behrman EC",2022 Nov,IEEE transactions on neural networks and learning systems,10.1109/TNNLS.2021.3077188,Journal Article,https://pubmed.ncbi.nlm.nih.gov/33983887/
33982665,"A woman with visual loss, amenorrhoea and polyuria: the first reported case of nodular lymphocyte-predominant Hodgkin lymphoma presenting with hypopituitarism.","Seymour M, Robertson T, Papacostas J, Morris K, Gillespie J, Norris D, Duncan EL",2021 May 1,"Endocrinology, diabetes & metabolism case reports",10.1530/EDM-20-0100,Journal Article,https://pubmed.ncbi.nlm.nih.gov/33982665/
33927444,Intravenous iron infusion and newer non-dextran formulations.,"Aung T, Coleman J, Davidson PW, Hetzel DJ, Aung ST",2021 Apr 30,The New Zealand medical journal,,Journal Article,https://pubmed.ncbi.nlm.nih.gov/33927444/
33844699,QuASeR: Quantum Accelerated de novo DNA sequence reconstruction.,"Sarkar A, Al-Ars Z, Bertels K",2021,PloS one,10.1371/journal.pone.0249850,Journal Article,https://pubmed.ncbi.nlm.nih.gov/33844699/
33830550,Carbon dioxide laser surgery for chronic proliferative and obstructive otitis externa in 26 dogs.,"Aslan J, Shipstone MA, Mackie JT",2021 Jun,Veterinary dermatology,10.1111/vde.12960,Journal Article,https://pubmed.ncbi.nlm.nih.gov/33830550/
33827204,MICROSPORIDIA-ASSOCIATED GRANULOMATOUS DISEASE IN TWO AUSTRALIAN COLLECTIONS OF CAPTIVE INLAND BEARDED DRAGONS (POGONA VITTICEPS).,"Llinas J, Mackie JT, Hyndman TH",2021 Apr,Journal of zoo and wildlife medicine : official publication of the American Association of Zoo Veterinarians,10.1638/2020-0138,Journal Article,https://pubmed.ncbi.nlm.nih.gov/33827204/
33798351,Experimental Quantum Principal Component Analysis via Parametrized Quantum Circuits.,"Xin T, Che L, Xi C, Singh A, Nie X, Li J, Dong Y, Lu D",2021 Mar 19,Physical review letters,10.1103/PhysRevLett.126.110502,Journal Article,https://pubmed.ncbi.nlm.nih.gov/33798351/
33792613,Deubiquitinases USP20/33 promote the biogenesis of tail-anchored membrane proteins.,"Culver JA, Mariappan M",2021 May 3,The Journal of cell biology,10.1083/jcb.202004086,"Journal Article, Research Support, N.I.H., Extramural",https://pubmed.ncbi.nlm.nih.gov/33792613/
33771978,Neuromodulation of BAG co-chaperones by HIV-1 viral proteins and H(2)O(2): implications for HIV-associated neurological disorders.,"Duggan MR, Mohseni Ahooyi T, Parikh V, Khalili K",2021 Mar 26,Cell death discovery,10.1038/s41420-021-00424-0,Journal Article,https://pubmed.ncbi.nlm.nih.gov/33771978/
33747018,Proteostatic Regulation of MEP and Shikimate Pathways by Redox-Activated Photosynthesis Signaling in Plants Exposed to Small Fungal Volatiles.,"Ameztoy K, Sánchez-López ÁM, Muñoz FJ, Bahaji A, Almagro G, Baroja-Fernández E, Gámez-Arcas S, De Diego N, Doležal K, Novák O, Pěnčík A, Alpízar A, Rodríguez-Concepción M, Pozueta-Romero J",2021,Frontiers in plant science,10.3389/fpls.2021.637976,Journal Article,https://pubmed.ncbi.nlm.nih.gov/33747018/
33716098,Detection of prenatal alcohol exposure using machine learning classification of resting-state functional network connectivity data.,"Rodriguez CI, Vergara VM, Davies S, Calhoun VD, Savage DD, Hamilton DA",2021 Jun,"Alcohol (Fayetteville, N.Y.)",10.1016/j.alcohol.2021.03.001,"Journal Article, Research Support, N.I.H., Extramural",https://pubmed.ncbi.nlm.nih.gov/33716098/
33683364,Protein quality control degron-containing substrates are differentially targeted in the cytoplasm and nucleus by ubiquitin ligases.,"Hickey CM, Breckel C, Zhang M, Theune WC, Hochstrasser M",2021 Mar 3,Genetics,10.1093/genetics/iyaa031,"Journal Article, Research Support, N.I.H., Extramural",https://pubmed.ncbi.nlm.nih.gov/33683364/
37441230,Single Small Molecule-Assembled Mitochondria Targeting Nanofibers for Enhanced Photodynamic Cancer Therapy in Vivo.,"Lin K, Ma Z, Li J, Tang M, Lindstrom A, Ramachandran M, Zhu S, Lin TY, Zhang L, Li Y",2021 Mar 3,Advanced functional materials,10.1002/adfm.202008460,Journal Article,https://pubmed.ncbi.nlm.nih.gov/37441230/
33651150,Thoracoscopic total laryngo-pharyngo-oesophagectomy for the pharyngoesophageal junction cancer: a single-center experience of multidisciplinary team.,"Liu B, Qiu ML, Wu XB, Yu MJ, Li X",2021 Nov,European archives of oto-rhino-laryngology : official journal of the European Federation of Oto-Rhino-Laryngological Societies (EUFOS) : affiliated with the German Society for Oto-Rhino-Laryngology - Head and Neck Surgery,10.1007/s00405-021-06706-8,Journal Article,https://pubmed.ncbi.nlm.nih.gov/33651150/
33638766,"TTC3-Mediated Protein Quality Control, A Potential Mechanism for Cognitive Impairment.","Zhou X, Chen X, Hong T, Zhang M, Cai Y, Cui L",2022 Aug,Cellular and molecular neurobiology,10.1007/s10571-021-01060-z,"Journal Article, Review",https://pubmed.ncbi.nlm.nih.gov/33638766/
33611645,Failure of Noninvasive Ventilation in Acute Respiratory Failure is Associated with Higher Mortality in Patients with Solid Tumors: A Retrospective Cohort Study.,"Lima FV, Hajjar LA, Almeida JP, Ramalho S, Chiappa GR, Cipriano G, Cahalin LP, de Carvalho CR, Junior GC",2021 Sep,Supportive care in cancer : official journal of the Multinational Association of Supportive Care in Cancer,10.1007/s00520-021-06078-z,Journal Article,https://pubmed.ncbi.nlm.nih.gov/33611645/
33584340,The Heart of the Alzheimer's: A Mindful View of Heart Disease.,"Evangelisti A, Butler H, Del Monte F",2020,Frontiers in physiology,10.3389/fphys.2020.625974,"Systematic Review, Journal Article",https://pubmed.ncbi.nlm.nih.gov/33584340/
33562660,"The Role of HSPB8, a Component of the Chaperone-Assisted Selective Autophagy Machinery, in Cancer.","Cristofani R, Piccolella M, Crippa V, Tedesco B, Montagnani Marelli M, Poletti A, Moretti RM",2021 Feb 5,Cells,10.3390/cells10020335,"Journal Article, Research Support, Non-U.S. Gov't, Review",https://pubmed.ncbi.nlm.nih.gov/33562660/
33557881,Novel bone repairing scaffold consisting of bone morphogenetic Protein-2 and human Beta Defensin-3.,"He W, Wei D, Zhang J, Huang X, He D, Liu B, Wang Q, Liu M, Liu L, Liu Y, Tian W",2021 Feb 8,Journal of biological engineering,10.1186/s13036-021-00258-5,Journal Article,https://pubmed.ncbi.nlm.nih.gov/33557881/
33531515,A quantum-inspired classifier for clonogenic assay evaluations.,"Sergioli G, Militello C, Rundo L, Minafra L, Torrisi F, Russo G, Chow KL, Giuntini R",2021 Feb 2,Scientific reports,10.1038/s41598-021-82085-8,"Journal Article, Research Support, Non-U.S. Gov't",https://pubmed.ncbi.nlm.nih.gov/33531515/
33530848,"Complex Inclusion Bodies and Defective Proteome Hubs in Neurodegenerative Disease: New Clues, New Challenges.","Upadhyay A, Sundaria N, Dhiman R, Prajapati VK, Prasad A, Mishra A",2022 Jun,"The Neuroscientist : a review journal bringing neurobiology, neurology and psychiatry",10.1177/1073858421989582,"Journal Article, Research Support, Non-U.S. Gov't",https://pubmed.ncbi.nlm.nih.gov/33530848/
33526868,Adaptive hyperparameter updating for training restricted Boltzmann machines on quantum annealers.,"Xu G, Oates WS",2021 Feb 1,Scientific reports,10.1038/s41598-021-82197-1,"Journal Article, Research Support, Non-U.S. Gov't",https://pubmed.ncbi.nlm.nih.gov/33526868/
33503824,Proteotoxicity: A Fatal Consequence of Environmental Pollutants-Induced Impairments in Protein Clearance Machinery.,"Devi S, Kim JJ, Singh AP, Kumar S, Dubey AK, Singh SK, Singh RS, Kumar V",2021 Jan 25,Journal of personalized medicine,10.3390/jpm11020069,"Journal Article, Review",https://pubmed.ncbi.nlm.nih.gov/33503824/
33414051,Membrane Protein Quality Control Mechanisms in the Endo-Lysosome System.,"Sardana R, Emr SD",2021 Apr,Trends in cell biology,10.1016/j.tcb.2020.11.011,"Journal Article, Review",https://pubmed.ncbi.nlm.nih.gov/33414051/
33406777,Nuclear Ubiquitin-Proteasome Pathways in Proteostasis Maintenance.,"Franić D, Zubčić K, Boban M",2021 Jan 4,Biomolecules,10.3390/biom11010054,"Journal Article, Research Support, Non-U.S. Gov't, Review",https://pubmed.ncbi.nlm.nih.gov/33406777/
33386485,Spatial sequestration of misfolded proteins as an active chaperone-mediated process during heat stress.,"Boronat S, Cabrera M, Hidalgo E",2021 Apr,Current genetics,10.1007/s00294-020-01135-2,"Journal Article, Review",https://pubmed.ncbi.nlm.nih.gov/33386485/
33361368,Acquired Resistance to Severe Ethanol Stress in Saccharomyces cerevisiae Protein Quality Control.,"Yoshida M, Kato S, Fukuda S, Izawa S",2021 Feb 26,Applied and environmental microbiology,10.1128/AEM.02353-20,"Journal Article, Research Support, Non-U.S. Gov't",https://pubmed.ncbi.nlm.nih.gov/33361368/
33303815,Studying the effect of lockdown using epidemiological modelling of COVID-19 and a quantum computational approach using the Ising spin interaction.,"Padhi A, Pradhan S, Sahoo PP, Suresh K, Behera BK, Panigrahi PK",2020 Dec 10,Scientific reports,10.1038/s41598-020-78652-0,"Journal Article, Research Support, Non-U.S. Gov't",https://pubmed.ncbi.nlm.nih.gov/33303815/
33281625,Phosphorylation Modifications Regulating Cardiac Protein Quality Control Mechanisms.,"Mishra S, Dunkerly-Eyring BL, Keceli G, Ranek MJ",2020,Frontiers in physiology,10.3389/fphys.2020.593585,"Journal Article, Review",https://pubmed.ncbi.nlm.nih.gov/33281625/
33195472,Cellular Protein Quality Control in Diabetic Cardiomyopathy: From Bench to Bedside.,"Kaur N, Raja R, Ruiz-Velasco A, Liu W",2020,Frontiers in cardiovascular medicine,10.3389/fcvm.2020.585309,"Journal Article, Review",https://pubmed.ncbi.nlm.nih.gov/33195472/
33179756,Protein quality control of cell stemness.,"Yan P, Ren J, Zhang W, Qu J, Liu GH",2020 Nov 12,"Cell regeneration (London, England)",10.1186/s13619-020-00064-2,"Journal Article, Review",https://pubmed.ncbi.nlm.nih.gov/33179756/
33135311,Alternative systems for misfolded protein clearance: life beyond the proteasome.,"Johnston HE, Samant RS",2021 Aug,The FEBS journal,10.1111/febs.15617,"Journal Article, Research Support, Non-U.S. Gov't, Review",https://pubmed.ncbi.nlm.nih.gov/33135311/
33118058,Molecular characteristics of the new emerging global clone ST1193 among clinical isolates of Escherichia coli from neonatal invasive infections in China.,"Ding Y, Zhang J, Yao K, Gao W, Wang Y",2021 Apr,European journal of clinical microbiology & infectious diseases : official publication of the European Society of Clinical Microbiology,10.1007/s10096-020-04079-0,Journal Article,https://pubmed.ncbi.nlm.nih.gov/33118058/
33065212,Cross-talk between lipid homeostasis and endoplasmic reticulum stress in neurodegeneration: Insights for HIV-1 associated neurocognitive disorders (HAND).,"Torkzaban B, Mohseni Ahooyi T, Duggan M, Amini S, Khalili K",2020 Dec,Neurochemistry international,10.1016/j.neuint.2020.104880,"Journal Article, Research Support, N.I.H., Extramural, Review",https://pubmed.ncbi.nlm.nih.gov/33065212/
33062891,Intragenic variants in the SMN1 gene determine the clinical phenotype in 5q spinal muscular atrophy.,"Mendonça RH, Matsui C Jr, Polido GJ, Silva AMS, Kulikowski L, Torchio Dias A, Zanardo EA, Solla DJF, Gurgel-Giannetti J, de Moura ACML, Sampaio GPC, Oliveira ASB, de Souza PVS, Pinto WBVR, Gonçalves EA, Farias IB, Nardes F, Araújo APQC, Marques W Jr, Tomaselli PJ, Ribeiro MDO, Kitajima JP, Paoli Monteiro F, Saute JAM, Becker MM, Saraiva-Pereira ML, Brusius-Facchin AC, van der Linden V, Florêncio RN, Barbosa AVS, Machado-Costa MC, Pessoa ALS, Souza LS, Franca MC Jr, Kok F, Reed UC, Zanoteli E",2020 Oct,Neurology. Genetics,10.1212/NXG.0000000000000505,Journal Article,https://pubmed.ncbi.nlm.nih.gov/33062891/
33023587,A novel phenotype of 13q12.3 microdeletion characterized by epilepsy in an Asian child: a case report.,"Wang M, Li B, Liao Z, Jia Y, Fu Y",2020 Oct 6,BMC medical genomics,10.1186/s12920-020-00801-1,"Case Reports, Journal Article, Research Support, Non-U.S. Gov't",https://pubmed.ncbi.nlm.nih.gov/33023587/
32984318,Emerging Roles of Tripartite Motif-Containing Family Proteins (TRIMs) in Eliminating Misfolded Proteins.,"Zhang L, Afolabi LO, Wan X, Li Y, Chen L",2020,Frontiers in cell and developmental biology,10.3389/fcell.2020.00802,"Journal Article, Review",https://pubmed.ncbi.nlm.nih.gov/32984318/
32967551,Selective autophagy regulates heat stress memory in Arabidopsis by NBR1-mediated targeting of HSP90.1 and ROF1.,"Thirumalaikumar VP, Gorka M, Schulz K, Masclaux-Daubresse C, Sampathkumar A, Skirycz A, Vierstra RD, Balazadeh S",2021 Sep,Autophagy,10.1080/15548627.2020.1820778,"Journal Article, Research Support, Non-U.S. Gov't",https://pubmed.ncbi.nlm.nih.gov/32967551/
32941640,Maximal Dynamic Inspiratory Pressure Evaluation in Heart Failure: A Comprehensive Reliability and Agreement Study.,"da Silva FMF, Cipriano G, Lima ACGB, Andrade JML, Nakano EY, Chiappa GR, Cahalin LP, Cipriano GFB",2020 Dec 7,Physical therapy,10.1093/ptj/pzaa165,Journal Article,https://pubmed.ncbi.nlm.nih.gov/32941640/
32929248,Quantum machine learning using atom-in-molecule-based fragments selected on the fly.,"Huang B, von Lilienfeld OA",2020 Oct,Nature chemistry,10.1038/s41557-020-0527-z,"Journal Article, Research Support, Non-U.S. Gov't",https://pubmed.ncbi.nlm.nih.gov/32929248/
32920010,"Under construction: The dynamic assembly, maintenance, and degradation of the cardiac sarcomere.","Martin TG, Kirk JA",2020 Nov,Journal of molecular and cellular cardiology,10.1016/j.yjmcc.2020.08.018,"Journal Article, Research Support, N.I.H., Extramural, Research Support, Non-U.S. Gov't, Review",https://pubmed.ncbi.nlm.nih.gov/32920010/
32897658,A review of upper urinary tract cytology performance before and after the implementation of The Paris System.,"Zhang ML, Miki Y, Hang JF, Vohra M, Peyton S, McIntire PJ, VandenBussche CJ, Vohra P",2021 Apr,Cancer cytopathology,10.1002/cncy.22343,"Journal Article, Review",https://pubmed.ncbi.nlm.nih.gov/32897658/
32879908,Implementation of a Hamming distance-like genomic quantum classifier using inner products on ibmqx2 and ibmq_16_melbourne.,"Kathuria K, Ratan A, McConnell M, Bekiranov S",2020,Quantum machine intelligence,10.1007/s42484-020-00017-7,Journal Article,https://pubmed.ncbi.nlm.nih.gov/32879908/
32848832,Targeting Protein Kinase G to Treat Cardiac Proteotoxicity.,"Oeing CU, Mishra S, Dunkerly-Eyring BL, Ranek MJ",2020,Frontiers in physiology,10.3389/fphys.2020.00858,"Journal Article, Review",https://pubmed.ncbi.nlm.nih.gov/32848832/
32844662,Cardiogenic Shock and Hyperinflammatory Syndrome in Young Males With COVID-19.,"Chau VQ, Giustino G, Mahmood K, Oliveros E, Neibart E, Oloomi M, Moss N, Mitter SS, Contreras JP, Croft L, Serrao G, Parikh AG, Lala A, Trivieri MG, LaRocca G, Anyanwu A, Pinney SP, Mancini DM",2020 Oct,Circulation. Heart failure,10.1161/CIRCHEARTFAILURE.120.007485,Journal Article,https://pubmed.ncbi.nlm.nih.gov/32844662/
32792938,A Crucial Role for the Protein Quality Control System in Motor Neuron Diseases.,"Cristofani R, Crippa V, Cicardi ME, Tedesco B, Ferrari V, Chierichetti M, Casarotto E, Piccolella M, Messi E, Galbiati M, Rusmini P, Poletti A",2020,Frontiers in aging neuroscience,10.3389/fnagi.2020.00191,Journal Article,https://pubmed.ncbi.nlm.nih.gov/32792938/
32792229,A review of urinary cytology in the setting of upper tract urothelial carcinoma.,"Zhang ML, VandenBussche CJ, Hang JF, Miki Y, McIntire PJ, Peyton S, Vohra P",2021 Jan-Feb,Journal of the American Society of Cytopathology,10.1016/j.jasc.2020.06.011,"Journal Article, Review",https://pubmed.ncbi.nlm.nih.gov/32792229/
32766915,"Spontaneous Regression and Resolution of Breast Implant-Associated Anaplastic Large Cell Lymphoma: Implications for Research, Diagnosis and Clinical Management.","Fleming D, Stone J, Tansley P",2020 Aug,Aesthetic plastic surgery,10.1007/s00266-020-01810-2,"Case Reports, Journal Article",https://pubmed.ncbi.nlm.nih.gov/32766915/
32766902,"Update: Spontaneous Regression and Resolution of Breast Implant-Associated Anaplastic Large Cell Lymphoma-Implications for Research, Diagnosis and Clinical Management-Our Reflections and Current Thoughts Two Years On.","Fleming D, Stone J, Tansley P",2020 Aug,Aesthetic plastic surgery,10.1007/s00266-020-01771-6,"Editorial, Comment",https://pubmed.ncbi.nlm.nih.gov/32766902/
32761617,Essential oil spray reduces clinical signs of insect bite hypersensitivity in horses.,"Cox A, Wood K, Coleman G, Stewart AJ, Bertin FR, Owen H, Suen WW, Medina-Torres CE",2020 Aug,Australian veterinary journal,10.1111/avj.12963,Journal Article,https://pubmed.ncbi.nlm.nih.gov/32761617/
32759676,Co-Chaperones in Targeting and Delivery of Misfolded Proteins to the 26S Proteasome.,"Abildgaard AB, Gersing SK, Larsen-Ledet S, Nielsen SV, Stein A, Lindorff-Larsen K, Hartmann-Petersen R",2020 Aug 4,Biomolecules,10.3390/biom10081141,"Journal Article, Research Support, Non-U.S. Gov't, Review",https://pubmed.ncbi.nlm.nih.gov/32759676/
32582706,Impact of HDAC Inhibitors on Protein Quality Control Systems: Consequences for Precision Medicine in Malignant Disease.,"Kulka LAM, Fangmann PV, Panfilova D, Olzscha H",2020,Frontiers in cell and developmental biology,10.3389/fcell.2020.00425,"Journal Article, Review",https://pubmed.ncbi.nlm.nih.gov/32582706/
32552649,Evidence Linking Protein Misfolding to Quality Control in Progressive Neurodegenerative Diseases.,"Kabir MT, Uddin MS, Abdeen A, Ashraf GM, Perveen A, Hafeez A, Bin-Jumah MN, Abdel-Daim MM",2020,Current topics in medicinal chemistry,10.2174/1568026620666200618114924,"Journal Article, Review",https://pubmed.ncbi.nlm.nih.gov/32552649/
32521226,The Nuclear SUMO-Targeted Ubiquitin Quality Control Network Regulates the Dynamics of Cytoplasmic Stress Granules.,"Keiten-Schmitz J, Wagner K, Piller T, Kaulich M, Alberti S, Müller S",2020 Jul 2,Molecular cell,10.1016/j.molcel.2020.05.017,"Journal Article, Research Support, Non-U.S. Gov't",https://pubmed.ncbi.nlm.nih.gov/32521226/
32501047,Information Scrambling in Quantum Neural Networks.,"Shen H, Zhang P, You YZ, Zhai H",2020 May 22,Physical review letters,10.1103/PhysRevLett.124.200504,Journal Article,https://pubmed.ncbi.nlm.nih.gov/32501047/
32417525,A novel fluorescent sensor for specific recognition of GSH based on the copper complex and its bioimaging in living cells.,"Li S, Cao D, Meng X, Hu Z, Li Z, Yuan C, Zhou T, Han X, Ma W",2020 Jul,Bioorganic chemistry,10.1016/j.bioorg.2020.103923,"Journal Article, Research Support, Non-U.S. Gov't",https://pubmed.ncbi.nlm.nih.gov/32417525/
32414108,Enhanced Clearance of Neurotoxic Misfolded Proteins by the Natural Compound Berberine and Its Derivatives.,"Rusmini P, Cristofani R, Tedesco B, Ferrari V, Messi E, Piccolella M, Casarotto E, Chierichetti M, Cicardi ME, Galbiati M, Geroni C, Lombardi P, Crippa V, Poletti A",2020 May 13,International journal of molecular sciences,10.3390/ijms21103443,Journal Article,https://pubmed.ncbi.nlm.nih.gov/32414108/
32408359,Effect of Limb Position on Measurements of the Quadriceps Muscle Length/Femoral Length Ratio in Normal Beagle Dogs.,"Murakami S, Nagahiro Y, Shimada M, Kanno N, Suzuki S, Yogo T, Harada Y, Hara Y",2020 Jul,Veterinary and comparative orthopaedics and traumatology : V.C.O.T,10.1055/s-0040-1702235,Journal Article,https://pubmed.ncbi.nlm.nih.gov/32408359/
32380665,Anti-Acne Vulgaris Effects of Pedunculagin from the Leaves of Quercus mongolica by Anti-Inflammatory Activity and 5α-Reductase Inhibition.,"Kim M, Yin J, Hwang IH, Park DH, Lee EK, Kim MJ, Lee MW",2020 May 5,"Molecules (Basel, Switzerland)",10.3390/molecules25092154,Journal Article,https://pubmed.ncbi.nlm.nih.gov/32380665/
32336033,Non-obese patients with nonalcoholic fatty liver disease may use a lower liver stiffness cut-off to assess fibrosis stages.,"Shi YW, Wang QY, Zhao XY, Sun YM, Kong YY, Ou XJ, Jia JD, Wu SS, You H",2020 May,Journal of digestive diseases,10.1111/1751-2980.12868,Journal Article,https://pubmed.ncbi.nlm.nih.gov/32336033/
32336030,Hitchhiking on vesicles: a way to harness age-related proteopathies?,"Ahmadpour D, Babazadeh R, Nystrom T",2020 Dec,The FEBS journal,10.1111/febs.15345,"Journal Article, Research Support, Non-U.S. Gov't",https://pubmed.ncbi.nlm.nih.gov/32336030/
32317600,Opportunities to Improve Antibiotic Appropriateness in U.S. ICUs: A Multicenter Evaluation.,"Trivedi KK, Bartash R, Letourneau AR, Abbo L, Fleisher J, Gagliardo C, Kelley S, Nori P, Rieg GK, Silver P, Srinivasan A, Vargas J, Ostrowsky B, Partnership for Quality Care (PQC) Inpatient Antimicrobial Stewardship Working Group",2020 Jul,Critical care medicine,10.1097/CCM.0000000000004344,"Journal Article, Multicenter Study",https://pubmed.ncbi.nlm.nih.gov/32317600/
32292717,Autophagy Induced by Proteasomal DUB Inhibitor NiPT Restricts NiPT-Mediated Cancer Cell Death.,"Chen J, Chen X, Xu D, Yang L, Yang Z, Yang Q, Yan D, Zhang P, Feng D, Liu J",2020,Frontiers in oncology,10.3389/fonc.2020.00348,Journal Article,https://pubmed.ncbi.nlm.nih.gov/32292717/
32285945,Accuracy of quantitative HIV-1 RNA test methods at 1000 copies/mL and the potential impact of differences in assay calibration on therapy monitoring of patients.,"Lelie N, van Drimmelen H",2020 Dec,Journal of medical virology,10.1002/jmv.25877,"Journal Article, Research Support, Non-U.S. Gov't",https://pubmed.ncbi.nlm.nih.gov/32285945/
32277958,aarF domain containing kinase 5 gene promotes invasion and migration of lung cancer cells through ADCK5-SOX9-PTTG1 pathway.,"Qiu M, Li G, Wang P, Li X, Lai F, Luo R, Liu B, Lin J",2020 Jul 1,Experimental cell research,10.1016/j.yexcr.2020.112002,Journal Article,https://pubmed.ncbi.nlm.nih.gov/32277958/
32268901,First trimester use of artemisinin-based combination therapy and the risk of low birth weight and small for gestational age.,"Augusto O, Stergachis A, Dellicour S, Tinto H, Valá A, Ruperez M, Macete E, Nakanabo-Diallo S, Kazienga A, Valéa I, d'Alessandro U, Ter Kuile FO, Calip GS, Ouma P, Desai M, Sevene E",2020 Apr 8,Malaria journal,10.1186/s12936-020-03210-y,Journal Article,https://pubmed.ncbi.nlm.nih.gov/32268901/
32053622,Detecting multiple communities using quantum annealing on the D-Wave system.,"Negre CFA, Ushijima-Mwesigwa H, Mniszewski SM",2020,PloS one,10.1371/journal.pone.0227538,"Journal Article, Research Support, U.S. Gov't, Non-P.H.S.",https://pubmed.ncbi.nlm.nih.gov/32053622/
32030907,Differentiation of Pectobacterium and Dickeya spp. phytopathogens using infrared spectroscopy and machine learning analysis.,"Abu-Aqil G, Tsror L, Shufan E, Adawi S, Mordechai S, Huleihel M, Salman A",2020 May,Journal of biophotonics,10.1002/jbio.201960156,"Journal Article, Research Support, Non-U.S. Gov't",https://pubmed.ncbi.nlm.nih.gov/32030907/
32030727,Brucellosis associated with stillbirth in a bottlenose dolphin in Australia.,"Mackie JT, Blyde D, Harris L, Roe WD, Keyburn AL",2020 Mar,Australian veterinary journal,10.1111/avj.12903,"Case Reports, Journal Article",https://pubmed.ncbi.nlm.nih.gov/32030727/
32008432,Renal Denervation in Asia: Consensus Statement of the Asia Renal Denervation Consortium.,"Kario K, Kim BK, Aoki J, Wong AY, Lee YH, Wongpraparut N, Nguyen QN, Ahmad WAW, Lim ST, Ong TK, Wang TD",2020 Mar,"Hypertension (Dallas, Tex. : 1979)",10.1161/HYPERTENSIONAHA.119.13671,"Journal Article, Research Support, Non-U.S. Gov't, Review, Consensus Statement",https://pubmed.ncbi.nlm.nih.gov/32008432/
31998748,Spatial Organization of Proteasome Aggregates in the Regulation of Proteasome Homeostasis.,"Karmon O, Ben Aroya S",2019,Frontiers in molecular biosciences,10.3389/fmolb.2019.00150,"Journal Article, Review",https://pubmed.ncbi.nlm.nih.gov/31998748/
31985474,Protein Quality Control Pathways at the Crossroad of Synucleinopathies.,"De Mattos EP, Wentink A, Nussbaum-Krammer C, Hansen C, Bergink S, Melki R, Kampinga HH",2020,Journal of Parkinson's disease,10.3233/JPD-191790,"Journal Article, Research Support, Non-U.S. Gov't, Review",https://pubmed.ncbi.nlm.nih.gov/31985474/
31869933,Noise can speed Markov chain Monte Carlo estimation and quantum annealing.,"Franzke B, Kosko B",2019 Nov,Physical review. E,10.1103/PhysRevE.100.053309,Journal Article,https://pubmed.ncbi.nlm.nih.gov/31869933/
31825716,The extent of Ssa1/Ssa2 Hsp70 chaperone involvement in nuclear protein quality control degradation varies with the substrate.,"Jones RD, Enam C, Ibarra R, Borror HR, Mostoller KE, Fredrickson EK, Lin J, Chuang E, March Z, Shorter J, Ravid T, Kleiger G, Gardner RG",2020 Feb 1,Molecular biology of the cell,10.1091/mbc.E18-02-0121,"Journal Article, Research Support, N.I.H., Extramural, Research Support, Non-U.S. Gov't, Research Support, U.S. Gov't, Non-P.H.S.",https://pubmed.ncbi.nlm.nih.gov/31825716/
31797154,Abundance of the nasopharyngeal microbiome effects pertussis diagnosis and explains the sensitivity difference between bacterial culture and real-time PCR.,"Ding Y, Wang Q, Li D, Yao K, Wang T",2020 Mar,European journal of clinical microbiology & infectious diseases : official publication of the European Society of Clinical Microbiology,10.1007/s10096-019-03750-5,Journal Article,https://pubmed.ncbi.nlm.nih.gov/31797154/
31749756,Carboxyl Terminus of Hsp70-Interacting Protein Is Increased in Serum and Cerebrospinal Fluid of Patients With Spinocerebellar Ataxia Type 3.,"Hu ZW, Yang ZH, Zhang S, Liu YT, Yang J, Wang YL, Mao CY, Zhang QM, Shi CH, Xu YM",2019,Frontiers in neurology,10.3389/fneur.2019.01094,Journal Article,https://pubmed.ncbi.nlm.nih.gov/31749756/
31727088,Systematic review of carbapenem-resistant Enterobacteriaceae causing neonatal sepsis in China.,"Ding Y, Wang Y, Hsia Y, Sharland M, Heath PT",2019 Nov 14,Annals of clinical microbiology and antimicrobials,10.1186/s12941-019-0334-9,"Journal Article, Systematic Review",https://pubmed.ncbi.nlm.nih.gov/31727088/
31667342,Training of quantum circuits on a hybrid quantum computer.,"Zhu D, Linke NM, Benedetti M, Landsman KA, Nguyen NH, Alderete CH, Perdomo-Ortiz A, Korda N, Garfoot A, Brecque C, Egan L, Perdomo O, Monroe C",2019 Oct,Science advances,10.1126/sciadv.aaw9918,"Journal Article, Research Support, U.S. Gov't, Non-P.H.S., Research Support, Non-U.S. Gov't",https://pubmed.ncbi.nlm.nih.gov/31667342/
31618500,MiR-183-5p protects rat hearts against myocardial ischemia/reperfusion injury through targeting VDAC1.,"Lin D, Cui B, Ma J, Ren J",2020 Jan,"BioFactors (Oxford, England)",10.1002/biof.1571,Journal Article,https://pubmed.ncbi.nlm.nih.gov/31618500/
31570039,Human cells adapt to translational errors by modulating protein synthesis rate and protein turnover.,"Varanda AS, Santos M, Soares AR, Vitorino R, Oliveira P, Oliveira C, Santos MAS",2020 Jan,RNA biology,10.1080/15476286.2019.1670039,"Journal Article, Research Support, Non-U.S. Gov't",https://pubmed.ncbi.nlm.nih.gov/31570039/
31556109,Age-related neurodegenerative diseases.,"Duggan M, Torkzaban B, Ahooyi TM, Khalili K, Gordon J",2020 Apr,Journal of cellular physiology,10.1002/jcp.29248,"Journal Article, Research Support, N.I.H., Extramural, Review",https://pubmed.ncbi.nlm.nih.gov/31556109/
31524873,"In Situ Monitoring of Transiently Formed Molecular Chaperone Assemblies in Bacteria, Yeast, and Human Cells.","Alberts N, Mathangasinghe Y, Nillegoda NB",2019 Sep 2,Journal of visualized experiments : JoVE,10.3791/60172,"Journal Article, Research Support, Non-U.S. Gov't, Video-Audio Media",https://pubmed.ncbi.nlm.nih.gov/31524873/
31519392,An exploratory analysis investigating blood protein biomarkers to augment ECG diagnosis of ACS.,"McGilligan V, Watterson S, Rjoob K, Chemaly M, Bond R, Iftikhar A, Knoery C, Leslie SJ, McShane A, Bjourson A, Peace A",2019 Nov-Dec,Journal of electrocardiology,10.1016/j.jelectrocard.2019.09.002,"Journal Article, Research Support, Non-U.S. Gov't",https://pubmed.ncbi.nlm.nih.gov/31519392/
31511332,Identification of an Unusual 16S rRNA Mutation in Neisseria gonorrhoeae.,"Guglielmino CJD, Appleton S, Vohra R, Jennison AV",2019 Nov,Journal of clinical microbiology,10.1128/JCM.01337-19,Letter,https://pubmed.ncbi.nlm.nih.gov/31511332/
31436121,Chloroplast protein homeostasis is coupled with retrograde signaling.,"Dogra V, Kim C",2019,Plant signaling & behavior,10.1080/15592324.2019.1656037,"Journal Article, Research Support, Non-U.S. Gov't",https://pubmed.ncbi.nlm.nih.gov/31436121/
31428776,Post-transcriptional negative feedback regulation of proteostasis through the Dis3 ribonuclease and its disruption by polyQ-expanded Huntingtin.,"Kong KE, Hung TF, Man PM, Wong TN, Cheng T, Jin DY",2019 Nov 4,Nucleic acids research,10.1093/nar/gkz722,"Journal Article, Research Support, Non-U.S. Gov't",https://pubmed.ncbi.nlm.nih.gov/31428776/
31343339,The epidemiology of amyloidosis in Australia.,"Wisniowski B, McLeod D, Adams R, Harvey Y, Armes J, Papadimos D, Brown I, McGuire L, Mollee P",2019,Amyloid : the international journal of experimental and clinical investigation : the official journal of the International Society of Amyloidosis,10.1080/13506129.2019.1582481,Journal Article,https://pubmed.ncbi.nlm.nih.gov/31343339/
31340776,Rapid diagnosis of Capnocytophaga canimorsus septic shock in an immunocompetent individual using real-time Nanopore sequencing: a case report.,"Bialasiewicz S, Duarte TPS, Nguyen SH, Sukumaran V, Stewart A, Appleton S, Pitt ME, Bainomugisa A, Jennison AV, Graham R, Coin LJM, Hajkowicz K",2019 Jul 24,BMC infectious diseases,10.1186/s12879-019-4173-2,"Case Reports, Journal Article",https://pubmed.ncbi.nlm.nih.gov/31340776/
31323898,Protein Quality Control Activation and Microtubule Remodeling in Hypertrophic Cardiomyopathy.,"Dorsch LM, Schuldt M, dos Remedios CG, Schinkel AFL, de Jong PL, Michels M, Kuster DWD, Brundel BJJM, van der Velden J",2019 Jul 18,Cells,10.3390/cells8070741,"Journal Article, Research Support, Non-U.S. Gov't",https://pubmed.ncbi.nlm.nih.gov/31323898/
31269461,Implication of homocysteine in protein quality control processes.,"Reddy VS, Trinath J, Reddy GB",2019 Oct,Biochimie,10.1016/j.biochi.2019.06.017,"Journal Article, Review",https://pubmed.ncbi.nlm.nih.gov/31269461/
31228085,Protein quality control machinery in intracellular protozoan parasites: hopes and challenges for therapeutic targeting.,"Anas M, Kumari V, Gupta N, Dube A, Kumar N",2019 Sep,Cell stress & chaperones,10.1007/s12192-019-01016-9,"Journal Article, Research Support, Non-U.S. Gov't, Review",https://pubmed.ncbi.nlm.nih.gov/31228085/
31209204,Perturbation of synapsins homeostasis through HIV-1 Tat-mediated suppression of BAG3 in primary neuronal cells.,"Mohseni Ahooyi T, Torkzaban B, Shekarabi M, Tahrir FG, Decoppet EA, Cotto B, Langford D, Amini S, Khalili K",2019 Jun 17,Cell death & disease,10.1038/s41419-019-1702-2,"Journal Article, Research Support, N.I.H., Extramural",https://pubmed.ncbi.nlm.nih.gov/31209204/
31187709,Protein Misfolding Diseases and Therapeutic Approaches.,"Yadav K, Yadav A, Vashistha P, Pandey VP, Dwivedi UN",2019,Current protein & peptide science,10.2174/1389203720666190610092840,"Journal Article, Review",https://pubmed.ncbi.nlm.nih.gov/31187709/
31167250,A Quantitative and Qualitative Analysis of Electronic Prescribing Incidents Reported by Community Pharmacists.,"Hincapie AL, Alamer A, Sears J, Warholak TL, Goins S, Weinstein SD",2019 May,Applied clinical informatics,10.1055/s-0039-1691840,"Journal Article, Research Support, Non-U.S. Gov't",https://pubmed.ncbi.nlm.nih.gov/31167250/
31166830,Protein folding state-dependent sorting at the Golgi apparatus.,"Hellerschmied D, Serebrenik YV, Shao L, Burslem GM, Crews CM",2019 Aug 1,Molecular biology of the cell,10.1091/mbc.E19-01-0069,"Journal Article, Research Support, N.I.H., Extramural, Research Support, Non-U.S. Gov't",https://pubmed.ncbi.nlm.nih.gov/31166830/
31148162,"The epidemiology of amyloidosis in Queensland, Australia.","Wisniowski B, McLeod DSA, Adams R, Harvey Y, Brown I, McGuire L, Armes J, Mollee P",2019 Sep,British journal of haematology,10.1111/bjh.16000,"Clinical Trial, Journal Article, Multicenter Study, Research Support, Non-U.S. Gov't",https://pubmed.ncbi.nlm.nih.gov/31148162/
31120682,MYCOTIC DERMATITIS IN JUVENILE FRESHWATER CROCODILES (CROCODYLUS JOHNSTONI) CAUSED BY NANNIZZIOPSIS CROCODILI.,"Hill AG, Sandy JR, Begg A",2019 Mar 1,Journal of zoo and wildlife medicine : official publication of the American Association of Zoo Veterinarians,10.1638/2018-0133,"Case Reports, Journal Article",https://pubmed.ncbi.nlm.nih.gov/31120682/
31114002,"Role of Bcl2-associated Athanogene 3 in Turnover of Gap Junction Protein, Connexin 43, in Neonatal Cardiomyocytes.","Ghasemi Tahrir F, Gupta M, Myers V, Gordon J, Cheung JY, Feldman AM, Khalili K",2019 May 21,Scientific reports,10.1038/s41598-019-44139-w,"Journal Article, Research Support, N.I.H., Extramural",https://pubmed.ncbi.nlm.nih.gov/31114002/
31059463,Memristive Quantized Neural Networks: A Novel Approach to Accelerate Deep Learning On-Chip.,"Zhang Y, Cui M, Shen L, Zeng Z",2021 Apr,IEEE transactions on cybernetics,10.1109/TCYB.2019.2912205,Journal Article,https://pubmed.ncbi.nlm.nih.gov/31059463/
31025329,Confirmed case of Pneumocystis pneumonia in a Maltese Terrier × Papillon dog being treated with toceranib phosphate.,"Best MP, Boyd SP, Danesi P",2019 May,Australian veterinary journal,10.1111/avj.12805,"Case Reports, Journal Article",https://pubmed.ncbi.nlm.nih.gov/31025329/
31004355,Polyphenolic flavonoid (Myricetin) upregulated proteasomal degradation mechanisms: Eliminates neurodegenerative proteins aggregation.,"Joshi V, Mishra R, Upadhyay A, Amanullah A, Poluri KM, Singh S, Kumar A, Mishra A",2019 Nov,Journal of cellular physiology,10.1002/jcp.28695,"Journal Article, Research Support, Non-U.S. Gov't",https://pubmed.ncbi.nlm.nih.gov/31004355/
30955815,Novel insights into pasteurellosis in captive pinnipeds.,"Crawford RL, Blyde D, Blackall PJ, Forde BM, Beatson SA, Harris LM, Turni C, Omaleki L",2019 Apr,Veterinary microbiology,10.1016/j.vetmic.2019.03.017,"Case Reports, Journal Article",https://pubmed.ncbi.nlm.nih.gov/30955815/
30900358,Acute haemolytic reaction secondary to an ABO minor mismatched platelet transfusion from a group A blood donor.,"Swain F, Daly J, Baidya S, Wilson B, Morrison J, Liew YW, Powley T, Jivan Y, Bryant S, Allen A, Crampton N",2019 Apr,"Transfusion medicine (Oxford, England)",10.1111/tme.12591,"Case Reports, Letter",https://pubmed.ncbi.nlm.nih.gov/30900358/
30826859,LRSAM1 E3 ubiquitin ligase: molecular neurobiological perspectives linked with brain diseases.,"Mishra R, Upadhyay A, Prajapati VK, Dhiman R, Poluri KM, Jana NR, Mishra A",2019 Jun,Cellular and molecular life sciences : CMLS,10.1007/s00018-019-03055-y,"Journal Article, Review",https://pubmed.ncbi.nlm.nih.gov/30826859/
30746476,Quantum generative adversarial learning in a superconducting quantum circuit.,"Hu L, Wu SH, Cai W, Ma Y, Mu X, Xu Y, Wang H, Song Y, Deng DL, Zou CL, Sun L",2019 Jan,Science advances,10.1126/sciadv.aav2761,Journal Article,https://pubmed.ncbi.nlm.nih.gov/30746476/
30683983,Cellular responses to proteostasis perturbations reveal non-optimal feedback in chaperone networks.,"Ghosh A, Gangadharan A, Verma M, Das S, Matai L, Dash DP, Dash D, Mapa K, Chakraborty K",2019 Apr,Cellular and molecular life sciences : CMLS,10.1007/s00018-019-03013-8,Journal Article,https://pubmed.ncbi.nlm.nih.gov/30683983/
30661296,Invasive pulmonary aspergillosis in patients with influenza infection: A retrospective study and review of the literature.,"Huang L, Zhang N, Huang X, Xiong S, Feng Y, Zhang Y, Li M, Zhan Q",2019 Apr,The clinical respiratory journal,10.1111/crj.12995,"Comparative Study, Journal Article, Review",https://pubmed.ncbi.nlm.nih.gov/30661296/
30635086,Protein stability and degradation in health and disease.,"Clausen L, Abildgaard AB, Gersing SK, Stein A, Lindorff-Larsen K, Hartmann-Petersen R",2019,Advances in protein chemistry and structural biology,10.1016/bs.apcsb.2018.09.002,"Journal Article, Research Support, Non-U.S. Gov't, Review",https://pubmed.ncbi.nlm.nih.gov/30635086/
30634694,The Roles of Ubiquitin-Binding Protein Shuttles in the Degradative Fate of Ubiquitinated Proteins in the Ubiquitin-Proteasome System and Autophagy.,"Zientara-Rytter K, Subramani S",2019 Jan 10,Cells,10.3390/cells8010040,"Journal Article, Research Support, N.I.H., Extramural, Research Support, Non-U.S. Gov't, Review",https://pubmed.ncbi.nlm.nih.gov/30634694/
30631036,Lamin B is a target for selective nuclear PQC by BAG3: implication for nuclear envelopathies.,"Gupta MK, Gordon J, Glauser GM, Myers VD, Feldman AM, Cheung JY, Khalili K",2019 Jan 10,Cell death & disease,10.1038/s41419-018-1255-9,"Journal Article, Research Support, N.I.H., Extramural",https://pubmed.ncbi.nlm.nih.gov/30631036/
30626801,Histone Deacetylase Inhibitor SAHA Treatment Prevents the Development of Heart Failure after Myocardial Infarction via an Induction of Heat-Shock Proteins in Rats.,"Nagata S, Marunouchi T, Tanonaka K",2019 Mar 1,Biological & pharmaceutical bulletin,10.1248/bpb.b18-00785,Journal Article,https://pubmed.ncbi.nlm.nih.gov/30626801/
30617423,Simplified synchronous disconnection of pulmonary arteries and veins for right upper lobectomy.,"Lin JB, Qiu ML, Lin CJ, Li X, Chen JF, Lai FC, Liu B",2019 Jun,Surgical endoscopy,10.1007/s00464-018-06659-w,Journal Article,https://pubmed.ncbi.nlm.nih.gov/30617423/
30603618,Design and Construction of A Laser-Based Respiratory Gating System For Implementation of Deep Inspiration Breathe Hold Technique in Radiotherapy Clinics.,"Farzaneh MJK, Nasseri S, Momennezhad M, Salek R",2018 Oct-Dec,Journal of medical signals and sensors,10.4103/jmss.JMSS_35_18,Journal Article,https://pubmed.ncbi.nlm.nih.gov/30603618/
30563406,TRIM11 cooperates with HSF1 to suppress the anti-tumor effect of proteotoxic stress drugs.,"Chen L, Yang X",2019 Jan,"Cell cycle (Georgetown, Tex.)",10.1080/15384101.2018.1558870,"Journal Article, Research Support, N.I.H., Extramural, Research Support, Non-U.S. Gov't",https://pubmed.ncbi.nlm.nih.gov/30563406/
30538125,Prostate Cancer Risk-Associated Single-Nucleotide Polymorphism Affects Prostate-Specific Antigen Glycosylation and Its Function.,"Srinivasan S, Stephens C, Wilson E, Panchadsaram J, DeVoss K, Koistinen H, Stenman UH, Brook MN, Buckle AM, Klein RJ, Lilja H, Clements J, Batra J, Practical Consortium",2019 Jan,Clinical chemistry,10.1373/clinchem.2018.295790,"Journal Article, Research Support, N.I.H., Extramural, Research Support, Non-U.S. Gov't",https://pubmed.ncbi.nlm.nih.gov/30538125/
30532243,Nonnegative/Binary matrix factorization with a D-Wave quantum annealer.,"O'Malley D, Vesselinov VV, Alexandrov BS, Alexandrov LB",2018,PloS one,10.1371/journal.pone.0206653,"Journal Article, Research Support, Non-U.S. Gov't",https://pubmed.ncbi.nlm.nih.gov/30532243/
30532242,qTorch: The quantum tensor contraction handler.,"Fried ES, Sawaya NPD, Cao Y, Kivlichan ID, Romero J, Aspuru-Guzik A",2018,PloS one,10.1371/journal.pone.0208510,"Journal Article, Research Support, U.S. Gov't, Non-P.H.S.",https://pubmed.ncbi.nlm.nih.gov/30532242/
30461098,N domain of the Lon AAA+ protease controls assembly and substrate choice.,"Brown BL, Vieux EF, Kalastavadi T, Kim S, Chen JZ, Baker TA",2019 Jul,Protein science : a publication of the Protein Society,10.1002/pro.3553,"Journal Article, Research Support, N.I.H., Extramural, Research Support, Non-U.S. Gov't",https://pubmed.ncbi.nlm.nih.gov/30461098/
30429547,Distinct proteostasis circuits cooperate in nuclear and cytoplasmic protein quality control.,"Samant RS, Livingston CM, Sontag EM, Frydman J",2018 Nov,Nature,10.1038/s41586-018-0678-x,"Journal Article, Research Support, N.I.H., Extramural, Research Support, Non-U.S. Gov't",https://pubmed.ncbi.nlm.nih.gov/30429547/
30391732,Synchronous bilateral breast cancer: A case report of heterogeneous estrogen receptor status.,"Dhadlie S, Whitfield J, Hendahewa R",2018,International journal of surgery case reports,10.1016/j.ijscr.2018.10.016,Journal Article,https://pubmed.ncbi.nlm.nih.gov/30391732/
30319426,Peripheral Protein Quality Control as a Novel Drug Target for CFTR Stabilizer.,"Fukuda R, Okiyoneda T",2018,Frontiers in pharmacology,10.3389/fphar.2018.01100,"Journal Article, Review",https://pubmed.ncbi.nlm.nih.gov/30319426/
30314645,Thrombotic thrombocytopenic purpura associated with Hodgkin lymphoma and non-Hodgkin lymphoma.,"Tomlinson R, Yaxley J",2018 Dec,Pathology,10.1016/j.pathol.2018.05.011,"Case Reports, Letter",https://pubmed.ncbi.nlm.nih.gov/30314645/
33265874,A QUBO Formulation of the Stereo Matching Problem for D-Wave Quantum Annealers.,"Cruz-Santos W, Venegas-Andraca SE, Lanzagorta M",2018 Oct 12,"Entropy (Basel, Switzerland)",10.3390/e20100786,Journal Article,https://pubmed.ncbi.nlm.nih.gov/33265874/
30242707,Integrated Proteogenomic Approach for Identifying Degradation Motifs in Eukaryotic Cells.,"Geffen Y, Appleboim A, Gardner RG, Ravid T",2018,"Methods in molecular biology (Clifton, N.J.)",10.1007/978-1-4939-8706-1_9,Journal Article,https://pubmed.ncbi.nlm.nih.gov/30242707/
30224519,Human DnaJB6 Antiamyloid Chaperone Protects Yeast from Polyglutamine Toxicity Separately from Spatial Segregation of Aggregates.,"Kumar J, Kline NL, Masison DC",2018 Dec 1,Molecular and cellular biology,10.1128/MCB.00437-18,"Journal Article, Research Support, N.I.H., Intramural",https://pubmed.ncbi.nlm.nih.gov/30224519/
30222561,Large-Scale Study of Perceptual Video Quality.,"Sinno Z, Bovik AC",2018 Sep 12,IEEE transactions on image processing : a publication of the IEEE Signal Processing Society,10.1109/TIP.2018.2869673,Journal Article,https://pubmed.ncbi.nlm.nih.gov/30222561/
30205836,The prevalence and associated factors of symptomatic cervical Spondylosis in Chinese adults: a community-based cross-sectional study.,"Lv Y, Tian W, Chen D, Liu Y, Wang L, Duan F",2018 Sep 11,BMC musculoskeletal disorders,10.1186/s12891-018-2234-0,"Comparative Study, Journal Article, Multicenter Study",https://pubmed.ncbi.nlm.nih.gov/30205836/
30109411,Untying the knot: protein quality control in inherited cardiomyopathies.,"Dorsch LM, Schuldt M, Knežević D, Wiersma M, Kuster DWD, van der Velden J, Brundel BJJM",2019 May,Pflugers Archiv : European journal of physiology,10.1007/s00424-018-2194-0,"Journal Article, Research Support, Non-U.S. Gov't, Review",https://pubmed.ncbi.nlm.nih.gov/30109411/
30083092,"Studying Spatial Protein Quality Control, Proteopathies, and Aging Using Different Model Misfolding Proteins in S. cerevisiae.","Schneider KL, Nyström T, Widlund PO",2018,Frontiers in molecular neuroscience,10.3389/fnmol.2018.00249,"Journal Article, Review",https://pubmed.ncbi.nlm.nih.gov/30083092/
30040001,Diagnosis and Multimodal Treatment of Metastatic Maxillofacial Juvenile Embryonal Rhabdomyosarcoma in a Young Golden Retriever.,"Gillem JM, Sullivan L, Sorenmo KU",2018 Sep/Oct,Journal of the American Animal Hospital Association,10.5326/JAAHA-MS-6662,"Case Reports, Journal Article",https://pubmed.ncbi.nlm.nih.gov/30040001/
29981813,Severe haemolysis and spherocytosis in a dog envenomed by a red-bellied black snake (Pseudechis porphyriacus) and successful treatment with a bivalent whole equine IgG antivenom and blood transfusion.,"Lenske E, Padula AM, Leister E, Boyd S",2018 Sep 1,Toxicon : official journal of the International Society on Toxinology,10.1016/j.toxicon.2018.07.005,"Case Reports, Journal Article",https://pubmed.ncbi.nlm.nih.gov/29981813/
29974057,"Patients' Perception of Quality of Diabetes Care Received in Ibadan, Nigeria.","Falayi EO, Adeoye IA, Adedokun BO, Fasanmade AA",2018 Feb,Archives of basic and applied medicine,,Journal Article,https://pubmed.ncbi.nlm.nih.gov/29974057/
29948093,"Reply to the Editor Regarding: Magnusson MR, Deva AK Letter to the Editor 2018 May 2 in Relation to: Fleming D, Stone J, Tansley P. Spontaneous Regression and Resolution of Breast Implant-Associated Anaplastic Large Cell Lymphoma: Implications for Research, Diagnosis and Clinical Management. Aesth Plast Surg, 2018.","Fleming D, Stone J, Tansley P",2018 Aug,Aesthetic plastic surgery,10.1007/s00266-018-1169-z,"Letter, Comment",https://pubmed.ncbi.nlm.nih.gov/29948093/
29947425,Persistent reticulocytosis in a case of poodle macrocytosis.,"Boyd SP, Best MP",2018 Sep,Veterinary clinical pathology,10.1111/vcp.12626,"Case Reports, Journal Article",https://pubmed.ncbi.nlm.nih.gov/29947425/
29944134,"Kinetic, isotherm, and thermodynamic studies of the adsorption of dyes from aqueous solution by cellulose-based adsorbents.","Wang Y, Zhao L, Hou J, Peng H, Wu J, Liu Z, Guo X",2018 Jun,Water science and technology : a journal of the International Association on Water Pollution Research,10.2166/wst.2018.229,Journal Article,https://pubmed.ncbi.nlm.nih.gov/29944134/
29894736,Torpor-arousal cycles in Syrian hamster heart are associated with transient activation of the protein quality control system.,"Wiersma M, Beuren TMA, de Vrij EL, Reitsema VA, Bruintjes JJ, Bouma HR, Brundel BJJM, Henning RH",2018 Sep,"Comparative biochemistry and physiology. Part B, Biochemistry & molecular biology",10.1016/j.cbpb.2018.06.001,Journal Article,https://pubmed.ncbi.nlm.nih.gov/29894736/
29872907,"Reply to the Editor Regarding: Miranda RN, Clemens MW Letter to the Editor 2018 Apr 6 in Relation to: Fleming D, Stone J, Tansley P. Spontaneous Regression and Resolution of Breast Implant-Associated Anaplastic Large Cell Lymphoma: Implications for Research, Diagnosis and Clinical Management. Aesth Plast Surg, 2018.","Fleming D, Stone J, Tansley P",2018 Aug,Aesthetic plastic surgery,10.1007/s00266-018-1152-8,"Letter, Comment",https://pubmed.ncbi.nlm.nih.gov/29872907/
29803126,A novel approach for rehabilitation of a triceps tendon rupture: A case report.,"Martins WR, Blasczyk JC, Soares S, de Paula WD, Bottaro M, Gentil P",2018 Jul,Physical therapy in sport : official journal of the Association of Chartered Physiotherapists in Sports Medicine,10.1016/j.ptsp.2018.05.016,"Case Reports, Journal Article",https://pubmed.ncbi.nlm.nih.gov/29803126/
29791322,A low-complexity algorithm for detection of atrial fibrillation using an ECG.,"Sadr N, Jayawardhana M, Pham TT, Tang R, Balaei AT, de Chazal P",2018 Jun 20,Physiological measurement,10.1088/1361-6579/aac76c,Journal Article,https://pubmed.ncbi.nlm.nih.gov/29791322/
33265470,Adiabatic Quantum Computation Applied to Deep Learning Networks.,"Liu J, Spedalieri FM, Yao KT, Potok TE, Schuman C, Young S, Patton R, Rose GS, Chamka G",2018 May 18,"Entropy (Basel, Switzerland)",10.3390/e20050380,Journal Article,https://pubmed.ncbi.nlm.nih.gov/33265470/
29720071,"The effects of culture independent diagnostic testing on the diagnosis and reporting of enteric bacterial pathogens in Queensland, 2010 to 2014.","May FJ, Stafford RJ, Carroll H, Robson JM, Vohra R, Nimmo GR, Bates J, Kirk MD, Fearnley EJ, Polkinghorne BG",2017 Sep 1,Communicable diseases intelligence quarterly report,10.33321/cdi.2017.41.32,Journal Article,https://pubmed.ncbi.nlm.nih.gov/29720071/
29691857,Primary tonsillar mast cell tumour in a dog.,"Shekell CC, Thomson MJ, Miller RI, Mackie JT",2018 May,Australian veterinary journal,10.1111/avj.12693,"Case Reports, Journal Article",https://pubmed.ncbi.nlm.nih.gov/29691857/
29652405,Quantum annealing versus classical machine learning applied to a simplified computational biology problem.,"Li RY, Di Felice R, Rohs R, Lidar DA",2018,NPJ quantum information,10.1038/s41534-018-0060-8,Journal Article,https://pubmed.ncbi.nlm.nih.gov/29652405/
29634446,The National Network of State Perinatal Quality Collaboratives: A Growing Movement to Improve Maternal and Infant Health.,"Henderson ZT, Ernst K, Simpson KR, Berns S, Suchdev DB, Main E, McCaffrey M, Lee K, Rouse TB, Olson CK",2018 Mar,Journal of women's health (2002),10.1089/jwh.2018.6941,"Journal Article, Research Support, U.S. Gov't, P.H.S.",https://pubmed.ncbi.nlm.nih.gov/29634446/
29526917,[The critical role of autophagy in heart failure].,Maejima Y,2018,Nihon yakurigaku zasshi. Folia pharmacologica Japonica,10.1254/fpj.151.100,Journal Article,https://pubmed.ncbi.nlm.nih.gov/29526917/
29505420,Reducing Maternal Mortality and Severe Maternal Morbidity Through State-based Quality Improvement Initiatives.,Main EK,2018 Jun,Clinical obstetrics and gynecology,10.1097/GRF.0000000000000361,"Journal Article, Research Support, Non-U.S. Gov't",https://pubmed.ncbi.nlm.nih.gov/29505420/
29468081,Progressive cutaneous viral pigmented plaques in three Hungarian Vizslas and the response of lesions to topical tigilanol tiglate gel.,"Hansen N, Nicholas N, Pack G, Mackie JT, Shipstone M, Munday JS, Reddell P, Orbell G, Malik R",2018 Feb,Veterinary medicine and science,10.1002/vms3.85,Journal Article,https://pubmed.ncbi.nlm.nih.gov/29468081/
29445921,"Spontaneous Regression and Resolution of Breast Implant-Associated Anaplastic Large Cell Lymphoma: Implications for Research, Diagnosis and Clinical Management.","Fleming D, Stone J, Tansley P",2018 Jun,Aesthetic plastic surgery,10.1007/s00266-017-1064-z,"Case Reports, Journal Article, Review",https://pubmed.ncbi.nlm.nih.gov/29445921/
29426855,Quantum ensembles of quantum classifiers.,"Schuld M, Petruccione F",2018 Feb 9,Scientific reports,10.1038/s41598-018-20403-3,"Journal Article, Research Support, Non-U.S. Gov't",https://pubmed.ncbi.nlm.nih.gov/29426855/
29415351,Considerations for pre-transfusion immunohaematology testing in patients receiving the anti-CD38 monoclonal antibody daratumumab for the treatment of multiple myeloma.,"Quach H, Benson S, Haysom H, Wilkes AM, Zacher N, Cole-Sinclair M, Miles Prince H, Mollee P, Spencer A, Joy Ho P, Harrison SJ, Lee C, Augustson B, Daly J",2018 Feb,Internal medicine journal,10.1111/imj.13707,"Journal Article, Review",https://pubmed.ncbi.nlm.nih.gov/29415351/
29389242,The National Network of State Perinatal Quality Collaboratives: A Growing Movement to Improve Maternal and Infant Health.,"Henderson ZT, Ernst K, Simpson KR, Berns SD, Suchdev DB, Main E, McCaffrey M, Lee K, Rouse TB, Olson CK",2018 Feb,Journal of women's health (2002),10.1089/jwh.2017.6844,"Journal Article, Research Support, U.S. Gov't, P.H.S.",https://pubmed.ncbi.nlm.nih.gov/29389242/
29310581,Application of extracorporeal membrane oxygenation in patients with severe acute respiratory distress syndrome induced by avian influenza A (H7N9) viral pneumonia: national data from the Chinese multicentre collaboration.,"Huang L, Zhang W, Yang Y, Wu W, Lu W, Xue H, Zhao H, Wu Y, Shang J, Cai L, Liu L, Liu D, Wang Y, Cao B, Zhan Q, Wang C",2018 Jan 8,BMC infectious diseases,10.1186/s12879-017-2903-x,"Journal Article, Multicenter Study, Research Support, Non-U.S. Gov't",https://pubmed.ncbi.nlm.nih.gov/29310581/
29281988,Intravenous artesunate plus Artemisnin based Combination Therapy (ACT) or intravenous quinine plus ACT for treatment of severe malaria in Ugandan children: a randomized controlled clinical trial.,"Byakika-Kibwika P, Achan J, Lamorde M, Karera-Gonahasa C, Kiragga AN, Mayanja-Kizza H, Kiwanuka N, Nsobya S, Talisuna AO, Merry C",2017 Dec 28,BMC infectious diseases,10.1186/s12879-017-2924-5,"Journal Article, Randomized Controlled Trial, Research Support, Non-U.S. Gov't",https://pubmed.ncbi.nlm.nih.gov/29281988/
29265674,Aerobic exercise training rescues protein quality control disruption on white skeletal muscle induced by chronic kidney disease in rats.,"De Moraes WMAM, de Souza PRM, da Paixão NA, de Sousa LGO, Ribeiro DA, Marshall AG, Prestes J, Irigoyen MC, Brum PC, Medeiros A",2018 Mar,Journal of cellular and molecular medicine,10.1111/jcmm.13374,"Journal Article, Research Support, Non-U.S. Gov't",https://pubmed.ncbi.nlm.nih.gov/29265674/
29257043,A Quantum Hybrid PSO Combined with Fuzzy k-NN Approach to Feature Selection and Cell Classification in Cervical Cancer Detection.,"Iliyasu AM, Fatichah C",2017 Dec 19,"Sensors (Basel, Switzerland)",10.3390/s17122935,Journal Article,https://pubmed.ncbi.nlm.nih.gov/29257043/
29238425,A Social Network Approach to the Estimation of Perceived Quality of Health Care.,"Carletti G, Soriani N, Mattiazzi M, Gregori D",2017,The open nursing journal,10.2174/1874434601711010219,Journal Article,https://pubmed.ncbi.nlm.nih.gov/29238425/
29192359,A field and laboratory study of the responses of cytoprotection and osmoregulation to salinity stress in mosquitofish (Gambusia affinis).,"Tsai JW, Liew HJ, Jhang JJ, Hung SH, Meng PJ, Leu MY, Lim C, Tang CH",2018 Apr,Fish physiology and biochemistry,10.1007/s10695-017-0448-y,Journal Article,https://pubmed.ncbi.nlm.nih.gov/29192359/
29142740,Combined empirical mode decomposition and texture features for skin lesion classification using quadratic support vector machine.,"Wahba MA, Ashour AS, Napoleon SA, Abd Elnaby MM, Guo Y",2017 Dec,Health information science and systems,10.1007/s13755-017-0033-x,Journal Article,https://pubmed.ncbi.nlm.nih.gov/29142740/
29125483,The targeted regulation of Gli1 by miR-361 to inhibit epithelia-mesenchymal transition and invasion of esophageal carcinoma cells.,"Lin P, Pang Q, Wang P, Lv X, Liu L, Li A",2018 Feb 6,Cancer biomarkers : section A of Disease markers,10.3233/CBM-170802,"Journal Article, Retracted Publication",https://pubmed.ncbi.nlm.nih.gov/29125483/
29105891,Aortopulmonary collateral flow quantification by MR at rest and during continuous submaximal exercise in patients with total cavopulmonary connection.,"Mkrtchyan N, Frank Y, Steinlechner E, Calavrezos L, Meierhofer C, Hager A, Martinoff S, Ewert P, Stern H",2018 Jun,Journal of magnetic resonance imaging : JMRI,10.1002/jmri.25889,Journal Article,https://pubmed.ncbi.nlm.nih.gov/29105891/
29098069,Reliability of the pronator quadratus fat pad sign to predict the severity of distal radius fractures.,"Loesaus J, Wobbe I, Stahlberg E, Barkhausen J, Goltz JP",2017 Sep 28,World journal of radiology,10.4329/wjr.v9.i9.359,Journal Article,https://pubmed.ncbi.nlm.nih.gov/29098069/
29088822,Phosphorylation and degradation of αB-crystallin during enterovirus infection facilitates viral replication and induces viral pathogenesis.,"Fung G, Wong J, Berhe F, Mohamud Y, Xue YC, Luo H",2017 Sep 26,Oncotarget,10.18632/oncotarget.20366,Journal Article,https://pubmed.ncbi.nlm.nih.gov/29088822/
29087340,MPSR1 is a cytoplasmic PQC E3 ligase for eliminating emergent misfolded proteins in Arabidopsis thaliana.,"Kim JH, Cho SK, Oh TR, Ryu MY, Yang SW, Kim WT",2017 Nov 14,Proceedings of the National Academy of Sciences of the United States of America,10.1073/pnas.1713574114,"Journal Article, Research Support, Non-U.S. Gov't",https://pubmed.ncbi.nlm.nih.gov/29087340/
29026925,ER Protein Quality Control and the Unfolded Protein Response in the Heart.,"Arrieta A, Blackwood EA, Glembotski CC",2018,Current topics in microbiology and immunology,10.1007/82_2017_54,"Journal Article, Review",https://pubmed.ncbi.nlm.nih.gov/29026925/
29021741,The Neuroprotective Role of Protein Quality Control in Halting the Development of Alpha-Synuclein Pathology.,"Manecka DL, Vanderperre B, Fon EA, Durcan TM",2017,Frontiers in molecular neuroscience,10.3389/fnmol.2017.00311,"Journal Article, Review",https://pubmed.ncbi.nlm.nih.gov/29021741/
28992440,Coping with Protein Quality Control Failure.,"Pilla E, Schneider K, Bertolotti A",2017 Oct 6,Annual review of cell and developmental biology,10.1146/annurev-cellbio-111315-125334,"Journal Article, Review, Research Support, Non-U.S. Gov't",https://pubmed.ncbi.nlm.nih.gov/28992440/
28985848,Transforming growth factor β1 and Fas ligand synergistically enhance immune tolerance in dendritic cells in liver transplantation.,"Qiu M, Chen Y, Chen L, Zeng J, Liu J",2017 Oct,The Journal of surgical research,10.1016/j.jss.2017.05.040,"Journal Article, Validation Study",https://pubmed.ncbi.nlm.nih.gov/28985848/
28978642,Selective aggregation of the splicing factor Hsh155 suppresses splicing upon genotoxic stress.,"Mathew V, Tam AS, Milbury KL, Hofmann AK, Hughes CS, Morin GB, Loewen CJR, Stirling PC",2017 Dec 4,The Journal of cell biology,10.1083/jcb.201612018,Journal Article,https://pubmed.ncbi.nlm.nih.gov/28978642/
28937603,Proteome Stability as a Key Factor of Genome Integrity.,"Gumeni S, Evangelakou Z, Gorgoulis VG, Trougakos IP",2017 Sep 22,International journal of molecular sciences,10.3390/ijms18102036,"Journal Article, Review",https://pubmed.ncbi.nlm.nih.gov/28937603/
28890687,Gp78 E3 Ubiquitin Ligase: Essential Functions and Contributions in Proteostasis.,"Joshi V, Upadhyay A, Kumar A, Mishra A",2017,Frontiers in cellular neuroscience,10.3389/fncel.2017.00259,"Journal Article, Review",https://pubmed.ncbi.nlm.nih.gov/28890687/
28836670,"Epizootics of Streptococcus agalactiae infection in captive rays from Queensland, Australia.","Bowater RO, Dennis MM, Blyde D, Stone B, Barnes AC, Delamare-Deboutteville J, Horton MA, White M, Condon K, Jones R",2018 Feb,Journal of fish diseases,10.1111/jfd.12701,Journal Article,https://pubmed.ncbi.nlm.nih.gov/28836670/
28819214,HIV-1 Nef-induced cardiotoxicity through dysregulation of autophagy.,"Gupta MK, Kaminski R, Mullen B, Gordon J, Burdo TH, Cheung JY, Feldman AM, Madesh M, Khalili K",2017 Aug 17,Scientific reports,10.1038/s41598-017-08736-x,"Journal Article, Research Support, N.I.H., Extramural",https://pubmed.ncbi.nlm.nih.gov/28819214/
28779490,Blocking protein quality control to counter hereditary cancers.,"Kampmeyer C, Nielsen SV, Clausen L, Stein A, Gerdes AM, Lindorff-Larsen K, Hartmann-Petersen R",2017 Dec,"Genes, chromosomes & cancer",10.1002/gcc.22487,"Journal Article, Review, Research Support, Non-U.S. Gov't",https://pubmed.ncbi.nlm.nih.gov/28779490/
28737513,Loss-of-function mutations in co-chaperone BAG3 destabilize small HSPs and cause cardiomyopathy.,"Fang X, Bogomolovas J, Wu T, Zhang W, Liu C, Veevers J, Stroud MJ, Zhang Z, Ma X, Mu Y, Lao DH, Dalton ND, Gu Y, Wang C, Wang M, Liang Y, Lange S, Ouyang K, Peterson KL, Evans SM, Chen J",2017 Aug 1,The Journal of clinical investigation,10.1172/JCI94310,Journal Article,https://pubmed.ncbi.nlm.nih.gov/28737513/
28680391,The Role of the Multifunctional BAG3 Protein in Cellular Protein Quality Control and in Disease.,"Stürner E, Behl C",2017,Frontiers in molecular neuroscience,10.3389/fnmol.2017.00177,"Journal Article, Review",https://pubmed.ncbi.nlm.nih.gov/28680391/
28653597,Lipid-core nanocapsules increase the oral efficacy of quercetin in cutaneous leishmaniasis.,"Sousa-Batista AJ, Poletto FS, Philipon CIMS, Guterres SS, Pohlmann AR, Rossi-Bergmann B",2017 Nov,Parasitology,10.1017/S003118201700097X,Journal Article,https://pubmed.ncbi.nlm.nih.gov/28653597/
28646136,Recurrent background mutations in WHI2 impair proteostasis and degradation of misfolded cytosolic proteins in Saccharomyces cerevisiae.,"Comyn SA, Flibotte S, Mayor T",2017 Jun 23,Scientific reports,10.1038/s41598-017-04525-8,"Journal Article, Research Support, Non-U.S. Gov't",https://pubmed.ncbi.nlm.nih.gov/28646136/
28643893,Cutaneous angiosarcoma: a rare complication post-male breast cancer radiotherapy.,"Lim A, Preda C, Stone J, Lambrianides AL",2019 Jan,ANZ journal of surgery,10.1111/ans.14075,"Case Reports, Journal Article",https://pubmed.ncbi.nlm.nih.gov/28643893/
28608264,The small heat shock protein B8 (HSPB8) efficiently removes aggregating species of dipeptides produced in C9ORF72-related neurodegenerative diseases.,"Cristofani R, Crippa V, Vezzoli G, Rusmini P, Galbiati M, Cicardi ME, Meroni M, Ferrari V, Tedesco B, Piccolella M, Messi E, Carra S, Poletti A",2018 Jan,Cell stress & chaperones,10.1007/s12192-017-0806-9,"Journal Article, Research Support, Non-U.S. Gov't",https://pubmed.ncbi.nlm.nih.gov/28608264/
28572988,Efficient quantum circuits for dense circulant and circulant like operators.,"Zhou SS, Wang JB",2017 May,Royal Society open science,10.1098/rsos.160906,Journal Article,https://pubmed.ncbi.nlm.nih.gov/28572988/
28491444,Cerebral pyogranulomatous encephalitis caused by Cladophialophora bantiana in a 15-week-old domestic shorthair kitten.,"Russell EB, Gunew MN, Dennis MM, Halliday CL",2016 Jul-Dec,JFMS open reports,10.1177/2055116916677935,"Case Reports, Journal Article",https://pubmed.ncbi.nlm.nih.gov/28491444/
28428740,Protein Quality Control by Molecular Chaperones in Neurodegeneration.,"Ciechanover A, Kwon YT",2017,Frontiers in neuroscience,10.3389/fnins.2017.00185,"Journal Article, Review",https://pubmed.ncbi.nlm.nih.gov/28428740/
28402699,Inhibition of retrograde transport modulates misfolded protein accumulation and clearance in motoneuron diseases.,"Cristofani R, Crippa V, Rusmini P, Cicardi ME, Meroni M, Licata NV, Sala G, Giorgetti E, Grunseich C, Galbiati M, Piccolella M, Messi E, Ferrarese C, Carra S, Poletti A",2017 Aug 3,Autophagy,10.1080/15548627.2017.1308985,Journal Article,https://pubmed.ncbi.nlm.nih.gov/28402699/
28339756,Molecular diagnosis of Pneumocystis pneumonia in dogs.,"Danesi P, Ravagnan S, Johnson LR, Furlanello T, Milani A, Martin P, Boyd S, Best M, Galgut B, Irwin P, Canfield PJ, Krockenberger MB, Halliday C, Meyer W, Malik R",2017 Nov 1,Medical mycology,10.1093/mmy/myx007,Journal Article,https://pubmed.ncbi.nlm.nih.gov/28339756/
28321440,Neuronify: An Educational Simulator for Neural Circuits.,"Dragly SA, Hobbi Mobarhan M, Våvang Solbrå A, Tennøe S, Hafreager A, Malthe-Sørenssen A, Fyhn M, Hafting T, Einevoll GT",2017 Mar-Apr,eNeuro,10.1523/ENEURO.0022-17.2017,Journal Article,https://pubmed.ncbi.nlm.nih.gov/28321440/
28241028,Deploying a quantum annealing processor to detect tree cover in aerial imagery of California.,"Boyda E, Basu S, Ganguly S, Michaelis A, Mukhopadhyay S, Nemani RR",2017,PloS one,10.1371/journal.pone.0172505,Journal Article,https://pubmed.ncbi.nlm.nih.gov/28241028/
28120277,Protein Quality Control Dysfunction in Cardiovascular Complications Induced by Anti-Cancer Drugs.,"Fu HY, Mukai M, Awata N, Sakata Y, Hori M, Minamino T",2017 Feb,Cardiovascular drugs and therapy,10.1007/s10557-016-6709-7,"Journal Article, Review",https://pubmed.ncbi.nlm.nih.gov/28120277/
28090761,Modest overexpression of FOXO maintains cardiac proteostasis and ameliorates age-associated functional decline.,"Blice-Baum AC, Zambon AC, Kaushik G, Viswanathan MC, Engler AJ, Bodmer R, Cammarato A",2017 Feb,Aging cell,10.1111/acel.12543,Journal Article,https://pubmed.ncbi.nlm.nih.gov/28090761/
27914971,"Once-weekly ofatumumab in untreated or relapsed Waldenström's macroglobulinaemia: an open-label, single-arm, phase 2 study.","Furman RR, Eradat HA, DiRienzo CG, Hofmeister CC, Hayman SR, Leonard JP, Coleman M, Advani R, Chanan-Khan A, Switzky J, Liao QM, Shah D, Jewell RC, Lisby S, Lin TS",2017 Jan,The Lancet. Haematology,10.1016/S2352-3026(16)30166-1,"Clinical Trial, Phase II, Journal Article",https://pubmed.ncbi.nlm.nih.gov/27914971/
27867533,The HECT domain ubiquitin ligase HUWE1 targets unassembled soluble proteins for degradation.,"Xu Y, Anderson DE, Ye Y",2016,Cell discovery,10.1038/celldisc.2016.40,Journal Article,https://pubmed.ncbi.nlm.nih.gov/27867533/
27733512,Recognition of enzymes lacking bound cofactor by protein quality control.,"Martínez-Limón A, Alriquet M, Lang WH, Calloni G, Wittig I, Vabulas RM",2016 Oct 25,Proceedings of the National Academy of Sciences of the United States of America,10.1073/pnas.1611994113,"Journal Article, Research Support, Non-U.S. Gov't",https://pubmed.ncbi.nlm.nih.gov/27733512/
27786156,"Pathology of finfish and mud crabs Scylla serrata during a mortality event associated with a harbour development project in Port Curtis, Australia.","Dennis MM, Diggles BK, Faulder R, Olyott L, Pyecroft SB, Gilbert GE, Landos M",2016 Oct 27,Diseases of aquatic organisms,10.3354/dao03011,"Journal Article, Research Support, Non-U.S. Gov't",https://pubmed.ncbi.nlm.nih.gov/27786156/
27743856,Intracardiac Leiomyomatosis - an Unusual Cause of Syncope in a Middle-Aged Woman.,"Fogarty SJ, Hart G, Nicklin J, Venkatesh B, Boyne N, Wong DC, Stone JL, Rainbird AJ",2017 Apr,"Heart, lung & circulation",10.1016/j.hlc.2016.08.006,"Case Reports, Journal Article",https://pubmed.ncbi.nlm.nih.gov/27743856/
27678252,Technical proficiency in cytopathology: assessment through external quality assurance.,"Cummings MC, Greaves J, Shukor RA, Perkins G, Ross J",2017 Apr,Cytopathology : official journal of the British Society for Clinical Cytology,10.1111/cyt.12373,Journal Article,https://pubmed.ncbi.nlm.nih.gov/27678252/
27670578,Solving Set Cover with Pairs Problem using Quantum Annealing.,"Cao Y, Jiang S, Perouli D, Kais S",2016 Sep 27,Scientific reports,10.1038/srep33957,Journal Article,https://pubmed.ncbi.nlm.nih.gov/27670578/
27627691,Polyubiquitinylation Profile in Down Syndrome Brain Before and After the Development of Alzheimer Neuropathology.,"Tramutola A, Di Domenico F, Barone E, Arena A, Giorgi A, di Francesco L, Schininà ME, Coccia R, Head E, Butterfield DA, Perluigi M",2017 Mar 1,Antioxidants & redox signaling,10.1089/ars.2016.6686,"Journal Article, Review, Research Support, N.I.H., Extramural, Research Support, Non-U.S. Gov't",https://pubmed.ncbi.nlm.nih.gov/27627691/
27618491,Mapping the Landscape of a Eukaryotic Degronome.,"Geffen Y, Appleboim A, Gardner RG, Friedman N, Sadeh R, Ravid T",2016 Sep 15,Molecular cell,10.1016/j.molcel.2016.08.005,Journal Article,https://pubmed.ncbi.nlm.nih.gov/27618491/
27495264,Corneal endothelial cell loss after Baerveldt glaucoma drainage device implantation in the anterior chamber.,"Tan AN, Webers CA, Berendschot TT, de Brabander J, de Witte PM, Nuijts RM, Schouten JS, Beckers HJ",2017 Feb,Acta ophthalmologica,10.1111/aos.13161,Journal Article,https://pubmed.ncbi.nlm.nih.gov/27495264/
27486312,Cardiovascular risk prediction: a comparative study of Framingham and quantum neural network based approach.,"Narain R, Saxena S, Goyal AK",2016,Patient preference and adherence,10.2147/PPA.S108203,Journal Article,https://pubmed.ncbi.nlm.nih.gov/27486312/
27447198,Genome-Based Discovery of an Unprecedented Cyclization Mode in Fungal Sesterterpenoid Biosynthesis.,"Okada M, Matsuda Y, Mitsuhashi T, Hoshino S, Mori T, Nakagawa K, Quan Z, Qin B, Zhang H, Hayashi F, Kawaide H, Abe I",2016 Aug 10,Journal of the American Chemical Society,10.1021/jacs.6b05799,"Journal Article, Research Support, Non-U.S. Gov't",https://pubmed.ncbi.nlm.nih.gov/27447198/
27406709,Valosin-containing protein (VCP)-Adaptor Interactions are Exceptionally Dynamic and Subject to Differential Modulation by a VCP Inhibitor.,"Xue L, Blythe EE, Freiberger EC, Mamrosh JL, Hebert AS, Reitsma JM, Hess S, Coon JJ, Deshaies RJ",2016 Sep,Molecular & cellular proteomics : MCP,10.1074/mcp.M116.061036,"Journal Article, Research Support, N.I.H., Extramural, Research Support, Non-U.S. Gov't",https://pubmed.ncbi.nlm.nih.gov/27406709/
27405755,The San1 Ubiquitin Ligase Functions Preferentially with Ubiquitin-conjugating Enzyme Ubc1 during Protein Quality Control.,"Ibarra R, Sandoval D, Fredrickson EK, Gardner RG, Kleiger G",2016 Sep 2,The Journal of biological chemistry,10.1074/jbc.M116.737619,Journal Article,https://pubmed.ncbi.nlm.nih.gov/27405755/
27295555,Unconventional secretion of misfolded proteins promotes adaptation to proteasome dysfunction in mammalian cells.,"Lee JG, Takahama S, Zhang G, Tomarev SI, Ye Y",2016 Jul,Nature cell biology,10.1038/ncb3372,"Journal Article, Research Support, N.I.H., Intramural",https://pubmed.ncbi.nlm.nih.gov/27295555/
27240056,Role of frameshift ubiquitin B protein in Alzheimer's disease.,"Chen X, Petranovic D",2016 Jul,Wiley interdisciplinary reviews. Systems biology and medicine,10.1002/wsbm.1340,"Journal Article, Review",https://pubmed.ncbi.nlm.nih.gov/27240056/
27172186,Degradation Signals for Ubiquitin-Proteasome Dependent Cytosolic Protein Quality Control (CytoQC) in Yeast.,"Maurer MJ, Spear ED, Yu AT, Lee EJ, Shahzad S, Michaelis S",2016 Jul 7,"G3 (Bethesda, Md.)",10.1534/g3.116.027953,Journal Article,https://pubmed.ncbi.nlm.nih.gov/27172186/
27140896,Planar scanning method for detecting refraction characteristics of two-dimensional photonic quasi-crystal wedge-shaped prisms.,"Liu J, Tan W, Liu E, Hu H, Fan Z, Zhang T, Zhang X",2016 May 1,"Journal of the Optical Society of America. A, Optics, image science, and vision",10.1364/JOSAA.33.000978,"Journal Article, Research Support, Non-U.S. Gov't",https://pubmed.ncbi.nlm.nih.gov/27140896/
27015023,Protein quality control in the nucleus.,"Jones RD, Gardner RG",2016 Jun,Current opinion in cell biology,10.1016/j.ceb.2016.03.002,"Journal Article, Review",https://pubmed.ncbi.nlm.nih.gov/27015023/
26914955,Squamous cell carcinoma with hepatic metastasis in a saltwater crocodile (Crocodylus porosus).,"Hill AG, Dennis MM, Pyne M",2016 Mar,Australian veterinary journal,10.1111/avj.12404,"Case Reports, Journal Article",https://pubmed.ncbi.nlm.nih.gov/26914955/
26735543,Computer Tomography Imaging Findings of Abdominal Follicular Dendritic Cell Sarcoma: A Report of 5 Cases.,"Li J, Geng ZJ, Xie CM, Zhang XK, Chen RY, Cai PQ, Lv XF",2016 Jan,Medicine,10.1097/MD.0000000000002404,"Case Reports, Journal Article, Research Support, Non-U.S. Gov't",https://pubmed.ncbi.nlm.nih.gov/26735543/
26709769,Nuclear factor erythroid-2 related factor 2 (Nrf2)-mediated protein quality control in cardiomyocytes.,"Cui T, Lai Y, Janicki JS, Wang X",2016 Jan 1,Frontiers in bioscience (Landmark edition),10.2741/4384,"Journal Article, Research Support, N.I.H., Extramural, Review",https://pubmed.ncbi.nlm.nih.gov/26709769/
26675716,Using surface plasmon resonance spectroscopy to characterize the inhibition of NGF-p75(NTR) and proNGF-p75(NTR) interactions by small molecule inhibitors.,"Sheffield KS, Vohra R, Scott JA, Ross GM",2016 Jan,Pharmacological research,10.1016/j.phrs.2015.12.005,Journal Article,https://pubmed.ncbi.nlm.nih.gov/26675716/
26632714,The Value of Restaging With Chest and Abdominal CT/MRI Scan After Neoadjuvant Chemoradiotherapy for Locally Advanced Rectal Cancer.,"Liu GC, Zhang X, Xie E, An X, Cai PQ, Zhu Y, Tang JH, Kong LH, Lin JZ, Pan ZZ, Ding PR",2015 Nov,Medicine,10.1097/MD.0000000000002074,"Journal Article, Research Support, Non-U.S. Gov't",https://pubmed.ncbi.nlm.nih.gov/26632714/
26572535,The Role of the Protein Quality Control System in SBMA.,"Rusmini P, Crippa V, Cristofani R, Rinaldi C, Cicardi ME, Galbiati M, Carra S, Malik B, Greensmith L, Poletti A",2016 Mar,Journal of molecular neuroscience : MN,10.1007/s12031-015-0675-6,"Journal Article, Research Support, Non-U.S. Gov't, Review",https://pubmed.ncbi.nlm.nih.gov/26572535/
26565908,Pre-emptive Quality Control Protects the ER from Protein Overload via the Proximity of ERAD Components and SRP.,"Kadowaki H, Nagai A, Maruyama T, Takami Y, Satrimafitrah P, Kato H, Honda A, Hatta T, Natsume T, Sato T, Kai H, Ichijo H, Nishitoh H",2015 Nov 3,Cell reports,10.1016/j.celrep.2015.09.047,"Journal Article, Research Support, Non-U.S. Gov't",https://pubmed.ncbi.nlm.nih.gov/26565908/
26555170,In Search of a Cure for Proteostasis-Addicted Cancer: A AAA Target Revealed.,"Xia D, Ye Y",2015 Nov 9,Cancer cell,10.1016/j.ccell.2015.10.006,"Journal Article, Comment",https://pubmed.ncbi.nlm.nih.gov/26555170/
26490709,Aberrant Autophagic Response in The Muscle of A Knock-in Mouse Model of Spinal and Bulbar Muscular Atrophy.,"Rusmini P, Polanco MJ, Cristofani R, Cicardi ME, Meroni M, Galbiati M, Piccolella M, Messi E, Giorgetti E, Lieberman AP, Milioto C, Rocchi A, Aggarwal T, Pennuto M, Crippa V, Poletti A",2015 Oct 22,Scientific reports,10.1038/srep15174,"Journal Article, Research Support, N.I.H., Extramural, Research Support, Non-U.S. Gov't",https://pubmed.ncbi.nlm.nih.gov/26490709/
26437791,Screening for Down syndrome in the second trimester of pregnancy.,"O'Leary P, Maxwell S, Sinosich M, DeVoss K, Fletcher J, Ranieri E, Metz MP",2016 Feb,The Australian & New Zealand journal of obstetrics & gynaecology,10.1111/ajo.12411,Journal Article,https://pubmed.ncbi.nlm.nih.gov/26437791/
26435172,Characterizing nerve growth factor-p75(NTR) interactions and small molecule inhibition using surface plasmon resonance spectroscopy.,"Sheffield KS, Kennedy AE, Scott JA, Ross GM",2016 Jan 15,Analytical biochemistry,10.1016/j.ab.2015.09.019,Journal Article,https://pubmed.ncbi.nlm.nih.gov/26435172/
26391027,Nitric Oxide and Protein Disulfide Isomerase Explain the Complexities of Unfolded Protein Response Following Intra-hippocampal Aβ Injection.,"Khodagholi F, Digaleh H, Motamedi F, Foolad F, Shaerzadeh F",2016 Aug,Cellular and molecular neurobiology,10.1007/s10571-015-0271-x,Journal Article,https://pubmed.ncbi.nlm.nih.gov/26391027/
26337389,Proteasomal degradation of preemptive quality control (pQC) substrates is mediated by an AIRAPL-p97 complex.,"Braunstein I, Zach L, Allan S, Kalies KU, Stanhill A",2015 Nov 1,Molecular biology of the cell,10.1091/mbc.E15-02-0085,"Journal Article, Research Support, Non-U.S. Gov't",https://pubmed.ncbi.nlm.nih.gov/26337389/
26321754,CHIP Knockdown Reduced Heat Shock Response and Protein Quality Control Capacity in Lens Epithelial Cells.,"Zhang W, Liu Z, Bao X, Qin Y, Taylor A, Shang F, Wu M",2015,Current molecular medicine,10.2174/1566524015666150831131636,"Journal Article, Research Support, Non-U.S. Gov't",https://pubmed.ncbi.nlm.nih.gov/26321754/
26277609,Complex Rotation Quantum Dynamic Neural Networks (CRQDNN) using Complex Quantum Neuron (CQN): Applications to time series prediction.,"Cui Y, Shi J, Wang Z",2015 Nov,Neural networks : the official journal of the International Neural Network Society,10.1016/j.neunet.2015.07.013,Journal Article,https://pubmed.ncbi.nlm.nih.gov/26277609/
26265075,Effects of short term elastic resistance training on muscle mass and strength in untrained older adults: a randomized clinical trial.,"Martins WR, Safons MP, Bottaro M, Blasczyk JC, Diniz LR, Fonseca RM, Bonini-Rocha AC, de Oliveira RJ",2015 Aug 12,BMC geriatrics,10.1186/s12877-015-0101-5,"Journal Article, Randomized Controlled Trial",https://pubmed.ncbi.nlm.nih.gov/26265075/
26122725,Informing the public health management of typhoid and paratyphoid: the Australian context.,"Young MK, Slinko V, Smith J, Carroll H, Bennett S, Appleton S, McCall BJ",2015 Dec,Australian and New Zealand journal of public health,10.1111/1753-6405.12387,Journal Article,https://pubmed.ncbi.nlm.nih.gov/26122725/
26095752,Polyglutamine aggregation in Huntington's disease and spinocerebellar ataxia type 3: similar mechanisms in aggregate formation.,"Seidel K, Siswanto S, Fredrich M, Bouzrou M, Brunt ER, van Leeuwen FW, Kampinga HH, Korf HW, Rüb U, den Dunnen WF",2016 Feb,Neuropathology and applied neurobiology,10.1111/nan.12253,"Journal Article, Research Support, Non-U.S. Gov't",https://pubmed.ncbi.nlm.nih.gov/26095752/
26030083,Detection of segmental chromosome copy number gains by improved fluorescence in situ hybridization techniques.,"Chia NL, Slater HR, Potter JM",2015,Journal of the Association of Genetic Technologists,,Journal Article,https://pubmed.ncbi.nlm.nih.gov/26030083/
25935720,Is there a distinction between malaria treatment and intermittent preventive treatment? Insights from a cross-sectional study of anti-malarial drug use among Ugandan pregnant women.,"Odongo CO, Bisaso KR, Kitutu F, Obua C, Byamugisha J",2015 May 3,Malaria journal,10.1186/s12936-015-0702-7,"Journal Article, Research Support, N.I.H., Extramural, Research Support, U.S. Gov't, Non-P.H.S., Research Support, U.S. Gov't, P.H.S.",https://pubmed.ncbi.nlm.nih.gov/25935720/
25932613,First application of quantum annealing to IMRT beamlet intensity optimization.,"Nazareth DP, Spaans JD",2015 May 21,Physics in medicine and biology,10.1088/0031-9155/60/10/4137,"Journal Article, Research Support, Non-U.S. Gov't",https://pubmed.ncbi.nlm.nih.gov/25932613/
25918153,Dominance of IMP-4-producing enterobacter cloacae among carbapenemase-producing Enterobacteriaceae in Australia.,"Sidjabat HE, Townell N, Nimmo GR, George NM, Robson J, Vohra R, Davis L, Heney C, Paterson DL",2015 Jul,Antimicrobial agents and chemotherapy,10.1128/AAC.04378-14,"Journal Article, Research Support, Non-U.S. Gov't",https://pubmed.ncbi.nlm.nih.gov/25918153/
25839250,Entanglement-based machine learning on a quantum computer.,"Cai XD, Wu D, Su ZE, Chen MC, Wang XL, Li L, Liu NL, Lu CY, Pan JW",2015 Mar 20,Physical review letters,10.1103/PhysRevLett.114.110504,Journal Article,https://pubmed.ncbi.nlm.nih.gov/25839250/
25619718,The amazing ubiquitin-proteasome system: structural components and implication in aging.,"Tsakiri EN, Trougakos IP",2015,International review of cell and molecular biology,10.1016/bs.ircmb.2014.09.002,"Journal Article, Research Support, Non-U.S. Gov't, Review",https://pubmed.ncbi.nlm.nih.gov/25619718/
25619328,Re: Lateral cervical cysts: an Australian perspective.,"Maywald R, Stone J",2015 Jan,ANZ journal of surgery,10.1111/ans.12887,"Letter, Comment",https://pubmed.ncbi.nlm.nih.gov/25619328/
25528995,Reviving the protein quality control system: therapeutic target for cardiac disease in the elderly.,"Meijering RA, Henning RH, Brundel BJ",2015 Apr,Trends in cardiovascular medicine,10.1016/j.tcm.2014.10.013,"Journal Article, Research Support, Non-U.S. Gov't, Review",https://pubmed.ncbi.nlm.nih.gov/25528995/
25479348,Advantages of using voiced questionnaire and image capture application for data collection from a minority group in rural areas along the Thailand-Myanmar border.,"Monyarit S, Pan-ngum W, Lawpoolsri S, Yimsamran S, Pongnumkul S, Kaewkungwal J, Singhasivanon P",2014,Informatics in primary care,10.14236/jhi.v21i4.84,"Journal Article, Randomized Controlled Trial, Research Support, Non-U.S. Gov't",https://pubmed.ncbi.nlm.nih.gov/25479348/
25402238,Cytological features of breast peri-implant synovial metaplasia.,"Stone JL, Boost T",2014,Acta cytologica,10.1159/000369054,"Letter, Comment",https://pubmed.ncbi.nlm.nih.gov/25402238/
25388366,Benign multicystic peritoneal mesothelioma: a rare cause of intra-abdominal cystic disease.,"Campbell B, Mehanna D, Stone J",2017 Jun,ANZ journal of surgery,10.1111/ans.12912,"Case Reports, Journal Article",https://pubmed.ncbi.nlm.nih.gov/25388366/
25311417,Progressive dysembryoplastic neuroepithelial tumour.,"Alexander H, Tannenburg A, Walker DG, Coyne T",2015 Jan,Journal of clinical neuroscience : official journal of the Neurosurgical Society of Australasia,10.1016/j.jocn.2014.07.022,"Case Reports, Journal Article",https://pubmed.ncbi.nlm.nih.gov/25311417/
25236750,Regulation of protein turnover by heat shock proteins.,"Bozaykut P, Ozer NK, Karademir B",2014 Dec,Free radical biology & medicine,10.1016/j.freeradbiomed.2014.08.012,"Journal Article, Review",https://pubmed.ncbi.nlm.nih.gov/25236750/
25039131,[Study on establishing a project concerning the process quality control of treating liver cancer with CyberKnife].,"Xu H, Li Y, Zhang S, Yang X, Zhang J",2014 Apr,Sheng wu yi xue gong cheng xue za zhi = Journal of biomedical engineering = Shengwu yixue gongchengxue zazhi,,Journal Article,https://pubmed.ncbi.nlm.nih.gov/25039131/
25034784,"Inhibition of autophagy, lysosome and VCP function impairs stress granule assembly.","Seguin SJ, Morelli FF, Vinet J, Amore D, De Biasi S, Poletti A, Rubinsztein DC, Carra S",2014 Dec,Cell death and differentiation,10.1038/cdd.2014.103,"Journal Article, Research Support, Non-U.S. Gov't",https://pubmed.ncbi.nlm.nih.gov/25034784/
24991436,Effects of posteroanterior thoracic mobilization on heart rate variability and pain in women with fibromyalgia.,"Reis MS, Durigan JL, Arena R, Rossi BR, Mendes RG, Borghi-Silva A",2014,Rehabilitation research and practice,10.1155/2014/898763,Journal Article,https://pubmed.ncbi.nlm.nih.gov/24991436/
24898297,The mitochondrial unfolded protein response in mammalian physiology.,"Mottis A, Jovaisaite V, Auwerx J",2014 Oct,Mammalian genome : official journal of the International Mammalian Genome Society,10.1007/s00335-014-9525-z,"Journal Article, Research Support, N.I.H., Extramural, Research Support, Non-U.S. Gov't, Review",https://pubmed.ncbi.nlm.nih.gov/24898297/
24854056,Remote assessment of cultural heritage environments with wireless sensor array networks.,"Agbota H, Mitchell JE, Odlyha M, Strlič M",2014 May 19,"Sensors (Basel, Switzerland)",10.3390/s140508779,"Journal Article, Research Support, Non-U.S. Gov't",https://pubmed.ncbi.nlm.nih.gov/24854056/
24825878,Induction of microRNA-21 with exogenous hydrogen sulfide attenuates myocardial ischemic and inflammatory injury in mice.,"Toldo S, Das A, Mezzaroma E, Chau VQ, Marchetti C, Durrant D, Samidurai A, Van Tassell BW, Yin C, Ockaili RA, Vigneshwar N, Mukhopadhyay ND, Kukreja RC, Abbate A, Salloum FN",2014 Jun,Circulation. Cardiovascular genetics,10.1161/CIRCGENETICS.113.000381,"Journal Article, Research Support, N.I.H., Extramural, Research Support, Non-U.S. Gov't",https://pubmed.ncbi.nlm.nih.gov/24825878/
24814012,"Snake venom glutaminyl cyclases: purification, cloning, kinetic study, recombinant expression, and comparison with the human enzyme.","Wang YM, Huang KF, Tsai IH",2014 Aug,Toxicon : official journal of the International Society on Toxinology,10.1016/j.toxicon.2014.04.012,"Comparative Study, Journal Article, Research Support, Non-U.S. Gov't",https://pubmed.ncbi.nlm.nih.gov/24814012/
24807028,Quantum neural network-based EEG filtering for a brain-computer interface.,"Gandhi V, Prasad G, Coyle D, Behera L, McGinnity TM",2014 Feb,IEEE transactions on neural networks and learning systems,10.1109/TNNLS.2013.2274436,"Journal Article, Research Support, Non-U.S. Gov't",https://pubmed.ncbi.nlm.nih.gov/24807028/
24805086,Exploration of the mechanisms of protein quality control and osmoregulation in gills of Chromis viridis in response to reduced salinity.,"Tang CH, Leu MY, Yang WK, Tsai SC",2014 Oct,Fish physiology and biochemistry,10.1007/s10695-014-9946-3,"Journal Article, Research Support, N.I.H., Extramural, Research Support, Non-U.S. Gov't",https://pubmed.ncbi.nlm.nih.gov/24805086/
24731193,Application of the tissue transfer technique in veterinary cytopathology.,"Stone BM, Gan D",2014 Jun,Veterinary clinical pathology,10.1111/vcp.12138,"Journal Article, Validation Study",https://pubmed.ncbi.nlm.nih.gov/24731193/
24709290,Inactivation of Omi/HtrA2 protease leads to the deregulation of mitochondrial Mulan E3 ubiquitin ligase and increased mitophagy.,"Cilenti L, Ambivero CT, Ward N, Alnemri ES, Germain D, Zervos AS",2014 Jul,Biochimica et biophysica acta,10.1016/j.bbamcr.2014.03.027,"Journal Article, Research Support, Non-U.S. Gov't",https://pubmed.ncbi.nlm.nih.gov/24709290/
24655150,Perinatal quality collaboratives: improving care for mothers and infants.,"Henderson ZT, Suchdev DB, Abe K, Johnston EO, Callaghan WM",2014 May,Journal of women's health (2002),10.1089/jwh.2014.4744,"Journal Article, Research Support, U.S. Gov't, P.H.S.",https://pubmed.ncbi.nlm.nih.gov/24655150/
24650191,Self-report questionnaire for measuring presence: development and initial validation.,"Kuis EE, Goossensen A, van Dijke J, Baart AJ",2015 Mar,Scandinavian journal of caring sciences,10.1111/scs.12130,"Journal Article, Validation Study",https://pubmed.ncbi.nlm.nih.gov/24650191/
24534166,"Oral fat perception is related with body mass index, preference and consumption of high-fat foods.","Martínez-Ruiz NR, López-Díaz JA, Wall-Medrano A, Jiménez-Castro JA, Angulo O",2014 Apr 22,Physiology & behavior,10.1016/j.physbeh.2014.02.010,"Journal Article, Research Support, Non-U.S. Gov't",https://pubmed.ncbi.nlm.nih.gov/24534166/
24463332,Sorting out the trash: the spatial nature of eukaryotic protein quality control.,"Sontag EM, Vonk WIM, Frydman J",2014 Feb,Current opinion in cell biology,10.1016/j.ceb.2013.12.006,"Journal Article, Research Support, N.I.H., Extramural, Research Support, Non-U.S. Gov't, Review",https://pubmed.ncbi.nlm.nih.gov/24463332/
24440355,Contribution of small heat shock proteins to muscle development and function.,"Dubińska-Magiera M, Jabłońska J, Saczko J, Kulbacka J, Jagla T, Daczewska M",2014 Feb 14,FEBS letters,10.1016/j.febslet.2014.01.005,"Journal Article, Research Support, Non-U.S. Gov't, Review",https://pubmed.ncbi.nlm.nih.gov/24440355/
24311523,Identification and characterization of a basic thaumatin-like protein (TLP 2) as an allergen in sapodilla plum (Manilkara zapota).,"Hegde VL, Ashok Kumar HG, Sreenath K, Hegde ML, Venkatesh YP",2014 Apr,Molecular nutrition & food research,10.1002/mnfr.201300261,"Journal Article, Research Support, Non-U.S. Gov't",https://pubmed.ncbi.nlm.nih.gov/24311523/
24244581,Perceived quality of care for common childhood illnesses: facility versus community based providers in Uganda.,"Nanyonjo A, Makumbi F, Etou P, Tomson G, Källander K, inSCALE Study Group",2013,PloS one,10.1371/journal.pone.0079943,"Journal Article, Research Support, Non-U.S. Gov't",https://pubmed.ncbi.nlm.nih.gov/24244581/
24227888,ESCRT regulates surface expression of the Kir2.1 potassium channel.,"Kolb AR, Needham PG, Rothenberg C, Guerriero CJ, Welling PA, Brodsky JL",2014 Jan,Molecular biology of the cell,10.1091/mbc.E13-07-0394,"Journal Article, Research Support, N.I.H., Extramural, Research Support, Non-U.S. Gov't",https://pubmed.ncbi.nlm.nih.gov/24227888/
24151936,The Hsp60 folding machinery is crucial for manganese superoxide dismutase folding and function.,"Magnoni R, Palmfeldt J, Hansen J, Christensen JH, Corydon TJ, Bross P",2014 Feb,Free radical research,10.3109/10715762.2013.858147,"Journal Article, Research Support, Non-U.S. Gov't",https://pubmed.ncbi.nlm.nih.gov/24151936/
24129770,Aerobic exercise effect on prognostic markers for systolic heart failure patients: a systematic review and meta-analysis.,"Cipriano G Jr, Cipriano VT, da Silva VZ, Cipriano GF, Chiappa GR, de Lima AC, Cahalin LP, Arena R",2014 Sep,Heart failure reviews,10.1007/s10741-013-9407-6,"Journal Article, Meta-Analysis, Systematic Review",https://pubmed.ncbi.nlm.nih.gov/24129770/
24012004,The EBAX-type Cullin-RING E3 ligase and Hsp90 guard the protein quality of the SAX-3/Robo receptor in developing neurons.,"Wang Z, Hou Y, Guo X, van der Voet M, Boxem M, Dixon JE, Chisholm AD, Jin Y",2013 Sep 4,Neuron,10.1016/j.neuron.2013.06.035,"Journal Article, Research Support, N.I.H., Extramural, Research Support, Non-U.S. Gov't",https://pubmed.ncbi.nlm.nih.gov/24012004/
23856334,Protein aggregation propensity is a crucial determinant of intracellular inclusion formation and quality control degradation.,"Villar-Piqué A, Ventura S",2013 Dec,Biochimica et biophysica acta,10.1016/j.bbamcr.2013.06.023,"Journal Article, Research Support, Non-U.S. Gov't",https://pubmed.ncbi.nlm.nih.gov/23856334/
23827692,Fast LC-MS/MS analysis of free oxysterols derived from reactive oxygen species in human plasma and carotid plaque.,"Helmschrodt C, Becker S, Schröter J, Hecht M, Aust G, Thiery J, Ceglarek U",2013 Oct 21,Clinica chimica acta; international journal of clinical chemistry,10.1016/j.cca.2013.06.022,"Journal Article, Research Support, Non-U.S. Gov't",https://pubmed.ncbi.nlm.nih.gov/23827692/
23644654,BAG3 induction is required to mitigate proteotoxicity via selective autophagy following inhibition of constitutive protein degradation pathways.,"Rapino F, Jung M, Fulda S",2014 Mar 27,Oncogene,10.1038/onc.2013.110,"Journal Article, Research Support, Non-U.S. Gov't",https://pubmed.ncbi.nlm.nih.gov/23644654/
23623970,Specific inhibition of hamster prion protein translocation by the dodecadepsipeptide valinomycin.,"Kim J, Choi I, Park JY, Kang SW",2013 Aug 1,Experimental cell research,10.1016/j.yexcr.2013.04.012,"Journal Article, Research Support, Non-U.S. Gov't",https://pubmed.ncbi.nlm.nih.gov/23623970/
23608519,Bladder cancer-induced skeletal muscle wasting: disclosing the role of mitochondria plasticity.,"Padrão AI, Oliveira P, Vitorino R, Colaço B, Pires MJ, Márquez M, Castellanos E, Neuparth MJ, Teixeira C, Costa C, Moreira-Gonçalves D, Cabral S, Duarte JA, Santos LL, Amado F, Ferreira R",2013 Jul,The international journal of biochemistry & cell biology,10.1016/j.biocel.2013.04.014,"Journal Article, Research Support, Non-U.S. Gov't",https://pubmed.ncbi.nlm.nih.gov/23608519/
23528360,Identification of novel pyrazoloquinazolinecarboxilate analogues to inhibit nerve growth factor in vitro.,"Eibl JK, Strasser BC, Ross GM",2013 May 15,European journal of pharmacology,10.1016/j.ejphar.2013.03.029,"Journal Article, Research Support, Non-U.S. Gov't",https://pubmed.ncbi.nlm.nih.gov/23528360/
23516262,Protein aggregation and degradation mechanisms in neurodegenerative diseases.,"Takalo M, Salminen A, Soininen H, Hiltunen M, Haapasalo A",2013,American journal of neurodegenerative disease,,Journal Article,https://pubmed.ncbi.nlm.nih.gov/23516262/
23341891,The Type II Hsp40 Sis1 cooperates with Hsp70 and the E3 ligase Ubr1 to promote degradation of terminally misfolded cytosolic protein.,"Summers DW, Wolfe KJ, Ren HY, Cyr DM",2013,PloS one,10.1371/journal.pone.0052099,"Journal Article, Research Support, N.I.H., Extramural",https://pubmed.ncbi.nlm.nih.gov/23341891/
23335508,Substrate recognition in nuclear protein quality control degradation is governed by exposed hydrophobicity that correlates with aggregation and insolubility.,"Fredrickson EK, Gallagher PS, Clowes Candadai SV, Gardner RG",2013 Mar 1,The Journal of biological chemistry,10.1074/jbc.M112.406710,"Journal Article, Research Support, N.I.H., Extramural, Research Support, Non-U.S. Gov't",https://pubmed.ncbi.nlm.nih.gov/23335508/
23111046,Proficiency of surgical faculty and residents with ethical dilemmas: is modeling enough?,"Scott KK, Chesire DJ, Burns JB Jr, Nussbaum MS",2012 Nov-Dec,Journal of surgical education,10.1016/j.jsurg.2012.04.014,"Comparative Study, Journal Article",https://pubmed.ncbi.nlm.nih.gov/23111046/
23046644,Ubiquitin receptors and protein quality control.,"Wang X, Terpstra EJ",2013 Feb,Journal of molecular and cellular cardiology,10.1016/j.yjmcc.2012.09.012,"Journal Article, Research Support, N.I.H., Extramural, Research Support, Non-U.S. Gov't, Review",https://pubmed.ncbi.nlm.nih.gov/23046644/
23023864,Differences in medication errors between central and remote site telepharmacies.,"Scott DM, Friesner DL, Rathke AM, Peterson CD, Anderson HC",2012 Sep-Oct,Journal of the American Pharmacists Association : JAPhA,10.1331/JAPhA.2012.11119,"Journal Article, Research Support, U.S. Gov't, P.H.S.",https://pubmed.ncbi.nlm.nih.gov/23023864/
22891157,Finding low-energy conformations of lattice protein models by quantum annealing.,"Perdomo-Ortiz A, Dickson N, Drew-Brook M, Rose G, Aspuru-Guzik A",2012,Scientific reports,10.1038/srep00571,"Journal Article, Research Support, U.S. Gov't, Non-P.H.S.",https://pubmed.ncbi.nlm.nih.gov/22891157/
22857535,Quantum kernel applications in medicinal chemistry.,"Huang L, Massa L",2012 Jul,Future medicinal chemistry,10.4155/fmc.12.92,"Journal Article, Research Support, Non-U.S. Gov't, Research Support, U.S. Gov't, Non-P.H.S., Review",https://pubmed.ncbi.nlm.nih.gov/22857535/
22708291,"[Parvovirus B19 DNA testing in Polish blood donors, 2004-2010].","Grabarczyk P, Korzeniowska J, Liszewski G, Kalińska A, Sulkowska E, Krug-Janiak M, Kopacz A, Łetowska M, Brojer E",2012,Przeglad epidemiologiczny,,"English Abstract, Journal Article",https://pubmed.ncbi.nlm.nih.gov/22708291/
22705353,Chaperone-protease networks in mitochondrial protein homeostasis.,Voos W,2013 Feb,Biochimica et biophysica acta,10.1016/j.bbamcr.2012.06.005,"Journal Article, Review",https://pubmed.ncbi.nlm.nih.gov/22705353/
22627552,Wavelength dependence of focusing properties of two-dimensional photonic quasicrystal flat lens.,"Liu J, Fan Z, Hu H, Yang M, Guan C, Yuan L, Guo H, Zhang X",2012 May 15,Optics letters,10.1364/OL.37.001730,Journal Article,https://pubmed.ncbi.nlm.nih.gov/22627552/
22479367,"Protein quality control disruption by PKCβII in heart failure; rescue by the selective PKCβII inhibitor, βIIV5-3.","Ferreira JC, Boer BN, Grinberg M, Brum PC, Mochly-Rosen D",2012,PloS one,10.1371/journal.pone.0033175,"Journal Article, Research Support, N.I.H., Extramural, Research Support, Non-U.S. Gov't",https://pubmed.ncbi.nlm.nih.gov/22479367/
22427201,Integrated protein quality-control pathways regulate free α-globin in murine β-thalassemia.,"Khandros E, Thom CS, D'Souza J, Weiss MJ",2012 May 31,Blood,10.1182/blood-2011-12-397729,"Clinical Trial, Journal Article, Research Support, N.I.H., Extramural, Research Support, Non-U.S. Gov't",https://pubmed.ncbi.nlm.nih.gov/22427201/
22363705,Identification of mammalian protein quality control factors by high-throughput cellular imaging.,"Pegoraro G, Voss TC, Martin SE, Tuzmen P, Guha R, Misteli T",2012,PloS one,10.1371/journal.pone.0031684,"Journal Article, Research Support, N.I.H., Intramural",https://pubmed.ncbi.nlm.nih.gov/22363705/
22247373,"Morbillivirus infection in live stranded, injured, trapped, and captive cetaceans in southeastern Queensland and northern New South Wales, Australia.","Stone BM, Blyde DJ, Saliki JT, Morton JM",2012 Jan,Journal of wildlife diseases,10.7589/0090-3558-48.1.47,Journal Article,https://pubmed.ncbi.nlm.nih.gov/22247373/
22245831,Selective destruction of abnormal proteins by ubiquitin-mediated protein quality control degradation.,"Fredrickson EK, Gardner RG",2012 Jul,Seminars in cell & developmental biology,10.1016/j.semcdb.2011.12.006,"Journal Article, Research Support, N.I.H., Extramural, Research Support, Non-U.S. Gov't, Review",https://pubmed.ncbi.nlm.nih.gov/22245831/
22090297,[A real-time PCR assay for the quantification of hepatitis B virus DNA and concurrent detection of YMDD motif mutations].,"Ağca H, Sayıner AA, Sengönül A, Simşek I, Akarsu M",2011 Oct,Mikrobiyoloji bulteni,,"English Abstract, Journal Article",https://pubmed.ncbi.nlm.nih.gov/22090297/
22081794,Proteasome malfunction activates macroautophagy in the heart.,"Zheng Q, Su H, Tian Z, Wang X",2011,American journal of cardiovascular disease,,Journal Article,https://pubmed.ncbi.nlm.nih.gov/22081794/
22040173,Mechanism of NO photodissociation in photolabile manganese-NO complexes with pentadentate N5 ligands.,"Merkle AC, Fry NL, Mascharak PK, Lehnert N",2011 Dec 5,Inorganic chemistry,10.1021/ic201967f,"Journal Article, Research Support, Non-U.S. Gov't, Research Support, U.S. Gov't, Non-P.H.S.",https://pubmed.ncbi.nlm.nih.gov/22040173/
22008125,Fatal cetacean morbillivirus infection in an Australian offshore bottlenose dolphin (Tursiops truncatus).,"Stone BM, Blyde DJ, Saliki JT, Blas-Machado U, Bingham J, Hyatt A, Wang J, Payne J, Crameri S",2011 Nov,Australian veterinary journal,10.1111/j.1751-0813.2011.00849.x,"Case Reports, Journal Article",https://pubmed.ncbi.nlm.nih.gov/22008125/
21941105,How a disordered ubiquitin ligase maintains order in nuclear protein homeostasis.,"Rosenbaum JC, Gardner RG",2011 Jul-Aug,"Nucleus (Austin, Tex.)",10.4161/nucl.2.4.16118,"Journal Article, Research Support, N.I.H., Extramural, Research Support, Non-U.S. Gov't, Review",https://pubmed.ncbi.nlm.nih.gov/21941105/
21896455,Do remote community telepharmacies have higher medication error rates than traditional community pharmacies? Evidence from the North Dakota Telepharmacy Project.,"Friesner DL, Scott DM, Rathke AM, Peterson CD, Anderson HC",2011 Sep-Oct,Journal of the American Pharmacists Association : JAPhA,10.1331/JAPhA.2011.10115,"Comparative Study, Journal Article, Research Support, U.S. Gov't, P.H.S.",https://pubmed.ncbi.nlm.nih.gov/21896455/
21827667,"Exposure to anti-malarial drugs and monitoring of adverse drug reactions using toll-free mobile phone calls in private retail sector in Sagamu, Nigeria: implications for pharmacovigilance.","Adedeji AA, Sanusi B, Tella A, Akinsanya M, Ojo O, Akinwunmi MO, Tikare OA, Ogunwande IA, Ogundahunsi OA, Ayilara OO, Ademola TT, Fehintola FA, Ogundahunsi OA",2011 Aug 9,Malaria journal,10.1186/1475-2875-10-230,"Evaluation Study, Journal Article",https://pubmed.ncbi.nlm.nih.gov/21827667/
21551067,Exposed hydrophobicity is a key determinant of nuclear quality control degradation.,"Fredrickson EK, Rosenbaum JC, Locke MN, Milac TI, Gardner RG",2011 Jul 1,Molecular biology of the cell,10.1091/mbc.E11-03-0256,"Journal Article, Research Support, N.I.H., Extramural, Research Support, Non-U.S. Gov't",https://pubmed.ncbi.nlm.nih.gov/21551067/
21233200,BAG3 expression in glioblastoma cells promotes accumulation of ubiquitinated clients in an Hsp70-dependent manner.,"Gentilella A, Khalili K",2011 Mar 18,The Journal of biological chemistry,10.1074/jbc.M110.175836,"Journal Article, Research Support, N.I.H., Extramural",https://pubmed.ncbi.nlm.nih.gov/21233200/
21211726,Disorder targets misorder in nuclear quality control degradation: a disordered ubiquitin ligase directly recognizes its misfolded substrates.,"Rosenbaum JC, Fredrickson EK, Oeser ML, Garrett-Engele CM, Locke MN, Richardson LA, Nelson ZW, Hetrick ED, Milac TI, Gottschling DE, Gardner RG",2011 Jan 7,Molecular cell,10.1016/j.molcel.2010.12.004,"Journal Article, Research Support, N.I.H., Extramural, Research Support, Non-U.S. Gov't",https://pubmed.ncbi.nlm.nih.gov/21211726/
20886760,Mitochondrial protein quality control systems in aging and disease.,"Luce K, Weil AC, Osiewacz HD",2010,Advances in experimental medicine and biology,10.1007/978-1-4419-7002-2_9,"Journal Article, Review",https://pubmed.ncbi.nlm.nih.gov/20886760/
20526767,Enantioselective piezoelectric quartz crystal sensor for d-methamphetamine based on a molecularly imprinted polymer.,"Arenas LF, Ebarvia BS, Sevilla FB 3rd",2010 Aug,Analytical and bioanalytical chemistry,10.1007/s00216-010-3865-7,"Evaluation Study, Journal Article",https://pubmed.ncbi.nlm.nih.gov/20526767/
20346523,"Perceived quality of healthcare in a multicenter, community-based population of polypathological patients.","Rincón-Gómez M, Bernabeu-Wittel M, Bohórquez-Colombo P, Moreno-Gaviño L, Cassani-Garza M, Ortiz-Camúñez MÁ, Ollero-Baturone M",2011 Mar-Apr,Archives of gerontology and geriatrics,10.1016/j.archger.2010.03.003,"Journal Article, Multicenter Study, Research Support, Non-U.S. Gov't",https://pubmed.ncbi.nlm.nih.gov/20346523/
23704803,Learning Qualitative Differential Equation models: a survey of algorithms and applications.,"Pang W, Coghill GM",2010 Mar,The Knowledge engineering review,10.1017/S0269888909990348,Journal Article,https://pubmed.ncbi.nlm.nih.gov/23704803/
20025476,A review of histological outcomes from peri-menopausal and post-menopausal women with a cytological report of possible high grade abnormality: an alternative management strategy for these women.,"Halford J, Walker KA, Duhig J",2010 Jan,Pathology,10.3109/00313020903434363,"Comparative Study, Journal Article",https://pubmed.ncbi.nlm.nih.gov/20025476/
19875243,[Comparison between the LightCycler CMV Quant Kit (Roche Diagnostics) with a standardized in-house Taqman assay for cytomegalovirus blood viral load quantification].,"Alain S, Lachaise V, Hantz S, Denis F",2010 Apr,Pathologie-biologie,10.1016/j.patbio.2009.08.003,"Comparative Study, Journal Article, Validation Study",https://pubmed.ncbi.nlm.nih.gov/19875243/
19813268,"Comparison of the sensitivity of conventional cytology and the ThinPrep Imaging System for 1,083 biopsy confirmed high-grade squamous lesions.","Halford JA, Batty T, Boost T, Duhig J, Hall J, Lee C, Walker K",2010 May,Diagnostic cytopathology,10.1002/dc.21199,"Comparative Study, Journal Article",https://pubmed.ncbi.nlm.nih.gov/19813268/
19772837,An emerging role for Ubiquilin 1 in regulating protein quality control system and in disease pathogenesis.,"Zhang C, Saunders AJ",2009 Jun,Discovery medicine,,"Journal Article, Review",https://pubmed.ncbi.nlm.nih.gov/19772837/
19696071,The ubiquitin-proteasome system in cardiac proteinopathy: a quality control perspective.,"Su H, Wang X",2010 Jan 15,Cardiovascular research,10.1093/cvr/cvp287,"Journal Article, Research Support, N.I.H., Extramural, Research Support, Non-U.S. Gov't, Review",https://pubmed.ncbi.nlm.nih.gov/19696071/
19634655,[Research of automatic detection of ECG based on quantum neural networks with multiresolution analysis].,"Wang S, Wang Y",2009 Jun,Sheng wu yi xue gong cheng xue za zhi = Journal of biomedical engineering = Shengwu yixue gongchengxue zazhi,,Journal Article,https://pubmed.ncbi.nlm.nih.gov/19634655/
19485864,Evaluation of the acceptability of standardised clinical handover tools at four Victorian health services.,"Quin DM, Moulden AL, Fraser SH, Lee OK, McGarrity P",2009 Jun 1,The Medical journal of Australia,10.5694/j.1326-5377.2009.tb02622.x,"Journal Article, Multicenter Study",https://pubmed.ncbi.nlm.nih.gov/19485864/
19459203,A comparison of screening times between the ThinPrep Imager and conventional cytology.,Boost T,2009 Sep,Diagnostic cytopathology,10.1002/dc.21069,"Comparative Study, Journal Article",https://pubmed.ncbi.nlm.nih.gov/19459203/
19372158,Identification of resistance and virulence factors in an epidemic Enterobacter hormaechei outbreak strain.,"Paauw A, Caspers MPM, Leverstein-van Hall MA, Schuren FHJ, Montijn RC, Verhoef J, Fluit AC",2009 May,"Microbiology (Reading, England)",10.1099/mic.0.024828-0,Journal Article,https://pubmed.ncbi.nlm.nih.gov/19372158/
19218238,Intranuclear degradation of polyglutamine aggregates by the ubiquitin-proteasome system.,"Iwata A, Nagashima Y, Matsumoto L, Suzuki T, Yamanaka T, Date H, Deoka K, Nukina N, Tsuji S",2009 Apr 10,The Journal of biological chemistry,10.1074/jbc.M809739200,"Journal Article, Research Support, Non-U.S. Gov't",https://pubmed.ncbi.nlm.nih.gov/19218238/
18968793,A sulpha-drug sensitive sensor based on ion-pair complex modified PQC resonator.,"Yuan J, Yao S",2002 Oct 16,Talanta,10.1016/s0039-9140(02)00309-0,Journal Article,https://pubmed.ncbi.nlm.nih.gov/18968793/
18804434,Reduced translocation of nascent prion protein during ER stress contributes to neurodegeneration.,"Rane NS, Kang SW, Chakrabarti O, Feigenbaum L, Hegde RS",2008 Sep,Developmental cell,10.1016/j.devcel.2008.06.015,"Journal Article, Research Support, N.I.H., Intramural",https://pubmed.ncbi.nlm.nih.gov/18804434/
18781773,Reduction of the impedance of a contactless conductivity detector for microchip capillary electrophoresis: compensation of the electrode impedance by addition of a series inductance from a piezoelectric quartz crystal.,"Kang Q, Shen D, Li Q, Hu Q, Dong J, Du J, Tang B",2008 Oct 15,Analytical chemistry,10.1021/ac800380g,"Journal Article, Research Support, Non-U.S. Gov't",https://pubmed.ncbi.nlm.nih.gov/18781773/
18552354,A candidate gene survey of quantitative trait loci affecting chemical composition in tomato fruit.,"Bermúdez L, Urias U, Milstein D, Kamenetzky L, Asis R, Fernie AR, Van Sluys MA, Carrari F, Rossi M",2008,Journal of experimental botany,10.1093/jxb/ern146,"Journal Article, Research Support, Non-U.S. Gov't",https://pubmed.ncbi.nlm.nih.gov/18552354/
18541772,Artemether treatment of prepatent Schistosoma japonicum induces resistance to reinfection in association with reduced pathology.,"Bartley PB, Glanfield A, Li Y, Stanisic DI, Duke M, Jones MK, McManus DP",2008 Jun,The American journal of tropical medicine and hygiene,,"Journal Article, Research Support, Non-U.S. Gov't",https://pubmed.ncbi.nlm.nih.gov/18541772/
18495153,Protein quality control and degradation in cardiomyocytes.,"Wang X, Su H, Ranek MJ",2008 Jul,Journal of molecular and cellular cardiology,10.1016/j.yjmcc.2008.03.025,"Journal Article, Research Support, N.I.H., Extramural, Research Support, Non-U.S. Gov't, Review",https://pubmed.ncbi.nlm.nih.gov/18495153/
18466487,Estimating the number and size of the main effects in genome-wide case-control association studies.,"Kuo PH, Bukszár J, van den Oord EJ",2007,BMC proceedings,10.1186/1753-6561-1-S1-S143,Journal Article,https://pubmed.ncbi.nlm.nih.gov/18466487/
18446631,Juvenile nasopharyngeal angiofibroma: an immunohistochemical characterisation of the stromal cell.,"Pauli J, Gundelach R, Vanelli-Rees A, Rees G, Campbell C, Dubey S, Perry C",2008 Jun,Pathology,10.1080/00313020802035857,Journal Article,https://pubmed.ncbi.nlm.nih.gov/18446631/
17981154,Molecular determinant of sensing extracellular pH in classical transient receptor potential channel 5.,"Kim MJ, Jeon JP, Kim HJ, Kim BJ, Lee YM, Choe H, Jeon JH, Kim SJ, So I",2008 Jan 11,Biochemical and biophysical research communications,10.1016/j.bbrc.2007.10.154,"Journal Article, Research Support, Non-U.S. Gov't",https://pubmed.ncbi.nlm.nih.gov/17981154/
17669693,Who controls the placebo? Introducing a Placebo Quality Checklist for pharmacological trials.,"Brinkhaus B, Pach D, Lüdtke R, Willich SN",2008 Mar,Contemporary clinical trials,10.1016/j.cct.2007.06.005,"Journal Article, Research Support, Non-U.S. Gov't",https://pubmed.ncbi.nlm.nih.gov/17669693/
17658313,Study of fibrinogen adsorption on hydroxyapatite and TiO2 surfaces by electrochemical piezoelectric quartz crystal impedance and FTIR-ATR spectroscopy.,"Yang Q, Zhang Y, Liu M, Ye M, Zhang Y, Yao S",2007 Jul 30,Analytica chimica acta,10.1016/j.aca.2007.06.025,"Journal Article, Research Support, Non-U.S. Gov't",https://pubmed.ncbi.nlm.nih.gov/17658313/
17638534,High throughput screening assay for UDP-glucuronosyltransferase 1A1 glucuronidation profiling.,"Trubetskoy OV, Finel M, Kurkela M, Fitzgerald M, Peters NR, Hoffman FM, Trubetskoy VS",2007 Jun,Assay and drug development technologies,10.1089/adt.2006.050,"Journal Article, Research Support, N.I.H., Extramural, Research Support, Non-U.S. Gov't",https://pubmed.ncbi.nlm.nih.gov/17638534/
17575353,Simultaneous quartz crystal microbalance-electrochemical impedance spectroscopy study on the adsorption of anti-human immunoglobulin G and its immunoreaction at nanomaterial-modified Au electrode surfaces.,"Jia X, Xie Q, Zhang Y, Yao S",2007 Jun,Analytical sciences : the international journal of the Japan Society for Analytical Chemistry,10.2116/analsci.23.689,"Journal Article, Research Support, Non-U.S. Gov't",https://pubmed.ncbi.nlm.nih.gov/17575353/
17567950,The role of p58IPK in protecting the stressed endoplasmic reticulum.,"Rutkowski DT, Kang SW, Goodman AG, Garrison JL, Taunton J, Katze MG, Kaufman RJ, Hegde RS",2007 Sep,Molecular biology of the cell,10.1091/mbc.e07-03-0272,"Journal Article, Research Support, N.I.H., Extramural, Research Support, N.I.H., Intramural, Research Support, Non-U.S. Gov't",https://pubmed.ncbi.nlm.nih.gov/17567950/
19532359,Non-near-field focus and imaging of an unpolarized electromagnetic wave through high-symmetry quasicrystals.,"Zhang X, Li Z, Cheng B, Zhang DZ",2007 Feb 5,Optics express,10.1364/oe.15.001292,Journal Article,https://pubmed.ncbi.nlm.nih.gov/19532359/
17207411,Evaluation of synthetic polymeric micelles as a stabilization medium for the handling of membrane proteins in pharmaceutical drug discovery.,"Trubetskoy OV, Finel M, Burke TJ, Trubetskoy VS",2006,"Journal of pharmacy & pharmaceutical sciences : a publication of the Canadian Society for Pharmaceutical Sciences, Societe canadienne des sciences pharmaceutiques",,"Journal Article, Research Support, N.I.H., Extramural",https://pubmed.ncbi.nlm.nih.gov/17207411/
17181585,Analytical and clinical sensitivity of the Procleix Ultrio HIV-1/HCV/HBV assay in samples with a low viral load.,"Katsoulidou A, Moschidis Z, Sypsa V, Chini M, Papatheodoridis GV, Tassopoulos NC, Mimidis K, Karafoulidou A, Hatzakis A",2007 Jan,Vox sanguinis,10.1111/j.1423-0410.2006.00857.x,"Evaluation Study, Journal Article",https://pubmed.ncbi.nlm.nih.gov/17181585/
17129784,Substrate-specific translocational attenuation during ER stress defines a pre-emptive quality control pathway.,"Kang SW, Rane NS, Kim SJ, Garrison JL, Taunton J, Hegde RS",2006 Dec 1,Cell,10.1016/j.cell.2006.10.032,"Journal Article, Research Support, N.I.H., Intramural",https://pubmed.ncbi.nlm.nih.gov/17129784/
17097591,Immobilization of bovine serum albumin as a sensitive biosensor for the detection of trace lead ion in solution by piezoelectric quartz crystal impedance.,"Yin J, Wei W, Liu X, Kong B, Wu L, Gong S",2007 Jan 1,Analytical biochemistry,10.1016/j.ab.2006.10.007,"Journal Article, Research Support, Non-U.S. Gov't",https://pubmed.ncbi.nlm.nih.gov/17097591/
17081122,Papaya glutamine cyclotransferase shows a singular five-fold beta-propeller architecture that suggests a novel reaction mechanism.,"Guevara T, Mallorquí-Fernández N, García-Castellanos R, García-Piqué S, Ebert Petersen G, Lauritzen C, Pedersen J, Arnau J, Gomis-Rüth FX, Solà M",2006 Oct-Nov,Biological chemistry,10.1515/BC.2006.185,"Journal Article, Research Support, Non-U.S. Gov't",https://pubmed.ncbi.nlm.nih.gov/17081122/
16971109,Flow analysis coupled with PQC/DNA biosensor for assay of E. coli based on detecting DNA products from PCR amplification.,"Sun H, Zhang Y, Fung Y",2006 Oct 15,Biosensors & bioelectronics,10.1016/j.bios.2006.08.006,"Evaluation Study, Journal Article, Research Support, Non-U.S. Gov't",https://pubmed.ncbi.nlm.nih.gov/16971109/
16851463,Scanning electrochemical microscopy in combination with piezoelectric quartz crystal impedance analysis for studying the growth and electrochemistry as well as microetching of poly(o-phenylenediamine) thin films.,"Tu X, Xie Q, Xiang C, Zhang Y, Yao S",2005 Mar 10,The journal of physical chemistry. B,10.1021/jp044731n,"Journal Article, Research Support, Non-U.S. Gov't",https://pubmed.ncbi.nlm.nih.gov/16851463/
16825397,Comparison of the Gen-Probe APTIMA Combo 2 assay to the AMPLICOR CT/NG assay for detection of Chlamydia trachomatis and Neisseria gonorrhoeae in urine samples from Australian men and women.,"Lowe P, O'Loughlin P, Evans K, White M, Bartley PB, Vohra R",2006 Jul,Journal of clinical microbiology,10.1128/JCM.00476-06,"Comparative Study, Evaluation Study, Journal Article",https://pubmed.ncbi.nlm.nih.gov/16825397/
16809074,Electrochemical piezoelectric quartz crystal impedance study on the interaction between concanavalin A and glycogen at Au electrodes.,"Tan L, Xie Q, Yao S",2007 May,"Bioelectrochemistry (Amsterdam, Netherlands)",10.1016/j.bioelechem.2006.05.004,"Evaluation Study, Journal Article, Research Support, Non-U.S. Gov't",https://pubmed.ncbi.nlm.nih.gov/16809074/
16808263,[Determination of the dose of dialysis with integrated modules in the same monitor].,"Torregrosa E, Hernández-Jaras J, García-Pérez H, Pons-Prades R, Calvo-Gordo C, Ríus-Peris A, Sánchez-Canel JJ, Pin-Godos M",2006,Nefrologia : publicacion oficial de la Sociedad Espanola Nefrologia,,"Comparative Study, English Abstract, Journal Article",https://pubmed.ncbi.nlm.nih.gov/16808263/
16722804,Protein misfolding and human disease.,"Gregersen N, Bross P, Vang S, Christensen JH",2006,Annual review of genomics and human genetics,10.1146/annurev.genom.7.080505.115737,"Journal Article, Research Support, Non-U.S. Gov't, Review",https://pubmed.ncbi.nlm.nih.gov/16722804/
16517866,Use of various common isolation media to evaluate the new VITEK 2 colorimetric GN Card for identification of Burkholderia pseudomallei.,"Lowe P, Haswell H, Lewis K",2006 Mar,Journal of clinical microbiology,10.1128/JCM.44.3.854-856.2006,"Comparative Study, Evaluation Study, Journal Article, Research Support, Non-U.S. Gov't",https://pubmed.ncbi.nlm.nih.gov/16517866/
16432477,Use of a commercial assay for detecting the 60 kDa chlamydial heat shock protein in a range of patient groups.,"Gazzard CM, Wood RN, Debattista J, Allan JA, Allan JM, Timms P",2006 Feb,Sexually transmitted diseases,10.1097/01.olq.0000187212.30915.f5,"Evaluation Study, Journal Article, Research Support, Non-U.S. Gov't",https://pubmed.ncbi.nlm.nih.gov/16432477/
16256587,A novel dual-impedance-analysis EQCM system--investigation of bovine serum albumin adsorption on gold and platinum electrode surfaces.,"Xie Q, Xiang C, Yuan Y, Zhang Y, Nie L, Yao S",2003 Jun 1,Journal of colloid and interface science,10.1016/S0021-9797(03)00196-6,"Journal Article, Research Support, Non-U.S. Gov't",https://pubmed.ncbi.nlm.nih.gov/16256587/
16128028,[Evaluation of the agreement of results obtained from ABI Prism 7000 and 7700 sequencers in the quantification of hepatitis B virus DNA].,"Sertöz RY, Erensoy S, Pas S, Niesters HG",2005 Apr,Mikrobiyoloji bulteni,,"Evaluation Study, Journal Article",https://pubmed.ncbi.nlm.nih.gov/16128028/
15942344,Prospective study of arterial and central venous catheter colonization and of arterial- and central venous catheter-related bacteremia in intensive care units.,"Traoré O, Liotier J, Souweine B",2005 Jun,Critical care medicine,10.1097/01.ccm.0000166350.90812.d4,"Comparative Study, Journal Article, Research Support, Non-U.S. Gov't",https://pubmed.ncbi.nlm.nih.gov/15942344/
15777146,Fatal muscarinic syndrome after eating wild mushrooms.,"Pauli JL, Foot CL",2005 Mar 21,The Medical journal of Australia,10.5694/j.1326-5377.2005.tb06705.x,"Case Reports, Journal Article",https://pubmed.ncbi.nlm.nih.gov/15777146/
15733579,A simultaneous electrochemical impedance and quartz crystal microbalance study on antihuman immunoglobulin G adsorption and human immunoglobulin G reaction.,"He H, Xie Q, Zhang Y, Yao S",2005 Mar 31,Journal of biochemical and biophysical methods,10.1016/j.jbbm.2004.11.004,"Journal Article, Research Support, Non-U.S. Gov't",https://pubmed.ncbi.nlm.nih.gov/15733579/
15648660,Monitoring the inhibitive effect of the static magnetic field on the activity of lysozyme with acoustic wave impedance analysis technique.,"Zhang S, Wei W, Tao H, Zhang J, Mao Y",2004 Oct,Journal of enzyme inhibition and medicinal chemistry,10.1080/14756360410001733720,"Comparative Study, Journal Article, Research Support, Non-U.S. Gov't",https://pubmed.ncbi.nlm.nih.gov/15648660/
15554216,A rapid micro quantification method of paracetamol in suppositories using differential scanning calorimetry.,"Noordin MI, Chung LY",2004,Drug development and industrial pharmacy,10.1081/ddc-200034991,"Comparative Study, Journal Article",https://pubmed.ncbi.nlm.nih.gov/15554216/
15370108,Common and uncommon variants of melanocytic naevi.,Strungs I,2004 Oct,Pathology,10.1080/00313020412331283888,"Journal Article, Review",https://pubmed.ncbi.nlm.nih.gov/15370108/
14505212,Quality of marital life in Korean patients with spondyloarthropathy.,"Yim SY, Lee IY, Lee JH, Jun JB, Kim TH, Bae SC, Yoo DH",2003 Sep,Clinical rheumatology,10.1007/s10067-003-0700-y,"Comparative Study, Journal Article",https://pubmed.ncbi.nlm.nih.gov/14505212/
12683407,Inter-laboratory comparison of HCV-RNA assay results: implications for multi-centre research.,"Pembrey L, Newell ML, Tovo PA, van Drimmelen H, Quinti I, Furlini G, Galli S, Meliconi MG, Burns S, Hallam N, Sönnerborg A, Cilla G, Serrano E, Laccetti P, Portella G, Polywka S, Icardi G, Bruzzone B, Balbo L, Alfarano A, European Paediatric Hepatitis C Virus Network",2003 Feb,Journal of medical virology,10.1002/jmv.10283,"Comparative Study, Journal Article, Multicenter Study, Research Support, Non-U.S. Gov't",https://pubmed.ncbi.nlm.nih.gov/12683407/
12485172,Cytological features of chronic follicular cervicitis in liquid-based specimens: a potential diagnostic pitfall.,Halford JA,2002 Dec,Cytopathology : official journal of the British Society for Clinical Cytology,10.1046/j.1365-2303.2002.00434.x,Journal Article,https://pubmed.ncbi.nlm.nih.gov/12485172/
12389212,Evidence that thermodynamic stability of papaya glutamine cyclase is only marginal.,"Azarkan M, Amrani A, Zerhouni S, Oberg KA, Ruysschaert JM, Wintjens R, Looze Y",2002 Dec 5,Biopolymers,10.1002/bip.10234,Journal Article,https://pubmed.ncbi.nlm.nih.gov/12389212/
12084160,Sensitivity of HCV RNA and HIV RNA blood screening assays.,"Lelie PN, van Drimmelen HA, Cuypers HT, Best SJ, Stramer SL, Hyland C, Allain JP, Moncharmont P, Defer C, Nübling M, Glauser A, da Silva Cardoso M, Viret JF, Lankinen MH, Grillner L, Wirthmüller U, Coste J, Schottstedt V, Masecar B, Dax EM",2002 May,Transfusion,10.1046/j.1537-2995.2002.00101.x,"Comparative Study, Evaluation Study, Journal Article, Multicenter Study",https://pubmed.ncbi.nlm.nih.gov/12084160/
11722510,Evaluation of thin-layer methods in urine cytology.,"Wright RG, Halford JA",2001 Oct,Cytopathology : official journal of the British Society for Clinical Cytology,10.1046/j.1365-2303.2001.00341.x,"Comparative Study, Evaluation Study, Journal Article",https://pubmed.ncbi.nlm.nih.gov/11722510/
11536230,Real-time PCR for detection and quantitation of hepatitis B virus DNA.,"Chen RW, Piiparinen H, Seppänen M, Koskela P, Sarna S, Lappalainen M",2001 Oct,Journal of medical virology,10.1002/jmv.2027,"Comparative Study, Journal Article, Research Support, Non-U.S. Gov't",https://pubmed.ncbi.nlm.nih.gov/11536230/
11520410,Validation of the NucliSens Extractor in combination with the hepatitis C virus Cobas Amplicor 2.0 assay in four laboratories in the Netherlands utilizing nucleic acid amplification technology for blood screening.,"Cuijpers HT, Molijn MH, Bos HJ, Peeters AP, van der Poel CL, Lelie PN",2001 Jul,Vox sanguinis,10.1046/j.1423-0410.2001.00055.x,"Journal Article, Validation Study",https://pubmed.ncbi.nlm.nih.gov/11520410/
10686057,European multi-centre validation study of NucliSens Extractor in combination with HCV Amplicor 2.0 assay for HCV-NAT screening of plasma pools.,"Cuypers HT, van Dijk R, Viret JF, Schottstedt V, Lankinen M, Da Silva Cardoso M, Lelie PN",1999 Dec,Biologicals : journal of the International Association of Biological Standardization,10.1006/biol.1999.0225,"Journal Article, Multicenter Study",https://pubmed.ncbi.nlm.nih.gov/10686057/
10643010,Detection of false-negative Papanicolaou smears by rapid rescreening in a large routine cervical cytology laboratory.,"Wright RG, Halford JA, Ditchmen EJ",1999 Nov,Pathology,10.1080/003130299104765,Journal Article,https://pubmed.ncbi.nlm.nih.gov/10643010/
10430477,Mutation of structural determinants lining the N-methyl-D-aspartate receptor channel differentially affects phencyclidine block and spermine potentiation and block.,"Zheng X, Zhang L, Wang AP, Araneda RC, Lin Y, Zukin RS, Bennett MV",1999,Neuroscience,10.1016/s0306-4522(99)00154-2,"Journal Article, Research Support, U.S. Gov't, P.H.S.",https://pubmed.ncbi.nlm.nih.gov/10430477/
10408316,Influence of menstrual cycle and oral contraceptives on tolerance to uncompensable heat stress.,"Tenaglia SA, McLellan TM, Klentrou PP",1999 Jul,European journal of applied physiology and occupational physiology,10.1007/s004210050561,"Clinical Trial, Journal Article",https://pubmed.ncbi.nlm.nih.gov/10408316/
9748628,"Purification and characterization of papaya glutamine cyclotransferase, a plant enzyme highly resistant to chemical, acid and thermal denaturation.","Zerhouni S, Amrani A, Nijs M, Smolders N, Azarkan M, Vincentelli J, Looze Y",1998 Sep 8,Biochimica et biophysica acta,10.1016/s0167-4838(98)00140-x,"Journal Article, Research Support, Non-U.S. Gov't",https://pubmed.ncbi.nlm.nih.gov/9748628/
9721236,"Chronology of genetic changes in the vpu, env, and Nef genes of chimeric simian-human immunodeficiency virus (strain HXB2) during acquisition of virulence for pig-tailed macaques.","McCormick-Davis C, Zhao LJ, Mukherjee S, Leung K, Sheffer D, Joag SV, Narayan O, Stephens EB",1998 Sep 1,Virology,10.1006/viro.1998.9300,"Journal Article, Research Support, U.S. Gov't, P.H.S.",https://pubmed.ncbi.nlm.nih.gov/9721236/
9597731,A piezoelectric quartz crystal sensor for the determination of coagulation time in plasma and whole blood.,"Cheng TJ, Chang HC, Lin TM",1998 Feb 1,Biosensors & bioelectronics,10.1016/s0956-5663(97)00111-5,"Journal Article, Research Support, Non-U.S. Gov't",https://pubmed.ncbi.nlm.nih.gov/9597731/
9222100,An artificial intelligent diagnostic system on differential recognition of hematopoietic cells from microscopic images.,"Beksaç M, Beksaç MS, Tipi VB, Duru HA, Karakás MU, Cakar AN",1997 Jun 15,Cytometry,10.1002/(sici)1097-0320(19970615)30:3<145::aid-cyto5>3.0.co;2-k,Journal Article,https://pubmed.ncbi.nlm.nih.gov/9222100/
7955166,"[In vitro sensitivity of Plasmodium falciparum to mefloquine, quinine, amodiaquine, chloroquine, pyronaridine and sulfadoxine/pyrimethamine in south Yunnan].","Yang H, Yang P, Yang Y",1994,Zhongguo ji sheng chong xue yu ji sheng chong bing za zhi = Chinese journal of parasitology & parasitic diseases,,"Journal Article, Research Support, Non-U.S. Gov't",https://pubmed.ncbi.nlm.nih.gov/7955166/
1864991,The need for primary quality control of commercially available immunoassay kits.,"Hashimoto T, Matsubara F",1991 Feb,Journal of clinical pathology,10.1136/jcp.44.2.165,"Journal Article, Research Support, Non-U.S. Gov't",https://pubmed.ncbi.nlm.nih.gov/1864991/
2754420,Prevention of postlaminectomy membrane: experimental and clinical observations.,"Chen PQ, Yang CY, Su CJ, Lee F",1989 Jan,Taiwan yi xue hui za zhi. Journal of the Formosan Medical Association,,"Comparative Study, Journal Article",https://pubmed.ncbi.nlm.nih.gov/2754420/
3242312,Effects of an NADPH-generating system on primaquine degradation by hamster liver fractions.,"Abu-El-Haj S, Allahyari R, Chavez E, Fraser IM, Strother A",1988 Oct,Xenobiotica; the fate of foreign compounds in biological systems,10.3109/00498258809042239,"Journal Article, Research Support, Non-U.S. Gov't",https://pubmed.ncbi.nlm.nih.gov/3242312/
3542534,Pharmacokinetics of primaquine in patients with P. vivax malaria.,"Bhatia SC, Saraph YS, Revankar SN, Doshi KJ, Bharucha ED, Desai ND, Vaidya AB, Subrahmanyam D, Gupta KC, Satoskar RS",1986,European journal of clinical pharmacology,10.1007/BF00606660,"Journal Article, Research Support, Non-U.S. Gov't",https://pubmed.ncbi.nlm.nih.gov/3542534/
6751939,Preferential codon usage in prokaryotic genes: the optimal codon-anticodon interaction energy and the selective codon usage in efficiently expressed genes.,"Grosjean H, Fiers W",1982 Jun,Gene,10.1016/0378-1119(82)90157-3,"Journal Article, Research Support, Non-U.S. Gov't, Review",https://pubmed.ncbi.nlm.nih.gov/6751939/
