scopus_id,eid,title,authors,publication_name,cover_date,doi,issn,volume,issue_identifier,page_range,citedby_count,subtype_description,link,search_query
SCOPUS_ID:105031557215,2-s2.0-105031557215,Nature meets machine: the AI renaissance in natural product drug discovery,Muthuraj R.,Natural Products and Bioprospecting,2026-12-01,10.1007/s13659-025-00589-6,21922195,16,1,,0,Review,"https://api.elsevier.com/content/abstract/scopus_id/105031557215, https://api.elsevier.com/content/abstract/scopus_id/105031557215?field=author,affiliation, https://www.scopus.com/inward/record.uri?partnerID=HzOxMe3b&scp=105031557215&origin=inward, https://www.scopus.com/inward/citedby.uri?partnerID=HzOxMe3b&scp=105031557215&origin=inward","TITLE-ABS-KEY(""quantum machine learning"" AND medicine)"
SCOPUS_ID:105027239588,2-s2.0-105027239588,From data to diagnosis: A comprehensive review of machine learning-driven wearable sensors in healthcare,Zhao M.,Bioelectrochemistry,2026-08-01,10.1016/j.bioelechem.2026.109228,15675394,170,,,0,Review,"https://api.elsevier.com/content/abstract/scopus_id/105027239588, https://api.elsevier.com/content/abstract/scopus_id/105027239588?field=author,affiliation, https://www.scopus.com/inward/record.uri?partnerID=HzOxMe3b&scp=105027239588&origin=inward, https://www.scopus.com/inward/citedby.uri?partnerID=HzOxMe3b&scp=105027239588&origin=inward, https://api.elsevier.com/content/article/eid/1-s2.0-S1567539426000149","TITLE-ABS-KEY(""quantum machine learning"" AND medicine)"
SCOPUS_ID:105030934265,2-s2.0-105030934265,"Quantum computing in medical diagnostics and treatment: A systematic review of trends, challenges and future directions",Shirin N.S.,Intelligence Based Medicine,2026-03-01,10.1016/j.ibmed.2026.100356,,13,,,0,Review,"https://api.elsevier.com/content/abstract/scopus_id/105030934265, https://api.elsevier.com/content/abstract/scopus_id/105030934265?field=author,affiliation, https://www.scopus.com/inward/record.uri?partnerID=HzOxMe3b&scp=105030934265&origin=inward, https://www.scopus.com/inward/citedby.uri?partnerID=HzOxMe3b&scp=105030934265&origin=inward, https://api.elsevier.com/content/article/eid/1-s2.0-S2666521226000141","TITLE-ABS-KEY(""quantum machine learning"" AND medicine)"
SCOPUS_ID:105030073218,2-s2.0-105030073218,A Survey on Quantum Machine Learning Applications in Medicine and Healthcare,Idzikowski R.,Applied Sciences Switzerland,2026-02-01,10.3390/app16031630,,16,3,,0,Review,"https://api.elsevier.com/content/abstract/scopus_id/105030073218, https://api.elsevier.com/content/abstract/scopus_id/105030073218?field=author,affiliation, https://www.scopus.com/inward/record.uri?partnerID=HzOxMe3b&scp=105030073218&origin=inward, https://www.scopus.com/inward/citedby.uri?partnerID=HzOxMe3b&scp=105030073218&origin=inward","TITLE-ABS-KEY(""quantum machine learning"" AND medicine)"
SCOPUS_ID:105019503568,2-s2.0-105019503568,Quantum Machine Learning in Precision Medicine and Drug Discovery - A Game Changer for Tailored Treatments?,Bertl M.,Lecture Notes in Computer Science,2026-01-01,10.1007/978-3-032-01377-4_6,03029743,16032 LNCS,,122-140,0,Conference Paper,"https://api.elsevier.com/content/abstract/scopus_id/105019503568, https://api.elsevier.com/content/abstract/scopus_id/105019503568?field=author,affiliation, https://www.scopus.com/inward/record.uri?partnerID=HzOxMe3b&scp=105019503568&origin=inward, https://www.scopus.com/inward/citedby.uri?partnerID=HzOxMe3b&scp=105019503568&origin=inward","TITLE-ABS-KEY(""quantum machine learning"" AND medicine)"
SCOPUS_ID:105020164151,2-s2.0-105020164151,A Comparative Analysis of Classical and Quantum Machine Learning Approaches in Healthcare Data Analytics,Dhanu A.C.,Lecture Notes in Networks and Systems,2026-01-01,10.1007/978-3-032-05802-7_10,23673370,1636 LNNS,,83-96,0,Conference Paper,"https://api.elsevier.com/content/abstract/scopus_id/105020164151, https://api.elsevier.com/content/abstract/scopus_id/105020164151?field=author,affiliation, https://www.scopus.com/inward/record.uri?partnerID=HzOxMe3b&scp=105020164151&origin=inward, https://www.scopus.com/inward/citedby.uri?partnerID=HzOxMe3b&scp=105020164151&origin=inward","TITLE-ABS-KEY(""quantum machine learning"" AND medicine)"
SCOPUS_ID:105004821888,2-s2.0-105004821888,A Systematic Review on Quantum Machine Learning Applications in Classification,Mohammadisavadkoohi E.,IEEE Transactions on Artificial Intelligence,2026-01-01,10.1109/TAI.2025.3567960,,7,1,4-21,2,Review,"https://api.elsevier.com/content/abstract/scopus_id/105004821888, https://api.elsevier.com/content/abstract/scopus_id/105004821888?field=author,affiliation, https://www.scopus.com/inward/record.uri?partnerID=HzOxMe3b&scp=105004821888&origin=inward, https://www.scopus.com/inward/citedby.uri?partnerID=HzOxMe3b&scp=105004821888&origin=inward","TITLE-ABS-KEY(""quantum machine learning"" AND medicine)"
SCOPUS_ID:105030066069,2-s2.0-105030066069,Quantum Machine Learning in Medical Image Analysis: From Diagnostics to Surgery Planning,Sar A.,IEEE Access,2026-01-01,10.1109/ACCESS.2026.3663498,,14,,27690-27732,0,Review,"https://api.elsevier.com/content/abstract/scopus_id/105030066069, https://api.elsevier.com/content/abstract/scopus_id/105030066069?field=author,affiliation, https://www.scopus.com/inward/record.uri?partnerID=HzOxMe3b&scp=105030066069&origin=inward, https://www.scopus.com/inward/citedby.uri?partnerID=HzOxMe3b&scp=105030066069&origin=inward","TITLE-ABS-KEY(""quantum machine learning"" AND medicine)"
SCOPUS_ID:105029354443,2-s2.0-105029354443,From prediction to design: A machine learning model for de novo bioactive compounds and personalized biotherapeutics,Mamoudou H.,Letters in Drug Design and Discovery,2026-01-01,10.1016/j.lddd.2026.100322,15701808,,,,0,Article,"https://api.elsevier.com/content/abstract/scopus_id/105029354443, https://api.elsevier.com/content/abstract/scopus_id/105029354443?field=author,affiliation, https://www.scopus.com/inward/record.uri?partnerID=HzOxMe3b&scp=105029354443&origin=inward, https://www.scopus.com/inward/citedby.uri?partnerID=HzOxMe3b&scp=105029354443&origin=inward, https://api.elsevier.com/content/article/eid/1-s2.0-S1570180826000527","TITLE-ABS-KEY(""quantum machine learning"" AND medicine)"
SCOPUS_ID:105028664614,2-s2.0-105028664614,AI-Based Prediction of Gene Expression in Single-Cell and Multiscale Genomics and Transcriptomics,Pălăștea E.A.,International Journal of Molecular Sciences,2026-01-01,10.3390/ijms27020801,16616596,27,2,,0,Review,"https://api.elsevier.com/content/abstract/scopus_id/105028664614, https://api.elsevier.com/content/abstract/scopus_id/105028664614?field=author,affiliation, https://www.scopus.com/inward/record.uri?partnerID=HzOxMe3b&scp=105028664614&origin=inward, https://www.scopus.com/inward/citedby.uri?partnerID=HzOxMe3b&scp=105028664614&origin=inward","TITLE-ABS-KEY(""quantum machine learning"" AND medicine)"
SCOPUS_ID:105028272585,2-s2.0-105028272585,"Quantum Computing: Comparing Standard Algorithm Performance, Its Applications, and Relevance of Quantum Digital Twins in Health Care",Pradyumna S.V.,Lecture Notes in Networks and Systems,2026-01-01,10.1007/978-981-96-9048-0_14,23673370,1525 LNNS,,145-154,0,Conference Paper,"https://api.elsevier.com/content/abstract/scopus_id/105028272585, https://api.elsevier.com/content/abstract/scopus_id/105028272585?field=author,affiliation, https://www.scopus.com/inward/record.uri?partnerID=HzOxMe3b&scp=105028272585&origin=inward, https://www.scopus.com/inward/citedby.uri?partnerID=HzOxMe3b&scp=105028272585&origin=inward","TITLE-ABS-KEY(""quantum machine learning"" AND medicine)"
SCOPUS_ID:105011282268,2-s2.0-105011282268,A quantum machine learning framework for predicting drug sensitivity in multiple myeloma using proteomic data,Priyadharshini M.,Scientific Reports,2025-12-01,10.1038/s41598-025-06544-2,,15,1,,1,Article,"https://api.elsevier.com/content/abstract/scopus_id/105011282268, https://api.elsevier.com/content/abstract/scopus_id/105011282268?field=author,affiliation, https://www.scopus.com/inward/record.uri?partnerID=HzOxMe3b&scp=105011282268&origin=inward, https://www.scopus.com/inward/citedby.uri?partnerID=HzOxMe3b&scp=105011282268&origin=inward","TITLE-ABS-KEY(""quantum machine learning"" AND medicine)"
SCOPUS_ID:105026120032,2-s2.0-105026120032,Quantum computing and the implementation of precision medicine,Nassir N.,Npj Genomic Medicine,2025-12-01,10.1038/s41525-025-00537-w,,10,1,,1,Review,"https://api.elsevier.com/content/abstract/scopus_id/105026120032, https://api.elsevier.com/content/abstract/scopus_id/105026120032?field=author,affiliation, https://www.scopus.com/inward/record.uri?partnerID=HzOxMe3b&scp=105026120032&origin=inward, https://www.scopus.com/inward/citedby.uri?partnerID=HzOxMe3b&scp=105026120032&origin=inward","TITLE-ABS-KEY(""quantum machine learning"" AND medicine)"
SCOPUS_ID:105012746789,2-s2.0-105012746789,Quantum enhanced stratification of breast cancer: exploring quantum expressivity for real omics data,Repetto V.,Quantum Machine Intelligence,2025-12-01,10.1007/s42484-025-00289-x,25244906,7,2,,2,Article,"https://api.elsevier.com/content/abstract/scopus_id/105012746789, https://api.elsevier.com/content/abstract/scopus_id/105012746789?field=author,affiliation, https://www.scopus.com/inward/record.uri?partnerID=HzOxMe3b&scp=105012746789&origin=inward, https://www.scopus.com/inward/citedby.uri?partnerID=HzOxMe3b&scp=105012746789&origin=inward","TITLE-ABS-KEY(""quantum machine learning"" AND medicine)"
SCOPUS_ID:105011719948,2-s2.0-105011719948,QKDTI A quantum kernel based machine learning model for drug target interaction prediction,Pallavi G.,Scientific Reports,2025-12-01,10.1038/s41598-025-07303-z,,15,1,,1,Article,"https://api.elsevier.com/content/abstract/scopus_id/105011719948, https://api.elsevier.com/content/abstract/scopus_id/105011719948?field=author,affiliation, https://www.scopus.com/inward/record.uri?partnerID=HzOxMe3b&scp=105011719948&origin=inward, https://www.scopus.com/inward/citedby.uri?partnerID=HzOxMe3b&scp=105011719948&origin=inward","TITLE-ABS-KEY(""quantum machine learning"" AND medicine)"
SCOPUS_ID:105019535849,2-s2.0-105019535849,"Quantum computing revolution in healthcare: a systematic review of applications, issues and future directions",Bukkarayasamudram V.K.,Artificial Intelligence Review,2025-12-01,10.1007/s10462-025-11381-w,02692821,58,12,,4,Article,"https://api.elsevier.com/content/abstract/scopus_id/105019535849, https://api.elsevier.com/content/abstract/scopus_id/105019535849?field=author,affiliation, https://www.scopus.com/inward/record.uri?partnerID=HzOxMe3b&scp=105019535849&origin=inward, https://www.scopus.com/inward/citedby.uri?partnerID=HzOxMe3b&scp=105019535849&origin=inward","TITLE-ABS-KEY(""quantum machine learning"" AND medicine)"
SCOPUS_ID:105019641987,2-s2.0-105019641987,Enhanced deep learning and quantum variational classifier for large-scale data analysis,D S.,Knowledge Based Systems,2025-11-25,10.1016/j.knosys.2025.114611,09507051,330,,,5,Article,"https://api.elsevier.com/content/abstract/scopus_id/105019641987, https://api.elsevier.com/content/abstract/scopus_id/105019641987?field=author,affiliation, https://www.scopus.com/inward/record.uri?partnerID=HzOxMe3b&scp=105019641987&origin=inward, https://www.scopus.com/inward/citedby.uri?partnerID=HzOxMe3b&scp=105019641987&origin=inward, https://api.elsevier.com/content/article/eid/1-s2.0-S0950705125016508","TITLE-ABS-KEY(""quantum machine learning"" AND medicine)"
SCOPUS_ID:105013743608,2-s2.0-105013743608,Lightweight Quantum Neural Networks Intelligent Generation,Wang W.,Advanced Quantum Technologies,2025-11-01,10.1002/qute.202500302,,8,11,,0,Article,"https://api.elsevier.com/content/abstract/scopus_id/105013743608, https://api.elsevier.com/content/abstract/scopus_id/105013743608?field=author,affiliation, https://www.scopus.com/inward/record.uri?partnerID=HzOxMe3b&scp=105013743608&origin=inward, https://www.scopus.com/inward/citedby.uri?partnerID=HzOxMe3b&scp=105013743608&origin=inward","TITLE-ABS-KEY(""quantum machine learning"" AND medicine)"
SCOPUS_ID:105000216731,2-s2.0-105000216731,A Systematic Review on Machine Learning Intelligent Systems for Heart Disease Diagnosis,Sharma A.,Archives of Computational Methods in Engineering,2025-10-01,10.1007/s11831-025-10271-2,11343060,32,7,4303-4329,30,Review,"https://api.elsevier.com/content/abstract/scopus_id/105000216731, https://api.elsevier.com/content/abstract/scopus_id/105000216731?field=author,affiliation, https://www.scopus.com/inward/record.uri?partnerID=HzOxMe3b&scp=105000216731&origin=inward, https://www.scopus.com/inward/citedby.uri?partnerID=HzOxMe3b&scp=105000216731&origin=inward","TITLE-ABS-KEY(""quantum machine learning"" AND medicine)"
SCOPUS_ID:105003279993,2-s2.0-105003279993,Fusion of quantum computing and explainable AI: A comprehensive survey on transformative healthcare solutions,Singh S.S.,Information Fusion,2025-10-01,10.1016/j.inffus.2025.103217,15662535,122,,,6,Article,"https://api.elsevier.com/content/abstract/scopus_id/105003279993, https://api.elsevier.com/content/abstract/scopus_id/105003279993?field=author,affiliation, https://www.scopus.com/inward/record.uri?partnerID=HzOxMe3b&scp=105003279993&origin=inward, https://www.scopus.com/inward/citedby.uri?partnerID=HzOxMe3b&scp=105003279993&origin=inward, https://api.elsevier.com/content/article/eid/1-s2.0-S1566253525002908","TITLE-ABS-KEY(""quantum machine learning"" AND medicine)"
SCOPUS_ID:105018415559,2-s2.0-105018415559,Quantum Algorithms for Enhancing Cybersecurity in Computational Intelligence in Healthcare,Singhal P.,Quantum Algorithms for Enhancing Cybersecurity in Computational Intelligence in Healthcare,2025-09-22,10.1201/9781003597414,,,,1-330,0,Book,"https://api.elsevier.com/content/abstract/scopus_id/105018415559, https://api.elsevier.com/content/abstract/scopus_id/105018415559?field=author,affiliation, https://www.scopus.com/inward/record.uri?partnerID=HzOxMe3b&scp=105018415559&origin=inward, https://www.scopus.com/inward/citedby.uri?partnerID=HzOxMe3b&scp=105018415559&origin=inward","TITLE-ABS-KEY(""quantum machine learning"" AND medicine)"
SCOPUS_ID:105015959687,2-s2.0-105015959687,Quantum Cardiovascular Medicine: From Hype to Hope—A Critical Review of Real-World Applications,Tomala M.,Journal of Clinical Medicine,2025-09-01,10.3390/jcm14176029,,14,17,,1,Review,"https://api.elsevier.com/content/abstract/scopus_id/105015959687, https://api.elsevier.com/content/abstract/scopus_id/105015959687?field=author,affiliation, https://www.scopus.com/inward/record.uri?partnerID=HzOxMe3b&scp=105015959687&origin=inward, https://www.scopus.com/inward/citedby.uri?partnerID=HzOxMe3b&scp=105015959687&origin=inward, https://api.elsevier.com/content/article/eid/1-s2.0-S2077038325058357","TITLE-ABS-KEY(""quantum machine learning"" AND medicine)"
SCOPUS_ID:105010171820,2-s2.0-105010171820,Unlocking clinical quantum oncology through quantum control,Matarèse B.F.E.,European Journal of Cancer,2025-08-26,10.1016/j.ejca.2025.115632,09598049,226,,,1,Article,"https://api.elsevier.com/content/abstract/scopus_id/105010171820, https://api.elsevier.com/content/abstract/scopus_id/105010171820?field=author,affiliation, https://www.scopus.com/inward/record.uri?partnerID=HzOxMe3b&scp=105010171820&origin=inward, https://www.scopus.com/inward/citedby.uri?partnerID=HzOxMe3b&scp=105010171820&origin=inward, https://api.elsevier.com/content/article/eid/1-s2.0-S0959804925004149","TITLE-ABS-KEY(""quantum machine learning"" AND medicine)"
SCOPUS_ID:105017111932,2-s2.0-105017111932,Quantum Variational Transformer Model for Enhanced Cancer Classification,Roosan D.,Advances in Transdisciplinary Engineering,2025-08-26,10.3233/ATDE250557,2352751X,73,,434-441,0,Conference Paper,"https://api.elsevier.com/content/abstract/scopus_id/105017111932, https://api.elsevier.com/content/abstract/scopus_id/105017111932?field=author,affiliation, https://www.scopus.com/inward/record.uri?partnerID=HzOxMe3b&scp=105017111932&origin=inward, https://www.scopus.com/inward/citedby.uri?partnerID=HzOxMe3b&scp=105017111932&origin=inward","TITLE-ABS-KEY(""quantum machine learning"" AND medicine)"
SCOPUS_ID:105004375443,2-s2.0-105004375443,Fuzzy quantum machine learning (FQML) logic for optimized disease prediction,Khushal R.,Computers in Biology and Medicine,2025-06-01,10.1016/j.compbiomed.2025.110315,00104825,192,,,6,Article,"https://api.elsevier.com/content/abstract/scopus_id/105004375443, https://api.elsevier.com/content/abstract/scopus_id/105004375443?field=author,affiliation, https://www.scopus.com/inward/record.uri?partnerID=HzOxMe3b&scp=105004375443&origin=inward, https://www.scopus.com/inward/citedby.uri?partnerID=HzOxMe3b&scp=105004375443&origin=inward, https://api.elsevier.com/content/article/eid/1-s2.0-S0010482525006663","TITLE-ABS-KEY(""quantum machine learning"" AND medicine)"
SCOPUS_ID:105005886933,2-s2.0-105005886933,Investigating the Application of Quantum Machine Learning in Breast Cancer: A Systematic Review,Kaveh S.,Archives of Breast Cancer,2025-05-01,10.32768/abc.2025122130-142,,12,2,130-142,1,Review,"https://api.elsevier.com/content/abstract/scopus_id/105005886933, https://api.elsevier.com/content/abstract/scopus_id/105005886933?field=author,affiliation, https://www.scopus.com/inward/record.uri?partnerID=HzOxMe3b&scp=105005886933&origin=inward, https://www.scopus.com/inward/citedby.uri?partnerID=HzOxMe3b&scp=105005886933&origin=inward","TITLE-ABS-KEY(""quantum machine learning"" AND medicine)"
SCOPUS_ID:105004863241,2-s2.0-105004863241,Harnessing quantum computing for AI-driven medical advancements: A comprehensive study,Reshma S.,Exploring the Fusion of Quantum Computing and Machine Learning,2025-04-17,10.4018/979-8-3693-6225-9.ch003,,,,53-79,3,Book Chapter,"https://api.elsevier.com/content/abstract/scopus_id/105004863241, https://api.elsevier.com/content/abstract/scopus_id/105004863241?field=author,affiliation, https://www.scopus.com/inward/record.uri?partnerID=HzOxMe3b&scp=105004863241&origin=inward, https://www.scopus.com/inward/citedby.uri?partnerID=HzOxMe3b&scp=105004863241&origin=inward","TITLE-ABS-KEY(""quantum machine learning"" AND medicine)"
SCOPUS_ID:105002337537,2-s2.0-105002337537,New Paradigm in Bioinformatics for Precision Medicine Using Quantum Technologies,Nenchovski B.,Aip Conference Proceedings,2025-03-31,10.1063/5.0245969,0094243X,3182,1,,0,Conference Paper,"https://api.elsevier.com/content/abstract/scopus_id/105002337537, https://api.elsevier.com/content/abstract/scopus_id/105002337537?field=author,affiliation, https://www.scopus.com/inward/record.uri?partnerID=HzOxMe3b&scp=105002337537&origin=inward, https://www.scopus.com/inward/citedby.uri?partnerID=HzOxMe3b&scp=105002337537&origin=inward","TITLE-ABS-KEY(""quantum machine learning"" AND medicine)"
SCOPUS_ID:105001312134,2-s2.0-105001312134,Quantum Computing and Machine Learning in Medical Decision-Making: A Comprehensive Review,Chow J.C.L.,Algorithms,2025-03-01,10.3390/a18030156,,18,3,,42,Review,"https://api.elsevier.com/content/abstract/scopus_id/105001312134, https://api.elsevier.com/content/abstract/scopus_id/105001312134?field=author,affiliation, https://www.scopus.com/inward/record.uri?partnerID=HzOxMe3b&scp=105001312134&origin=inward, https://www.scopus.com/inward/citedby.uri?partnerID=HzOxMe3b&scp=105001312134&origin=inward","TITLE-ABS-KEY(""quantum machine learning"" AND medicine)"
SCOPUS_ID:105021240827,2-s2.0-105021240827,Modeling and Benchmarking Quantum Machine Learning for Genomic Data Analysis,Singh N.,IEEE Transactions on Artificial Intelligence,2025-01-01,10.1109/TAI.2025.3630124,,,,,0,Article,"https://api.elsevier.com/content/abstract/scopus_id/105021240827, https://api.elsevier.com/content/abstract/scopus_id/105021240827?field=author,affiliation, https://www.scopus.com/inward/record.uri?partnerID=HzOxMe3b&scp=105021240827&origin=inward, https://www.scopus.com/inward/citedby.uri?partnerID=HzOxMe3b&scp=105021240827&origin=inward","TITLE-ABS-KEY(""quantum machine learning"" AND medicine)"
SCOPUS_ID:105001430664,2-s2.0-105001430664,Advancing Drug Discovery with Quantum Machine Learning,Tripathi R.K.P.,Quantum Computing the Future of Information Processing,2025-01-01,10.1201/9781003499459-7,,,,111-132,0,Book Chapter,"https://api.elsevier.com/content/abstract/scopus_id/105001430664, https://api.elsevier.com/content/abstract/scopus_id/105001430664?field=author,affiliation, https://www.scopus.com/inward/record.uri?partnerID=HzOxMe3b&scp=105001430664&origin=inward, https://www.scopus.com/inward/citedby.uri?partnerID=HzOxMe3b&scp=105001430664&origin=inward","TITLE-ABS-KEY(""quantum machine learning"" AND medicine)"
SCOPUS_ID:105014730949,2-s2.0-105014730949,Quantum machine learning for sleep staging of EEG signals,Tian Y.,Proceedings of SPIE the International Society for Optical Engineering,2025-01-01,10.1117/12.3074685,0277786X,13708,,,0,Conference Paper,"https://api.elsevier.com/content/abstract/scopus_id/105014730949, https://api.elsevier.com/content/abstract/scopus_id/105014730949?field=author,affiliation, https://www.scopus.com/inward/record.uri?partnerID=HzOxMe3b&scp=105014730949&origin=inward, https://www.scopus.com/inward/citedby.uri?partnerID=HzOxMe3b&scp=105014730949&origin=inward","TITLE-ABS-KEY(""quantum machine learning"" AND medicine)"
SCOPUS_ID:105022181455,2-s2.0-105022181455,Coalition of explainable artificial intelligence and quantum computing in precision medicine,Ray S.,Computational and Structural Biotechnology Journal,2025-01-01,10.1016/j.csbj.2025.11.031,,27,,5234-5251,1,Review,"https://api.elsevier.com/content/abstract/scopus_id/105022181455, https://api.elsevier.com/content/abstract/scopus_id/105022181455?field=author,affiliation, https://www.scopus.com/inward/record.uri?partnerID=HzOxMe3b&scp=105022181455&origin=inward, https://www.scopus.com/inward/citedby.uri?partnerID=HzOxMe3b&scp=105022181455&origin=inward, https://api.elsevier.com/content/article/eid/1-s2.0-S2001037025005008","TITLE-ABS-KEY(""quantum machine learning"" AND medicine)"
SCOPUS_ID:105001429037,2-s2.0-105001429037,Quantum Machine Learning (QML) Algorithms for Smart Biomedical Applications,Swati I.U.H.,Artificial Intelligence and Optimization Techniques for Smart Information System Generations,2025-01-01,10.1201/9781003592969-8,,,,150-171,0,Book Chapter,"https://api.elsevier.com/content/abstract/scopus_id/105001429037, https://api.elsevier.com/content/abstract/scopus_id/105001429037?field=author,affiliation, https://www.scopus.com/inward/record.uri?partnerID=HzOxMe3b&scp=105001429037&origin=inward, https://www.scopus.com/inward/citedby.uri?partnerID=HzOxMe3b&scp=105001429037&origin=inward","TITLE-ABS-KEY(""quantum machine learning"" AND medicine)"
SCOPUS_ID:105013619164,2-s2.0-105013619164,Quantum Image Classification for Sustainable Medical Image Diagnosis,Cruz M.V.,Proceedings of the 6th International Conference on Inventive Research in Computing Applications Icirca 2025,2025-01-01,10.1109/ICIRCA65293.2025.11089792,,,,1789-1792,1,Conference Paper,"https://api.elsevier.com/content/abstract/scopus_id/105013619164, https://api.elsevier.com/content/abstract/scopus_id/105013619164?field=author,affiliation, https://www.scopus.com/inward/record.uri?partnerID=HzOxMe3b&scp=105013619164&origin=inward, https://www.scopus.com/inward/citedby.uri?partnerID=HzOxMe3b&scp=105013619164&origin=inward","TITLE-ABS-KEY(""quantum machine learning"" AND medicine)"
SCOPUS_ID:85218056895,2-s2.0-85218056895,"Integrating IoT, Blockchain, and Quantum Machine Learning: Advancing Multimodal Data Fusion in Healthcare AI",Dankan Gowda V.,Multimodal Data Fusion for Bioinformatics Artificial Intelligence,2025-01-01,10.1002/9781394269969.ch6,,,,103-126,4,Book Chapter,"https://api.elsevier.com/content/abstract/scopus_id/85218056895, https://api.elsevier.com/content/abstract/scopus_id/85218056895?field=author,affiliation, https://www.scopus.com/inward/record.uri?partnerID=HzOxMe3b&scp=85218056895&origin=inward, https://www.scopus.com/inward/citedby.uri?partnerID=HzOxMe3b&scp=85218056895&origin=inward","TITLE-ABS-KEY(""quantum machine learning"" AND medicine)"
SCOPUS_ID:105004016078,2-s2.0-105004016078,A Human-Centered Quantum Machine Learning Framework for Attack Detection in IoT-Based Healthcare Industry 5.0,Al-Hawawreh M.,IEEE Internet of Things Journal,2025-01-01,10.1109/JIOT.2025.3565687,,12,22,46065-46074,5,Article,"https://api.elsevier.com/content/abstract/scopus_id/105004016078, https://api.elsevier.com/content/abstract/scopus_id/105004016078?field=author,affiliation, https://www.scopus.com/inward/record.uri?partnerID=HzOxMe3b&scp=105004016078&origin=inward, https://www.scopus.com/inward/citedby.uri?partnerID=HzOxMe3b&scp=105004016078&origin=inward","TITLE-ABS-KEY(""quantum machine learning"" AND medicine)"
SCOPUS_ID:105022394644,2-s2.0-105022394644,Artificial Intelligence and Cancer Immunotherapy,Shah A.,Artificial Intelligence in Human Health and Diseases,2025-01-01,10.1007/978-981-96-8176-1_16,,,,323-354,1,Book Chapter,"https://api.elsevier.com/content/abstract/scopus_id/105022394644, https://api.elsevier.com/content/abstract/scopus_id/105022394644?field=author,affiliation, https://www.scopus.com/inward/record.uri?partnerID=HzOxMe3b&scp=105022394644&origin=inward, https://www.scopus.com/inward/citedby.uri?partnerID=HzOxMe3b&scp=105022394644&origin=inward","TITLE-ABS-KEY(""quantum machine learning"" AND medicine)"
SCOPUS_ID:105003268836,2-s2.0-105003268836,Quantum machine learning: Breaking classical boundaries for cancer identification in next-generation artificial intelligence,Singh R.,Advances in Computers,2025-01-01,10.1016/bs.adcom.2025.02.003,00652458,138,,307-324,0,Article,"https://api.elsevier.com/content/abstract/scopus_id/105003268836, https://api.elsevier.com/content/abstract/scopus_id/105003268836?field=author,affiliation, https://www.scopus.com/inward/record.uri?partnerID=HzOxMe3b&scp=105003268836&origin=inward, https://www.scopus.com/inward/citedby.uri?partnerID=HzOxMe3b&scp=105003268836&origin=inward, https://api.elsevier.com/content/article/eid/1-s2.0-S0065245825000270","TITLE-ABS-KEY(""quantum machine learning"" AND medicine)"
SCOPUS_ID:105015402931,2-s2.0-105015402931,Application of Quantum Machine Learning in Genomic Data Analysis Using Quantum Support Vector Machines (QSVM),Kumar A.,2025 International Conference on Networks and Cryptology Netcrypt 2025,2025-01-01,10.1109/NETCRYPT65877.2025.11102778,,,,864-869,1,Conference Paper,"https://api.elsevier.com/content/abstract/scopus_id/105015402931, https://api.elsevier.com/content/abstract/scopus_id/105015402931?field=author,affiliation, https://www.scopus.com/inward/record.uri?partnerID=HzOxMe3b&scp=105015402931&origin=inward, https://www.scopus.com/inward/citedby.uri?partnerID=HzOxMe3b&scp=105015402931&origin=inward","TITLE-ABS-KEY(""quantum machine learning"" AND medicine)"
SCOPUS_ID:105023340730,2-s2.0-105023340730,Mathematical Modeling of Human Hepatitis Medical Virology-Based Multifractal Wavelet Analysis by Quantum SVM Computing,Karaca Y.,Global Virology V 21st Century Vaccines and Viruses,2025-01-01,10.1007/978-3-031-77911-4_17,,,,453-477,0,Book Chapter,"https://api.elsevier.com/content/abstract/scopus_id/105023340730, https://api.elsevier.com/content/abstract/scopus_id/105023340730?field=author,affiliation, https://www.scopus.com/inward/record.uri?partnerID=HzOxMe3b&scp=105023340730&origin=inward, https://www.scopus.com/inward/citedby.uri?partnerID=HzOxMe3b&scp=105023340730&origin=inward","TITLE-ABS-KEY(""quantum machine learning"" AND medicine)"
SCOPUS_ID:105003374083,2-s2.0-105003374083,Quantum LSTM Model for Estimation of Energy Expenditure in Human Aging Using Wearable IoT Healthcare Technology,Tran B.N.D.,IEEE Internet of Things Journal,2025-01-01,10.1109/JIOT.2025.3563832,,12,22,46051-46064,1,Article,"https://api.elsevier.com/content/abstract/scopus_id/105003374083, https://api.elsevier.com/content/abstract/scopus_id/105003374083?field=author,affiliation, https://www.scopus.com/inward/record.uri?partnerID=HzOxMe3b&scp=105003374083&origin=inward, https://www.scopus.com/inward/citedby.uri?partnerID=HzOxMe3b&scp=105003374083&origin=inward","TITLE-ABS-KEY(""quantum machine learning"" AND medicine)"
SCOPUS_ID:105009767359,2-s2.0-105009767359,Application of quantum artificial intelligence in healthcare,Goswami S.A.,Quantum Computing for Healthcare Data Revolutionizing the Future of Medicine,2025-01-01,10.1016/B978-0-443-29297-2.00007-1,,,,119-138,5,Book Chapter,"https://api.elsevier.com/content/abstract/scopus_id/105009767359, https://api.elsevier.com/content/abstract/scopus_id/105009767359?field=author,affiliation, https://www.scopus.com/inward/record.uri?partnerID=HzOxMe3b&scp=105009767359&origin=inward, https://www.scopus.com/inward/citedby.uri?partnerID=HzOxMe3b&scp=105009767359&origin=inward, https://api.elsevier.com/content/article/eid/3-s2.0-B9780443292972000071","TITLE-ABS-KEY(""quantum machine learning"" AND medicine)"
SCOPUS_ID:105025046048,2-s2.0-105025046048,Quantum approaches and technologies to transform cancer care: Opportunities and challenges in the Indian healthcare landscape,Killi K.,Medical Journal Armed Forces India,2025-01-01,10.1016/j.mjafi.2025.09.003,03771237,,,,0,Review,"https://api.elsevier.com/content/abstract/scopus_id/105025046048, https://api.elsevier.com/content/abstract/scopus_id/105025046048?field=author,affiliation, https://www.scopus.com/inward/record.uri?partnerID=HzOxMe3b&scp=105025046048&origin=inward, https://www.scopus.com/inward/citedby.uri?partnerID=HzOxMe3b&scp=105025046048&origin=inward, https://api.elsevier.com/content/article/eid/1-s2.0-S0377123725002473","TITLE-ABS-KEY(""quantum machine learning"" AND medicine)"
SCOPUS_ID:105009762603,2-s2.0-105009762603,Integration of quantum artificial intelligence in healthcare system,Pujahari R.M.,Quantum Computing for Healthcare Data Revolutionizing the Future of Medicine,2025-01-01,10.1016/B978-0-443-29297-2.00005-8,,,,139-166,2,Book Chapter,"https://api.elsevier.com/content/abstract/scopus_id/105009762603, https://api.elsevier.com/content/abstract/scopus_id/105009762603?field=author,affiliation, https://www.scopus.com/inward/record.uri?partnerID=HzOxMe3b&scp=105009762603&origin=inward, https://www.scopus.com/inward/citedby.uri?partnerID=HzOxMe3b&scp=105009762603&origin=inward, https://api.elsevier.com/content/article/eid/3-s2.0-B9780443292972000058","TITLE-ABS-KEY(""quantum machine learning"" AND medicine)"
SCOPUS_ID:105016313235,2-s2.0-105016313235,Quantum Attention-Enhanced QBiLSTM for Pulmonary Disease Diagnosis,Kesiku C.Y.Y.,Proceedings 2025 IEEE International Conference on Quantum Software Qsw 2025,2025-01-01,10.1109/QSW67625.2025.00036,,,,244-249,0,Conference Paper,"https://api.elsevier.com/content/abstract/scopus_id/105016313235, https://api.elsevier.com/content/abstract/scopus_id/105016313235?field=author,affiliation, https://www.scopus.com/inward/record.uri?partnerID=HzOxMe3b&scp=105016313235&origin=inward, https://www.scopus.com/inward/citedby.uri?partnerID=HzOxMe3b&scp=105016313235&origin=inward","TITLE-ABS-KEY(""quantum machine learning"" AND medicine)"
SCOPUS_ID:105005822258,2-s2.0-105005822258,Quantum computing and machine learning for transforming precision medicine and drug discovery,Yenduri L.K.,Modern Superhypersoft Computing Trends in Science and Technology,2024-12-13,10.4018/979-8-3693-6875-6.ch013,,,,339-366,1,Book Chapter,"https://api.elsevier.com/content/abstract/scopus_id/105005822258, https://api.elsevier.com/content/abstract/scopus_id/105005822258?field=author,affiliation, https://www.scopus.com/inward/record.uri?partnerID=HzOxMe3b&scp=105005822258&origin=inward, https://www.scopus.com/inward/citedby.uri?partnerID=HzOxMe3b&scp=105005822258&origin=inward","TITLE-ABS-KEY(""quantum machine learning"" AND medicine)"
SCOPUS_ID:105005819238,2-s2.0-105005819238,Quantum computing in healthcare using AI-driven medical technologies,Anbazhagu U.V.,Modern Superhypersoft Computing Trends in Science and Technology,2024-12-13,10.4018/979-8-3693-6875-6.ch014,,,,367-398,4,Book Chapter,"https://api.elsevier.com/content/abstract/scopus_id/105005819238, https://api.elsevier.com/content/abstract/scopus_id/105005819238?field=author,affiliation, https://www.scopus.com/inward/record.uri?partnerID=HzOxMe3b&scp=105005819238&origin=inward, https://www.scopus.com/inward/citedby.uri?partnerID=HzOxMe3b&scp=105005819238&origin=inward","TITLE-ABS-KEY(""quantum machine learning"" AND medicine)"
SCOPUS_ID:85210549178,2-s2.0-85210549178,Quantum Computing in Medicine,Chow J.C.L.,Medical Sciences,2024-12-01,10.3390/medsci12040067,,12,4,,38,Review,"https://api.elsevier.com/content/abstract/scopus_id/85210549178, https://api.elsevier.com/content/abstract/scopus_id/85210549178?field=author,affiliation, https://www.scopus.com/inward/record.uri?partnerID=HzOxMe3b&scp=85210549178&origin=inward, https://www.scopus.com/inward/citedby.uri?partnerID=HzOxMe3b&scp=85210549178&origin=inward","TITLE-ABS-KEY(""quantum machine learning"" AND medicine)"
SCOPUS_ID:85197244664,2-s2.0-85197244664,Quantum machine learning in ophthalmology,Masalkhi M.,Eye Basingstoke,2024-10-01,10.1038/s41433-024-03213-y,0950222X,38,15,2857-2858,3,Note,"https://api.elsevier.com/content/abstract/scopus_id/85197244664, https://api.elsevier.com/content/abstract/scopus_id/85197244664?field=author,affiliation, https://www.scopus.com/inward/record.uri?partnerID=HzOxMe3b&scp=85197244664&origin=inward, https://www.scopus.com/inward/citedby.uri?partnerID=HzOxMe3b&scp=85197244664&origin=inward","TITLE-ABS-KEY(""quantum machine learning"" AND medicine)"
SCOPUS_ID:85183588898,2-s2.0-85183588898,Enhanced image diagnosing approach in medicine using quantum adaptive machine learning techniques,Suneel S.,Optical and Quantum Electronics,2024-04-01,10.1007/s11082-023-06203-8,03068919,56,4,,33,Article,"https://api.elsevier.com/content/abstract/scopus_id/85183588898, https://api.elsevier.com/content/abstract/scopus_id/85183588898?field=author,affiliation, https://www.scopus.com/inward/record.uri?partnerID=HzOxMe3b&scp=85183588898&origin=inward, https://www.scopus.com/inward/citedby.uri?partnerID=HzOxMe3b&scp=85183588898&origin=inward","TITLE-ABS-KEY(""quantum machine learning"" AND medicine)"
SCOPUS_ID:85217395552,2-s2.0-85217395552,"MQML: Multi-Omic Quantum Machine Learning Based Cancer Classification, Biomarker Identification in Human Lung Adenocarcinoma",Saggi M.K.,Proceedings IEEE Quantum Week 2024 Qce 2024,2024-01-01,10.1109/QCE60285.2024.00200,,1,,1713-1720,3,Conference Paper,"https://api.elsevier.com/content/abstract/scopus_id/85217395552, https://api.elsevier.com/content/abstract/scopus_id/85217395552?field=author,affiliation, https://www.scopus.com/inward/record.uri?partnerID=HzOxMe3b&scp=85217395552&origin=inward, https://www.scopus.com/inward/citedby.uri?partnerID=HzOxMe3b&scp=85217395552&origin=inward","TITLE-ABS-KEY(""quantum machine learning"" AND medicine)"
SCOPUS_ID:85217185144,2-s2.0-85217185144,Parkinson's Disease Detection Using Q-LSTM,Gopi Arepalli P.,Proceedings of 5th International Conference on Iot Based Control Networks and Intelligent Systems Icicnis 2024,2024-01-01,10.1109/ICICNIS64247.2024.10823156,,,,1723-1729,6,Conference Paper,"https://api.elsevier.com/content/abstract/scopus_id/85217185144, https://api.elsevier.com/content/abstract/scopus_id/85217185144?field=author,affiliation, https://www.scopus.com/inward/record.uri?partnerID=HzOxMe3b&scp=85217185144&origin=inward, https://www.scopus.com/inward/citedby.uri?partnerID=HzOxMe3b&scp=85217185144&origin=inward","TITLE-ABS-KEY(""quantum machine learning"" AND medicine)"
SCOPUS_ID:85187995811,2-s2.0-85187995811,"15th International Conference on Intelligent Human Computer Interaction, IHCI 2023",,Lecture Notes in Computer Science Including Subseries Lecture Notes in Artificial Intelligence and Lecture Notes in Bioinformatics,2024-01-01,,03029743,14532 LNCS,,,0,Conference Review,"https://api.elsevier.com/content/abstract/scopus_id/85187995811, https://api.elsevier.com/content/abstract/scopus_id/85187995811?field=author,affiliation, https://www.scopus.com/inward/record.uri?partnerID=HzOxMe3b&scp=85187995811&origin=inward, https://www.scopus.com/inward/citedby.uri?partnerID=HzOxMe3b&scp=85187995811&origin=inward","TITLE-ABS-KEY(""quantum machine learning"" AND medicine)"
SCOPUS_ID:85187712031,2-s2.0-85187712031,"15th International Conference on Intelligent Human Computer Interaction, IHCI 2023",,Lecture Notes in Computer Science Including Subseries Lecture Notes in Artificial Intelligence and Lecture Notes in Bioinformatics,2024-01-01,,03029743,14531 LNCS,,,0,Conference Review,"https://api.elsevier.com/content/abstract/scopus_id/85187712031, https://api.elsevier.com/content/abstract/scopus_id/85187712031?field=author,affiliation, https://www.scopus.com/inward/record.uri?partnerID=HzOxMe3b&scp=85187712031&origin=inward, https://www.scopus.com/inward/citedby.uri?partnerID=HzOxMe3b&scp=85187712031&origin=inward","TITLE-ABS-KEY(""quantum machine learning"" AND medicine)"
SCOPUS_ID:85192325856,2-s2.0-85192325856,Topics in Artificial Intelligence Applied to Industry 4.0,Al-Refaey M.R.,Topics in Artificial Intelligence Applied to Industry 4 0,2024-01-01,10.1002/9781394216147,,,,1-292,3,Book,"https://api.elsevier.com/content/abstract/scopus_id/85192325856, https://api.elsevier.com/content/abstract/scopus_id/85192325856?field=author,affiliation, https://www.scopus.com/inward/record.uri?partnerID=HzOxMe3b&scp=85192325856&origin=inward, https://www.scopus.com/inward/citedby.uri?partnerID=HzOxMe3b&scp=85192325856&origin=inward","TITLE-ABS-KEY(""quantum machine learning"" AND medicine)"
SCOPUS_ID:85183816288,2-s2.0-85183816288,Personalized medicine through quantum computing: Tailoring treatments in healthcare,Sharma M.,Quantum Innovations at the Nexus of Biomedical Intelligence,2023-12-29,10.4018/979-8-3693-1479-1.ch009,,,,147-166,6,Book Chapter,"https://api.elsevier.com/content/abstract/scopus_id/85183816288, https://api.elsevier.com/content/abstract/scopus_id/85183816288?field=author,affiliation, https://www.scopus.com/inward/record.uri?partnerID=HzOxMe3b&scp=85183816288&origin=inward, https://www.scopus.com/inward/citedby.uri?partnerID=HzOxMe3b&scp=85183816288&origin=inward","TITLE-ABS-KEY(""quantum machine learning"" AND medicine)"
SCOPUS_ID:85183824012,2-s2.0-85183824012,Quantum innovations at the nexus of biomedical intelligence,Dutt V.,Quantum Innovations at the Nexus of Biomedical Intelligence,2023-12-29,10.4018/9798369314791,,,,1-287,0,Book,"https://api.elsevier.com/content/abstract/scopus_id/85183824012, https://api.elsevier.com/content/abstract/scopus_id/85183824012?field=author,affiliation, https://www.scopus.com/inward/record.uri?partnerID=HzOxMe3b&scp=85183824012&origin=inward, https://www.scopus.com/inward/citedby.uri?partnerID=HzOxMe3b&scp=85183824012&origin=inward","TITLE-ABS-KEY(""quantum machine learning"" AND medicine)"
SCOPUS_ID:85176250864,2-s2.0-85176250864,A quantum feature selection framework via ground state preparation,Wang L.,Physica Scripta,2023-11-01,10.1088/1402-4896/ad0184,00318949,98,11,,2,Article,"https://api.elsevier.com/content/abstract/scopus_id/85176250864, https://api.elsevier.com/content/abstract/scopus_id/85176250864?field=author,affiliation, https://www.scopus.com/inward/record.uri?partnerID=HzOxMe3b&scp=85176250864&origin=inward, https://www.scopus.com/inward/citedby.uri?partnerID=HzOxMe3b&scp=85176250864&origin=inward","TITLE-ABS-KEY(""quantum machine learning"" AND medicine)"
SCOPUS_ID:85168469483,2-s2.0-85168469483,"A perspective study on quantum machine learning models for the areas of medicine, materials, sensing, and communication",Kiruba B.,Quantum Computing and Artificial Intelligence Training Machine and Deep Learning Algorithms on Quantum Computers,2023-08-21,10.1515/9783110791402-011,,,,205-223,0,Book Chapter,"https://api.elsevier.com/content/abstract/scopus_id/85168469483, https://api.elsevier.com/content/abstract/scopus_id/85168469483?field=author,affiliation, https://www.scopus.com/inward/record.uri?partnerID=HzOxMe3b&scp=85168469483&origin=inward, https://www.scopus.com/inward/citedby.uri?partnerID=HzOxMe3b&scp=85168469483&origin=inward","TITLE-ABS-KEY(""quantum machine learning"" AND medicine)"
SCOPUS_ID:85160800493,2-s2.0-85160800493,Hybrid Quantum Neural Network for Drug Response Prediction,Sagingalieva A.,Cancers,2023-05-01,10.3390/cancers15102705,,15,10,,70,Article,"https://api.elsevier.com/content/abstract/scopus_id/85160800493, https://api.elsevier.com/content/abstract/scopus_id/85160800493?field=author,affiliation, https://www.scopus.com/inward/record.uri?partnerID=HzOxMe3b&scp=85160800493&origin=inward, https://www.scopus.com/inward/citedby.uri?partnerID=HzOxMe3b&scp=85160800493&origin=inward","TITLE-ABS-KEY(""quantum machine learning"" AND medicine)"
SCOPUS_ID:85150877673,2-s2.0-85150877673,Quantum Computing for Healthcare: A Review,Ur Rasool R.,Future Internet,2023-03-01,10.3390/fi15030094,,15,3,,184,Review,"https://api.elsevier.com/content/abstract/scopus_id/85150877673, https://api.elsevier.com/content/abstract/scopus_id/85150877673?field=author,affiliation, https://www.scopus.com/inward/record.uri?partnerID=HzOxMe3b&scp=85150877673&origin=inward, https://www.scopus.com/inward/citedby.uri?partnerID=HzOxMe3b&scp=85150877673&origin=inward","TITLE-ABS-KEY(""quantum machine learning"" AND medicine)"
SCOPUS_ID:85168865974,2-s2.0-85168865974,Quantum Machine Learning in Disease Detection and Prediction: A survey of applications and future possibilities,Upama P.B.,Proceedings International Computer Software and Applications Conference,2023-01-01,10.1109/COMPSAC57700.2023.00238,07303157,2023-June,,1545-1551,20,Conference Paper,"https://api.elsevier.com/content/abstract/scopus_id/85168865974, https://api.elsevier.com/content/abstract/scopus_id/85168865974?field=author,affiliation, https://www.scopus.com/inward/record.uri?partnerID=HzOxMe3b&scp=85168865974&origin=inward, https://www.scopus.com/inward/citedby.uri?partnerID=HzOxMe3b&scp=85168865974&origin=inward","TITLE-ABS-KEY(""quantum machine learning"" AND medicine)"
SCOPUS_ID:85174769448,2-s2.0-85174769448,Investigating Classification with Quantum Computing,Hamid M.,Intelligent Data Analytics Iot and Blockchain,2023-01-01,10.1201/9781003371380-28,,,,302-314,3,Book Chapter,"https://api.elsevier.com/content/abstract/scopus_id/85174769448, https://api.elsevier.com/content/abstract/scopus_id/85174769448?field=author,affiliation, https://www.scopus.com/inward/record.uri?partnerID=HzOxMe3b&scp=85174769448&origin=inward, https://www.scopus.com/inward/citedby.uri?partnerID=HzOxMe3b&scp=85174769448&origin=inward","TITLE-ABS-KEY(""quantum machine learning"" AND medicine)"
SCOPUS_ID:85180899409,2-s2.0-85180899409,Quantum Machine Learning for Biological Applications,Vijay A.,Bioinformatics and Computational Biology Technological Advancements Applications and Opportunities,2023-01-01,10.1201/9781003331247-8,,,,75-86,3,Book Chapter,"https://api.elsevier.com/content/abstract/scopus_id/85180899409, https://api.elsevier.com/content/abstract/scopus_id/85180899409?field=author,affiliation, https://www.scopus.com/inward/record.uri?partnerID=HzOxMe3b&scp=85180899409&origin=inward, https://www.scopus.com/inward/citedby.uri?partnerID=HzOxMe3b&scp=85180899409&origin=inward","TITLE-ABS-KEY(""quantum machine learning"" AND medicine)"
SCOPUS_ID:85187296206,2-s2.0-85187296206,Quantum Computing-Enabled Parkinson's Disease Diagnosis and Treatment: Opportunities and Challenges,Burri S.R.,2023 7th International Conference on Computing Communication Control and Automation Iccubea 2023,2023-01-01,10.1109/ICCUBEA58933.2023.10392120,,,,,4,Conference Paper,"https://api.elsevier.com/content/abstract/scopus_id/85187296206, https://api.elsevier.com/content/abstract/scopus_id/85187296206?field=author,affiliation, https://www.scopus.com/inward/record.uri?partnerID=HzOxMe3b&scp=85187296206&origin=inward, https://www.scopus.com/inward/citedby.uri?partnerID=HzOxMe3b&scp=85187296206&origin=inward","TITLE-ABS-KEY(""quantum machine learning"" AND medicine)"
SCOPUS_ID:85169674671,2-s2.0-85169674671,"1st EAI International Conference on Intelligent Systems and Machine Learning, ICISML 2022",,Lecture Notes of the Institute for Computer Sciences Social Informatics and Telecommunications Engineering Lnicst,2023-01-01,,18678211,471 LNICST,,,0,Conference Review,"https://api.elsevier.com/content/abstract/scopus_id/85169674671, https://api.elsevier.com/content/abstract/scopus_id/85169674671?field=author,affiliation, https://www.scopus.com/inward/record.uri?partnerID=HzOxMe3b&scp=85169674671&origin=inward, https://www.scopus.com/inward/citedby.uri?partnerID=HzOxMe3b&scp=85169674671&origin=inward","TITLE-ABS-KEY(""quantum machine learning"" AND medicine)"
SCOPUS_ID:85171341562,2-s2.0-85171341562,"1st EAI International Conference on Intelligent Systems and Machine Learning, ICISML 2022",,Lecture Notes of the Institute for Computer Sciences Social Informatics and Telecommunications Engineering Lnicst,2023-01-01,,18678211,470 LNICST,,,0,Conference Review,"https://api.elsevier.com/content/abstract/scopus_id/85171341562, https://api.elsevier.com/content/abstract/scopus_id/85171341562?field=author,affiliation, https://www.scopus.com/inward/record.uri?partnerID=HzOxMe3b&scp=85171341562&origin=inward, https://www.scopus.com/inward/citedby.uri?partnerID=HzOxMe3b&scp=85171341562&origin=inward","TITLE-ABS-KEY(""quantum machine learning"" AND medicine)"
SCOPUS_ID:85214030328,2-s2.0-85214030328,"ARTIFICIAL INTELLIGENCE, MACHINE LEARNING, AND BIG DATA FOR CORROSION CONTROL – QUO VADIS?",Winkler D.A.,Annual Conference of the Australasian Corrosion Association 2023,2023-01-01,,,,,396-406,0,Conference Paper,"https://api.elsevier.com/content/abstract/scopus_id/85214030328, https://api.elsevier.com/content/abstract/scopus_id/85214030328?field=author,affiliation, https://www.scopus.com/inward/record.uri?partnerID=HzOxMe3b&scp=85214030328&origin=inward, https://www.scopus.com/inward/citedby.uri?partnerID=HzOxMe3b&scp=85214030328&origin=inward","TITLE-ABS-KEY(""quantum machine learning"" AND medicine)"
SCOPUS_ID:85141574320,2-s2.0-85141574320,Generalization Performance of Quantum Metric Learning Classifiers,Kim J.,Biomolecules,2022-11-01,10.3390/biom12111576,,12,11,,3,Article,"https://api.elsevier.com/content/abstract/scopus_id/85141574320, https://api.elsevier.com/content/abstract/scopus_id/85141574320?field=author,affiliation, https://www.scopus.com/inward/record.uri?partnerID=HzOxMe3b&scp=85141574320&origin=inward, https://www.scopus.com/inward/citedby.uri?partnerID=HzOxMe3b&scp=85141574320&origin=inward","TITLE-ABS-KEY(""quantum machine learning"" AND medicine)"
SCOPUS_ID:85158970291,2-s2.0-85158970291,Artificial Intelligence in Medicine Using Quantum Computing in the Future of Healthcare,Davids J.,Artificial Intelligence in Medicine,2022-01-01,10.1007/978-3-030-64573-1_338,,,,423-446,33,Book Chapter,"https://api.elsevier.com/content/abstract/scopus_id/85158970291, https://api.elsevier.com/content/abstract/scopus_id/85158970291?field=author,affiliation, https://www.scopus.com/inward/record.uri?partnerID=HzOxMe3b&scp=85158970291&origin=inward, https://www.scopus.com/inward/citedby.uri?partnerID=HzOxMe3b&scp=85158970291&origin=inward","TITLE-ABS-KEY(""quantum machine learning"" AND medicine)"
SCOPUS_ID:85145608268,2-s2.0-85145608268,Classification of Tumor Metastasis Data by Using Quantum kernel-based Algorithms,Li T.Y.,Proceedings IEEE 22nd International Conference on Bioinformatics and Bioengineering Bibe 2022,2022-01-01,10.1109/BIBE55377.2022.00078,,,,351-354,8,Conference Paper,"https://api.elsevier.com/content/abstract/scopus_id/85145608268, https://api.elsevier.com/content/abstract/scopus_id/85145608268?field=author,affiliation, https://www.scopus.com/inward/record.uri?partnerID=HzOxMe3b&scp=85145608268&origin=inward, https://www.scopus.com/inward/citedby.uri?partnerID=HzOxMe3b&scp=85145608268&origin=inward","TITLE-ABS-KEY(""quantum machine learning"" AND medicine)"
SCOPUS_ID:85119457678,2-s2.0-85119457678,Optimizing Hamiltonian control using quantum machine learning method,Yi T.,2021 International Conference on Electronic Information Engineering and Computer Science Eiecs 2021,2021-09-23,10.1109/EIECS53707.2021.9587938,,,,529-532,3,Conference Paper,"https://api.elsevier.com/content/abstract/scopus_id/85119457678, https://api.elsevier.com/content/abstract/scopus_id/85119457678?field=author,affiliation, https://www.scopus.com/inward/record.uri?partnerID=HzOxMe3b&scp=85119457678&origin=inward, https://www.scopus.com/inward/citedby.uri?partnerID=HzOxMe3b&scp=85119457678&origin=inward","TITLE-ABS-KEY(""quantum machine learning"" AND medicine)"
SCOPUS_ID:105028870873,2-s2.0-105028870873,A large scale statistical analysis of quantum and classical neural networks in the medical domain,Ghisoni F.,Scientific Reports,2026-12-01,10.1038/s41598-025-33825-7,,16,1,,0,Article,"https://api.elsevier.com/content/abstract/scopus_id/105028870873, https://api.elsevier.com/content/abstract/scopus_id/105028870873?field=author,affiliation, https://www.scopus.com/inward/record.uri?partnerID=HzOxMe3b&scp=105028870873&origin=inward, https://www.scopus.com/inward/citedby.uri?partnerID=HzOxMe3b&scp=105028870873&origin=inward","TITLE-ABS-KEY(""quantum machine learning"" AND medical)"
SCOPUS_ID:105029519230,2-s2.0-105029519230,Quantum Angle–distance kernel for ECG classification and anomaly detection: a quantum-inspired framework for biomedical signal analysis,Salehi A.,Biodata Mining,2026-12-01,10.1186/s13040-026-00519-3,,19,1,,0,Article,"https://api.elsevier.com/content/abstract/scopus_id/105029519230, https://api.elsevier.com/content/abstract/scopus_id/105029519230?field=author,affiliation, https://www.scopus.com/inward/record.uri?partnerID=HzOxMe3b&scp=105029519230&origin=inward, https://www.scopus.com/inward/citedby.uri?partnerID=HzOxMe3b&scp=105029519230&origin=inward","TITLE-ABS-KEY(""quantum machine learning"" AND medical)"
SCOPUS_ID:105025144604,2-s2.0-105025144604,Quantum convolutional neural network for MRI brain tumor analysis: Binary and multiclass classification using a four-qubit architecture,Yani S.,Radiation Physics and Chemistry,2026-05-01,10.1016/j.radphyschem.2025.113545,0969806X,242,,,0,Article,"https://api.elsevier.com/content/abstract/scopus_id/105025144604, https://api.elsevier.com/content/abstract/scopus_id/105025144604?field=author,affiliation, https://www.scopus.com/inward/record.uri?partnerID=HzOxMe3b&scp=105025144604&origin=inward, https://www.scopus.com/inward/citedby.uri?partnerID=HzOxMe3b&scp=105025144604&origin=inward, https://api.elsevier.com/content/article/eid/1-s2.0-S0969806X25010370","TITLE-ABS-KEY(""quantum machine learning"" AND medical)"
SCOPUS_ID:105021601008,2-s2.0-105021601008,A hybrid quantum-neural network for heart disease classification,Verdone A.,Biomedical Signal Processing and Control,2026-03-01,10.1016/j.bspc.2025.109185,17468094,113,,,1,Article,"https://api.elsevier.com/content/abstract/scopus_id/105021601008, https://api.elsevier.com/content/abstract/scopus_id/105021601008?field=author,affiliation, https://www.scopus.com/inward/record.uri?partnerID=HzOxMe3b&scp=105021601008&origin=inward, https://www.scopus.com/inward/citedby.uri?partnerID=HzOxMe3b&scp=105021601008&origin=inward, https://api.elsevier.com/content/article/eid/1-s2.0-S1746809425016969","TITLE-ABS-KEY(""quantum machine learning"" AND medical)"
SCOPUS_ID:105030939671,2-s2.0-105030939671,QryptGen+: a quantum GAN-based high-security image encryption key generator with enhanced chaotic modeling,Ahn G.,Quantum Information Processing,2026-03-01,10.1007/s11128-026-05081-9,15700755,25,3,,0,Article,"https://api.elsevier.com/content/abstract/scopus_id/105030939671, https://api.elsevier.com/content/abstract/scopus_id/105030939671?field=author,affiliation, https://www.scopus.com/inward/record.uri?partnerID=HzOxMe3b&scp=105030939671&origin=inward, https://www.scopus.com/inward/citedby.uri?partnerID=HzOxMe3b&scp=105030939671&origin=inward","TITLE-ABS-KEY(""quantum machine learning"" AND medical)"
SCOPUS_ID:105031402339,2-s2.0-105031402339,QuFeX: quantum feature extraction module for hybrid quantum-classical deep neural networks,Jain N.,Quantum Science and Technology,2026-03-01,10.1088/2058-9565/ae24a8,,11,1,,0,Article,"https://api.elsevier.com/content/abstract/scopus_id/105031402339, https://api.elsevier.com/content/abstract/scopus_id/105031402339?field=author,affiliation, https://www.scopus.com/inward/record.uri?partnerID=HzOxMe3b&scp=105031402339&origin=inward, https://www.scopus.com/inward/citedby.uri?partnerID=HzOxMe3b&scp=105031402339&origin=inward","TITLE-ABS-KEY(""quantum machine learning"" AND medical)"
SCOPUS_ID:105028948813,2-s2.0-105028948813,Quantum Variational Autoencoder for Feature Compression and Classification of Cancer Images,Andra M.B.,SN Computer Science,2026-02-01,10.1007/s42979-026-04742-x,2662995X,7,2,,0,Article,"https://api.elsevier.com/content/abstract/scopus_id/105028948813, https://api.elsevier.com/content/abstract/scopus_id/105028948813?field=author,affiliation, https://www.scopus.com/inward/record.uri?partnerID=HzOxMe3b&scp=105028948813&origin=inward, https://www.scopus.com/inward/citedby.uri?partnerID=HzOxMe3b&scp=105028948813&origin=inward","TITLE-ABS-KEY(""quantum machine learning"" AND medical)"
SCOPUS_ID:105023478540,2-s2.0-105023478540,Integration of quantum artificial intelligence in disease diagnosis: A review of methods and applications,Sharma S.,Computer Methods and Programs in Biomedicine,2026-02-01,10.1016/j.cmpb.2025.109175,01692607,274,,,0,Review,"https://api.elsevier.com/content/abstract/scopus_id/105023478540, https://api.elsevier.com/content/abstract/scopus_id/105023478540?field=author,affiliation, https://www.scopus.com/inward/record.uri?partnerID=HzOxMe3b&scp=105023478540&origin=inward, https://www.scopus.com/inward/citedby.uri?partnerID=HzOxMe3b&scp=105023478540&origin=inward, https://api.elsevier.com/content/article/eid/1-s2.0-S0169260725005905","TITLE-ABS-KEY(""quantum machine learning"" AND medical)"
SCOPUS_ID:105031241617,2-s2.0-105031241617,A Comparative Review of Quantum Neural Networks and Classical Machine Learning for Cardiovascular Disease Risk Prediction,AL Ajmi N.A.,Computers,2026-02-01,10.3390/computers15020102,,15,2,,0,Review,"https://api.elsevier.com/content/abstract/scopus_id/105031241617, https://api.elsevier.com/content/abstract/scopus_id/105031241617?field=author,affiliation, https://www.scopus.com/inward/record.uri?partnerID=HzOxMe3b&scp=105031241617&origin=inward, https://www.scopus.com/inward/citedby.uri?partnerID=HzOxMe3b&scp=105031241617&origin=inward","TITLE-ABS-KEY(""quantum machine learning"" AND medical)"
SCOPUS_ID:105017233109,2-s2.0-105017233109,Quantum-enhanced predictive analytics in healthcare: benchmarking QSVM and QNN on medical datasets,Naresh V.S.,Measurement Journal of the International Measurement Confederation,2026-01-30,10.1016/j.measurement.2025.119099,02632241,258,,,1,Article,"https://api.elsevier.com/content/abstract/scopus_id/105017233109, https://api.elsevier.com/content/abstract/scopus_id/105017233109?field=author,affiliation, https://www.scopus.com/inward/record.uri?partnerID=HzOxMe3b&scp=105017233109&origin=inward, https://www.scopus.com/inward/citedby.uri?partnerID=HzOxMe3b&scp=105017233109&origin=inward, https://api.elsevier.com/content/article/eid/1-s2.0-S0263224125024583","TITLE-ABS-KEY(""quantum machine learning"" AND medical)"
SCOPUS_ID:105022797444,2-s2.0-105022797444,A hybrid quantum-classical approach for liver disease detection using quantum machine learning,Donaire L.M.,Engineering Applications of Artificial Intelligence,2026-01-15,10.1016/j.engappai.2025.113240,09521976,164,,,1,Article,"https://api.elsevier.com/content/abstract/scopus_id/105022797444, https://api.elsevier.com/content/abstract/scopus_id/105022797444?field=author,affiliation, https://www.scopus.com/inward/record.uri?partnerID=HzOxMe3b&scp=105022797444&origin=inward, https://www.scopus.com/inward/citedby.uri?partnerID=HzOxMe3b&scp=105022797444&origin=inward, https://api.elsevier.com/content/article/eid/1-s2.0-S0952197625032713","TITLE-ABS-KEY(""quantum machine learning"" AND medical)"
SCOPUS_ID:105024379826,2-s2.0-105024379826,Advances in Medical Image Classification Using Quantum Machine Learning: A Survey,Anisurrahman,Lecture Notes in Networks and Systems,2026-01-01,10.1007/978-981-95-0681-1_16,23673370,1591 LNNS,,185-196,0,Conference Paper,"https://api.elsevier.com/content/abstract/scopus_id/105024379826, https://api.elsevier.com/content/abstract/scopus_id/105024379826?field=author,affiliation, https://www.scopus.com/inward/record.uri?partnerID=HzOxMe3b&scp=105024379826&origin=inward, https://www.scopus.com/inward/citedby.uri?partnerID=HzOxMe3b&scp=105024379826&origin=inward","TITLE-ABS-KEY(""quantum machine learning"" AND medical)"
SCOPUS_ID:105028452259,2-s2.0-105028452259,Quantum Machine Learning-Based Detection of Retinopathy in Retinal Images of Diabetic Patients,Cascone C.,Lecture Notes in Computer Science,2026-01-01,10.1007/978-3-032-11381-8_8,03029743,16170 LNCS,,91-101,0,Conference Paper,"https://api.elsevier.com/content/abstract/scopus_id/105028452259, https://api.elsevier.com/content/abstract/scopus_id/105028452259?field=author,affiliation, https://www.scopus.com/inward/record.uri?partnerID=HzOxMe3b&scp=105028452259&origin=inward, https://www.scopus.com/inward/citedby.uri?partnerID=HzOxMe3b&scp=105028452259&origin=inward","TITLE-ABS-KEY(""quantum machine learning"" AND medical)"
SCOPUS_ID:105030623981,2-s2.0-105030623981,Quantum Machine Learning Applications to Medical Images: A Survey,Nandy Pal M.,Iet Quantum Communication,2026-01-01,10.1049/qtc2.70026,,7,1,,0,Review,"https://api.elsevier.com/content/abstract/scopus_id/105030623981, https://api.elsevier.com/content/abstract/scopus_id/105030623981?field=author,affiliation, https://www.scopus.com/inward/record.uri?partnerID=HzOxMe3b&scp=105030623981&origin=inward, https://www.scopus.com/inward/citedby.uri?partnerID=HzOxMe3b&scp=105030623981&origin=inward","TITLE-ABS-KEY(""quantum machine learning"" AND medical)"
SCOPUS_ID:105031585337,2-s2.0-105031585337,Exploring Quantum Machine Learning for PCOS Diagnosis: A Comparative Analysis,Sharma K.,Lecture Notes in Networks and Systems,2026-01-01,10.1007/978-3-032-06250-5_21,23673370,1643,,252-262,0,Conference Paper,"https://api.elsevier.com/content/abstract/scopus_id/105031585337, https://api.elsevier.com/content/abstract/scopus_id/105031585337?field=author,affiliation, https://www.scopus.com/inward/record.uri?partnerID=HzOxMe3b&scp=105031585337&origin=inward, https://www.scopus.com/inward/citedby.uri?partnerID=HzOxMe3b&scp=105031585337&origin=inward","TITLE-ABS-KEY(""quantum machine learning"" AND medical)"
SCOPUS_ID:105026922110,2-s2.0-105026922110,Revolutionizing Drug Discovery and Biomedical Research Through Quantum Machine Learning: Paving the Path to Precision Healthcare,Amlani N.,Studies in Big Data,2026-01-01,10.1007/978-3-032-00586-1_6,21976503,179,,133-145,0,Book Chapter,"https://api.elsevier.com/content/abstract/scopus_id/105026922110, https://api.elsevier.com/content/abstract/scopus_id/105026922110?field=author,affiliation, https://www.scopus.com/inward/record.uri?partnerID=HzOxMe3b&scp=105026922110&origin=inward, https://www.scopus.com/inward/citedby.uri?partnerID=HzOxMe3b&scp=105026922110&origin=inward","TITLE-ABS-KEY(""quantum machine learning"" AND medical)"
SCOPUS_ID:105028243730,2-s2.0-105028243730,Quantum-Enhanced SVM for Chronic Kidney Disease Prediction,Kiruthiga P.J.,Lecture Notes in Networks and Systems,2026-01-01,10.1007/978-981-96-8799-2_23,23673370,1515 LNNS,,297-308,0,Conference Paper,"https://api.elsevier.com/content/abstract/scopus_id/105028243730, https://api.elsevier.com/content/abstract/scopus_id/105028243730?field=author,affiliation, https://www.scopus.com/inward/record.uri?partnerID=HzOxMe3b&scp=105028243730&origin=inward, https://www.scopus.com/inward/citedby.uri?partnerID=HzOxMe3b&scp=105028243730&origin=inward","TITLE-ABS-KEY(""quantum machine learning"" AND medical)"
SCOPUS_ID:105028361326,2-s2.0-105028361326,Enhancing Diabetes Prediction with Hybrid Traditional and Quantum Machine Learning Models,Geddam G.,Lecture Notes in Electrical Engineering,2026-01-01,10.1007/978-981-96-9720-5_22,18761100,1460 LNEE,,307-318,0,Conference Paper,"https://api.elsevier.com/content/abstract/scopus_id/105028361326, https://api.elsevier.com/content/abstract/scopus_id/105028361326?field=author,affiliation, https://www.scopus.com/inward/record.uri?partnerID=HzOxMe3b&scp=105028361326&origin=inward, https://www.scopus.com/inward/citedby.uri?partnerID=HzOxMe3b&scp=105028361326&origin=inward","TITLE-ABS-KEY(""quantum machine learning"" AND medical)"
SCOPUS_ID:105027116056,2-s2.0-105027116056,"Quantum generative adversarial networks: architectures, use cases, and real-world implementations",Islam M.,Quantum Information Processing,2026-01-01,10.1007/s11128-025-05044-6,15700755,25,1,,0,Article,"https://api.elsevier.com/content/abstract/scopus_id/105027116056, https://api.elsevier.com/content/abstract/scopus_id/105027116056?field=author,affiliation, https://www.scopus.com/inward/record.uri?partnerID=HzOxMe3b&scp=105027116056&origin=inward, https://www.scopus.com/inward/citedby.uri?partnerID=HzOxMe3b&scp=105027116056&origin=inward","TITLE-ABS-KEY(""quantum machine learning"" AND medical)"
SCOPUS_ID:105019322671,2-s2.0-105019322671,Quantum AI-Enhanced Health Care Diagnostic Pod: A Leap Towards Accurate and Accessible Diagnostics,Prathibha S.,IFIP Advances in Information and Communication Technology,2026-01-01,10.1007/978-3-031-98364-1_11,18684238,750 IFIPAICT,,122-137,0,Conference Paper,"https://api.elsevier.com/content/abstract/scopus_id/105019322671, https://api.elsevier.com/content/abstract/scopus_id/105019322671?field=author,affiliation, https://www.scopus.com/inward/record.uri?partnerID=HzOxMe3b&scp=105019322671&origin=inward, https://www.scopus.com/inward/citedby.uri?partnerID=HzOxMe3b&scp=105019322671&origin=inward","TITLE-ABS-KEY(""quantum machine learning"" AND medical)"
SCOPUS_ID:105013096264,2-s2.0-105013096264,Transforming machine learning: An exploration of quantum algorithms and their applications,Naga Pawan Y.V.R.,Advances in Computers,2026-01-01,10.1016/bs.adcom.2025.06.005,00652458,140,,271-299,0,Book Chapter,"https://api.elsevier.com/content/abstract/scopus_id/105013096264, https://api.elsevier.com/content/abstract/scopus_id/105013096264?field=author,affiliation, https://www.scopus.com/inward/record.uri?partnerID=HzOxMe3b&scp=105013096264&origin=inward, https://www.scopus.com/inward/citedby.uri?partnerID=HzOxMe3b&scp=105013096264&origin=inward, https://api.elsevier.com/content/article/eid/1-s2.0-S0065245825000968","TITLE-ABS-KEY(""quantum machine learning"" AND medical)"
SCOPUS_ID:105030854270,2-s2.0-105030854270,A Focus on Hybrid Ensemble Quantum Machine Learning: Classifying Chronic Liver Disease,Raj M.,Lecture Notes in Networks and Systems,2026-01-01,10.1007/978-3-032-13806-4_1,23673370,1766 LNNS,,1-13,0,Conference Paper,"https://api.elsevier.com/content/abstract/scopus_id/105030854270, https://api.elsevier.com/content/abstract/scopus_id/105030854270?field=author,affiliation, https://www.scopus.com/inward/record.uri?partnerID=HzOxMe3b&scp=105030854270&origin=inward, https://www.scopus.com/inward/citedby.uri?partnerID=HzOxMe3b&scp=105030854270&origin=inward","TITLE-ABS-KEY(""quantum machine learning"" AND medical)"
SCOPUS_ID:105028525454,2-s2.0-105028525454,QU-Net: Quantum-Enhanced U-Net for Self Supervised Embedding and Classification of Skin Cancer Images,Halab K.,Big Data and Cognitive Computing,2026-01-01,10.3390/bdcc10010012,,10,1,,0,Article,"https://api.elsevier.com/content/abstract/scopus_id/105028525454, https://api.elsevier.com/content/abstract/scopus_id/105028525454?field=author,affiliation, https://www.scopus.com/inward/record.uri?partnerID=HzOxMe3b&scp=105028525454&origin=inward, https://www.scopus.com/inward/citedby.uri?partnerID=HzOxMe3b&scp=105028525454&origin=inward","TITLE-ABS-KEY(""quantum machine learning"" AND medical)"
SCOPUS_ID:105022739543,2-s2.0-105022739543,Quantum Convolutional Neural Network for Image Retrieval,Alaei F.,Lecture Notes in Computer Science,2026-01-01,10.1007/978-981-95-4398-4_15,03029743,16175 LNCS,,203-214,0,Conference Paper,"https://api.elsevier.com/content/abstract/scopus_id/105022739543, https://api.elsevier.com/content/abstract/scopus_id/105022739543?field=author,affiliation, https://www.scopus.com/inward/record.uri?partnerID=HzOxMe3b&scp=105022739543&origin=inward, https://www.scopus.com/inward/citedby.uri?partnerID=HzOxMe3b&scp=105022739543&origin=inward","TITLE-ABS-KEY(""quantum machine learning"" AND medical)"
SCOPUS_ID:105020260692,2-s2.0-105020260692,Brain Tumor Classification Using MRI Images: Deep Learning and Quantum Approaches,Malika E.A.,Lecture Notes in Networks and Systems,2026-01-01,10.1007/978-3-032-01536-5_3,23673370,1584 LNNS,,18-22,0,Conference Paper,"https://api.elsevier.com/content/abstract/scopus_id/105020260692, https://api.elsevier.com/content/abstract/scopus_id/105020260692?field=author,affiliation, https://www.scopus.com/inward/record.uri?partnerID=HzOxMe3b&scp=105020260692&origin=inward, https://www.scopus.com/inward/citedby.uri?partnerID=HzOxMe3b&scp=105020260692&origin=inward","TITLE-ABS-KEY(""quantum machine learning"" AND medical)"
SCOPUS_ID:105024484686,2-s2.0-105024484686,"5th International Conference on Emerging Trends and Technologies on Intelligent Systems, ETTIS 2025",,Lecture Notes in Networks and Systems,2026-01-01,,23673370,1591 LNNS,,,0,Conference Review,"https://api.elsevier.com/content/abstract/scopus_id/105024484686, https://api.elsevier.com/content/abstract/scopus_id/105024484686?field=author,affiliation, https://www.scopus.com/inward/record.uri?partnerID=HzOxMe3b&scp=105024484686&origin=inward, https://www.scopus.com/inward/citedby.uri?partnerID=HzOxMe3b&scp=105024484686&origin=inward","TITLE-ABS-KEY(""quantum machine learning"" AND medical)"
SCOPUS_ID:105021512542,2-s2.0-105021512542,Toward Personalized Quantum Federated Learning for Anomaly Detection,Rahman R.,IEEE Transactions on Network Science and Engineering,2026-01-01,10.1109/TNSE.2025.3631526,,13,,3335-3350,1,Article,"https://api.elsevier.com/content/abstract/scopus_id/105021512542, https://api.elsevier.com/content/abstract/scopus_id/105021512542?field=author,affiliation, https://www.scopus.com/inward/record.uri?partnerID=HzOxMe3b&scp=105021512542&origin=inward, https://www.scopus.com/inward/citedby.uri?partnerID=HzOxMe3b&scp=105021512542&origin=inward","TITLE-ABS-KEY(""quantum machine learning"" AND medical)"
SCOPUS_ID:105027556987,2-s2.0-105027556987,"1st Conference of the Spanish Society of Artificial Intelligence in Biomedicine, CIABiomed 2025",,Lecture Notes in Computer Science,2026-01-01,,03029743,16148 LNBI,,,0,Conference Review,"https://api.elsevier.com/content/abstract/scopus_id/105027556987, https://api.elsevier.com/content/abstract/scopus_id/105027556987?field=author,affiliation, https://www.scopus.com/inward/record.uri?partnerID=HzOxMe3b&scp=105027556987&origin=inward, https://www.scopus.com/inward/citedby.uri?partnerID=HzOxMe3b&scp=105027556987&origin=inward","TITLE-ABS-KEY(""quantum machine learning"" AND medical)"
SCOPUS_ID:105031512760,2-s2.0-105031512760,Classification of X-ray Images Using Quantum-Hybrid Neural Network,Muhamediyeva D.T.,Communications in Computer and Information Science,2026-01-01,10.1007/978-3-032-16105-5_13,18650929,2751 CCIS,,164-173,0,Conference Paper,"https://api.elsevier.com/content/abstract/scopus_id/105031512760, https://api.elsevier.com/content/abstract/scopus_id/105031512760?field=author,affiliation, https://www.scopus.com/inward/record.uri?partnerID=HzOxMe3b&scp=105031512760&origin=inward, https://www.scopus.com/inward/citedby.uri?partnerID=HzOxMe3b&scp=105031512760&origin=inward","TITLE-ABS-KEY(""quantum machine learning"" AND medical)"
SCOPUS_ID:105030653572,2-s2.0-105030653572,Quantum Kernel Methods for Brain Aneurysm Risk Classification,Yadav S.,Communications in Computer and Information Science,2026-01-01,10.1007/978-3-032-17625-7_5,18650929,2872 CCIS,,66-82,0,Conference Paper,"https://api.elsevier.com/content/abstract/scopus_id/105030653572, https://api.elsevier.com/content/abstract/scopus_id/105030653572?field=author,affiliation, https://www.scopus.com/inward/record.uri?partnerID=HzOxMe3b&scp=105030653572&origin=inward, https://www.scopus.com/inward/citedby.uri?partnerID=HzOxMe3b&scp=105030653572&origin=inward","TITLE-ABS-KEY(""quantum machine learning"" AND medical)"
SCOPUS_ID:105004000408,2-s2.0-105004000408,A systematic review of quantum machine learning for digital health,Gupta R.S.,Npj Digital Medicine,2025-12-01,10.1038/s41746-025-01597-z,,8,1,,8,Article,"https://api.elsevier.com/content/abstract/scopus_id/105004000408, https://api.elsevier.com/content/abstract/scopus_id/105004000408?field=author,affiliation, https://www.scopus.com/inward/record.uri?partnerID=HzOxMe3b&scp=105004000408&origin=inward, https://www.scopus.com/inward/citedby.uri?partnerID=HzOxMe3b&scp=105004000408&origin=inward, https://api.elsevier.com/content/article/eid/1-s2.0-S2398635224002656","TITLE-ABS-KEY(""quantum machine learning"" AND medical)"
SCOPUS_ID:105020860258,2-s2.0-105020860258,Heart diseases prediction system using quantum technology,Rawat K.S.,Network Modeling Analysis in Health Informatics and Bioinformatics,2025-12-01,10.1007/s13721-025-00623-0,21926662,14,1,,3,Article,"https://api.elsevier.com/content/abstract/scopus_id/105020860258, https://api.elsevier.com/content/abstract/scopus_id/105020860258?field=author,affiliation, https://www.scopus.com/inward/record.uri?partnerID=HzOxMe3b&scp=105020860258&origin=inward, https://www.scopus.com/inward/citedby.uri?partnerID=HzOxMe3b&scp=105020860258&origin=inward","TITLE-ABS-KEY(""quantum machine learning"" AND medical)"
SCOPUS_ID:105024791397,2-s2.0-105024791397,MRI-based classification of lumbar spinal stenosis using a hybrid quantum and deep learning model,Ayata F.,European Physical Journal Plus,2025-12-01,10.1140/epjp/s13360-025-07148-5,,140,12,,0,Article,"https://api.elsevier.com/content/abstract/scopus_id/105024791397, https://api.elsevier.com/content/abstract/scopus_id/105024791397?field=author,affiliation, https://www.scopus.com/inward/record.uri?partnerID=HzOxMe3b&scp=105024791397&origin=inward, https://www.scopus.com/inward/citedby.uri?partnerID=HzOxMe3b&scp=105024791397&origin=inward","TITLE-ABS-KEY(""quantum machine learning"" AND medical)"
SCOPUS_ID:105011393911,2-s2.0-105011393911,Image Denoising Using Quantum Deep Convolutional Generative Adversarial Network for Medical Images,Nandal P.,International Journal of Computational Intelligence Systems,2025-12-01,10.1007/s44196-025-00920-6,18756891,18,1,,4,Article,"https://api.elsevier.com/content/abstract/scopus_id/105011393911, https://api.elsevier.com/content/abstract/scopus_id/105011393911?field=author,affiliation, https://www.scopus.com/inward/record.uri?partnerID=HzOxMe3b&scp=105011393911&origin=inward, https://www.scopus.com/inward/citedby.uri?partnerID=HzOxMe3b&scp=105011393911&origin=inward","TITLE-ABS-KEY(""quantum machine learning"" AND medical)"
SCOPUS_ID:105016456602,2-s2.0-105016456602,Data augmentation in cancer image classification problem with quantum GAN,Andra M.B.,Quantum Machine Intelligence,2025-12-01,10.1007/s42484-025-00315-y,25244906,7,2,,0,Article,"https://api.elsevier.com/content/abstract/scopus_id/105016456602, https://api.elsevier.com/content/abstract/scopus_id/105016456602?field=author,affiliation, https://www.scopus.com/inward/record.uri?partnerID=HzOxMe3b&scp=105016456602&origin=inward, https://www.scopus.com/inward/citedby.uri?partnerID=HzOxMe3b&scp=105016456602&origin=inward","TITLE-ABS-KEY(""quantum machine learning"" AND medical)"
SCOPUS_ID:105018857757,2-s2.0-105018857757,Intelligent non-invasive testing of food quality: Advancing accuracy and efficiency powered by artificial intelligence,Yu J.,Trends in Food Science and Technology,2025-12-01,10.1016/j.tifs.2025.105357,09242244,166,,,3,Review,"https://api.elsevier.com/content/abstract/scopus_id/105018857757, https://api.elsevier.com/content/abstract/scopus_id/105018857757?field=author,affiliation, https://www.scopus.com/inward/record.uri?partnerID=HzOxMe3b&scp=105018857757&origin=inward, https://www.scopus.com/inward/citedby.uri?partnerID=HzOxMe3b&scp=105018857757&origin=inward, https://api.elsevier.com/content/article/eid/1-s2.0-S0924224425004935","TITLE-ABS-KEY(""quantum machine learning"" AND medical)"
SCOPUS_ID:105015431607,2-s2.0-105015431607,Hybrid quantum-classical deep learning framework for balanced multiclass diabetic retinopathy classification,Ara T.,Methodsx,2025-12-01,10.1016/j.mex.2025.103605,,15,,,3,Article,"https://api.elsevier.com/content/abstract/scopus_id/105015431607, https://api.elsevier.com/content/abstract/scopus_id/105015431607?field=author,affiliation, https://www.scopus.com/inward/record.uri?partnerID=HzOxMe3b&scp=105015431607&origin=inward, https://www.scopus.com/inward/citedby.uri?partnerID=HzOxMe3b&scp=105015431607&origin=inward, https://api.elsevier.com/content/article/eid/1-s2.0-S2215016125004492","TITLE-ABS-KEY(""quantum machine learning"" AND medical)"
SCOPUS_ID:105011253612,2-s2.0-105011253612,Quantum Oncology: The Applications of Quantum Computing in Cancer Research,Li J.,Journal of Medical Systems,2025-12-01,10.1007/s10916-025-02215-x,01485598,49,1,,1,Review,"https://api.elsevier.com/content/abstract/scopus_id/105011253612, https://api.elsevier.com/content/abstract/scopus_id/105011253612?field=author,affiliation, https://www.scopus.com/inward/record.uri?partnerID=HzOxMe3b&scp=105011253612&origin=inward, https://www.scopus.com/inward/citedby.uri?partnerID=HzOxMe3b&scp=105011253612&origin=inward","TITLE-ABS-KEY(""quantum machine learning"" AND medical)"
SCOPUS_ID:105015151718,2-s2.0-105015151718,"Quantum, post-quantum, and blockchain approaches for securing the internet of medical things: a systematic review",Akkal M.,Cluster Computing,2025-10-01,10.1007/s10586-025-05481-z,13867857,28,10,,0,Article,"https://api.elsevier.com/content/abstract/scopus_id/105015151718, https://api.elsevier.com/content/abstract/scopus_id/105015151718?field=author,affiliation, https://www.scopus.com/inward/record.uri?partnerID=HzOxMe3b&scp=105015151718&origin=inward, https://www.scopus.com/inward/citedby.uri?partnerID=HzOxMe3b&scp=105015151718&origin=inward","TITLE-ABS-KEY(""quantum machine learning"" AND medical)"
SCOPUS_ID:105018669935,2-s2.0-105018669935,Quantum-assisted cardiac diseases diagnosis and prediction using ECG images,Jain V.,Journal of Supercomputing,2025-10-01,10.1007/s11227-025-07939-8,09208542,81,15,,0,Article,"https://api.elsevier.com/content/abstract/scopus_id/105018669935, https://api.elsevier.com/content/abstract/scopus_id/105018669935?field=author,affiliation, https://www.scopus.com/inward/record.uri?partnerID=HzOxMe3b&scp=105018669935&origin=inward, https://www.scopus.com/inward/citedby.uri?partnerID=HzOxMe3b&scp=105018669935&origin=inward","TITLE-ABS-KEY(""quantum machine learning"" AND medical)"
SCOPUS_ID:105017001064,2-s2.0-105017001064,Data Obfuscation for Privacy-Preserving Machine Learning Using Quantum Symmetry Properties,Raubitzek S.,Big Data and Cognitive Computing,2025-09-01,10.3390/bdcc9090223,,9,9,,0,Article,"https://api.elsevier.com/content/abstract/scopus_id/105017001064, https://api.elsevier.com/content/abstract/scopus_id/105017001064?field=author,affiliation, https://www.scopus.com/inward/record.uri?partnerID=HzOxMe3b&scp=105017001064&origin=inward, https://www.scopus.com/inward/citedby.uri?partnerID=HzOxMe3b&scp=105017001064&origin=inward","TITLE-ABS-KEY(""quantum machine learning"" AND medical)"
SCOPUS_ID:105017138015,2-s2.0-105017138015,Quantum-Enhanced Dual-Backbone Architecture for Accurate Gastrointestinal Disease Detection Using Endoscopic Imaging,Marzoug N.,Biomedinformatics,2025-09-01,10.3390/biomedinformatics5030051,,5,3,,0,Article,"https://api.elsevier.com/content/abstract/scopus_id/105017138015, https://api.elsevier.com/content/abstract/scopus_id/105017138015?field=author,affiliation, https://www.scopus.com/inward/record.uri?partnerID=HzOxMe3b&scp=105017138015&origin=inward, https://www.scopus.com/inward/citedby.uri?partnerID=HzOxMe3b&scp=105017138015&origin=inward","TITLE-ABS-KEY(""quantum machine learning"" AND medical)"
SCOPUS_ID:105013643149,2-s2.0-105013643149,Quantum SVM-based predictive analytics: transforming classification methods in healthcare and beyond,Naresh V.S.,Quantum Information Processing,2025-09-01,10.1007/s11128-025-04892-6,15700755,24,9,,1,Article,"https://api.elsevier.com/content/abstract/scopus_id/105013643149, https://api.elsevier.com/content/abstract/scopus_id/105013643149?field=author,affiliation, https://www.scopus.com/inward/record.uri?partnerID=HzOxMe3b&scp=105013643149&origin=inward, https://www.scopus.com/inward/citedby.uri?partnerID=HzOxMe3b&scp=105013643149&origin=inward","TITLE-ABS-KEY(""quantum machine learning"" AND medical)"
SCOPUS_ID:105013083393,2-s2.0-105013083393,Innovative Breast Cancer Diagnosis Model Based on Quantum Transfer Learning,Yu X.,Proceedings of 2025 International Conference on Artificial Intelligence and Computational Intelligence Aici 2025,2025-07-15,10.1145/3730436.3730453,,,,101-106,0,Conference Paper,"https://api.elsevier.com/content/abstract/scopus_id/105013083393, https://api.elsevier.com/content/abstract/scopus_id/105013083393?field=author,affiliation, https://www.scopus.com/inward/record.uri?partnerID=HzOxMe3b&scp=105013083393&origin=inward, https://www.scopus.com/inward/citedby.uri?partnerID=HzOxMe3b&scp=105013083393&origin=inward","TITLE-ABS-KEY(""quantum machine learning"" AND medical)"
SCOPUS_ID:105011510079,2-s2.0-105011510079,A Quantum Convolutional Neural Network for Breast Cancer Classification using Boruta and GA-Based Feature Selection with Quantum Feature Maps,Pagadala V.,Journal of Electronics Electromedical Engineering and Medical Informatics,2025-07-01,10.35882/jeeemi.v7i3.792,,7,3,894-910,1,Article,"https://api.elsevier.com/content/abstract/scopus_id/105011510079, https://api.elsevier.com/content/abstract/scopus_id/105011510079?field=author,affiliation, https://www.scopus.com/inward/record.uri?partnerID=HzOxMe3b&scp=105011510079&origin=inward, https://www.scopus.com/inward/citedby.uri?partnerID=HzOxMe3b&scp=105011510079&origin=inward","TITLE-ABS-KEY(""quantum machine learning"" AND medical)"
SCOPUS_ID:105004920524,2-s2.0-105004920524,Quantum generative learning for high-resolution medical image generation,Khatun A.,Machine Learning Science and Technology,2025-06-30,10.1088/2632-2153/add1a9,,6,2,,4,Article,"https://api.elsevier.com/content/abstract/scopus_id/105004920524, https://api.elsevier.com/content/abstract/scopus_id/105004920524?field=author,affiliation, https://www.scopus.com/inward/record.uri?partnerID=HzOxMe3b&scp=105004920524&origin=inward, https://www.scopus.com/inward/citedby.uri?partnerID=HzOxMe3b&scp=105004920524&origin=inward","TITLE-ABS-KEY(""quantum machine learning"" AND medical)"
SCOPUS_ID:105017604679,2-s2.0-105017604679,Quantum Transfer Learning to Boost Dementia Detection,Bhowmik S.,Proceedings of the ACM Great Lakes Symposium on VLSI Glsvlsi,2025-06-29,10.1145/3716368.3735290,,,,849-853,0,Conference Paper,"https://api.elsevier.com/content/abstract/scopus_id/105017604679, https://api.elsevier.com/content/abstract/scopus_id/105017604679?field=author,affiliation, https://www.scopus.com/inward/record.uri?partnerID=HzOxMe3b&scp=105017604679&origin=inward, https://www.scopus.com/inward/citedby.uri?partnerID=HzOxMe3b&scp=105017604679&origin=inward","TITLE-ABS-KEY(""quantum machine learning"" AND medical)"
SCOPUS_ID:105004943777,2-s2.0-105004943777,Enhancing quantum support vector machine for healthcare applications using custom feature maps,Bansal R.,Knowledge Based Systems,2025-06-23,10.1016/j.knosys.2025.113669,09507051,320,,,3,Article,"https://api.elsevier.com/content/abstract/scopus_id/105004943777, https://api.elsevier.com/content/abstract/scopus_id/105004943777?field=author,affiliation, https://www.scopus.com/inward/record.uri?partnerID=HzOxMe3b&scp=105004943777&origin=inward, https://www.scopus.com/inward/citedby.uri?partnerID=HzOxMe3b&scp=105004943777&origin=inward, https://api.elsevier.com/content/article/eid/1-s2.0-S0950705125007154","TITLE-ABS-KEY(""quantum machine learning"" AND medical)"
SCOPUS_ID:105004259136,2-s2.0-105004259136,Applying quantum autoencoders for time series anomaly detection,Frehner R.,Quantum Machine Intelligence,2025-06-01,10.1007/s42484-025-00285-1,25244906,7,1,,3,Article,"https://api.elsevier.com/content/abstract/scopus_id/105004259136, https://api.elsevier.com/content/abstract/scopus_id/105004259136?field=author,affiliation, https://www.scopus.com/inward/record.uri?partnerID=HzOxMe3b&scp=105004259136&origin=inward, https://www.scopus.com/inward/citedby.uri?partnerID=HzOxMe3b&scp=105004259136&origin=inward","TITLE-ABS-KEY(""quantum machine learning"" AND medical)"
SCOPUS_ID:86000108249,2-s2.0-86000108249,Continuous-variable quantum Boltzmann machine,Bangar S.,Quantum Machine Intelligence,2025-06-01,10.1007/s42484-025-00259-3,25244906,7,1,,0,Article,"https://api.elsevier.com/content/abstract/scopus_id/86000108249, https://api.elsevier.com/content/abstract/scopus_id/86000108249?field=author,affiliation, https://www.scopus.com/inward/record.uri?partnerID=HzOxMe3b&scp=86000108249&origin=inward, https://www.scopus.com/inward/citedby.uri?partnerID=HzOxMe3b&scp=86000108249&origin=inward","TITLE-ABS-KEY(""quantum machine learning"" AND medical)"
SCOPUS_ID:105006688767,2-s2.0-105006688767,Transforming Neural Networks into Quantum-Cognitive Models: A Research Tutorial with Novel Applications,Maksimovic M.,Technologies,2025-05-01,10.3390/technologies13050183,,13,5,,3,Article,"https://api.elsevier.com/content/abstract/scopus_id/105006688767, https://api.elsevier.com/content/abstract/scopus_id/105006688767?field=author,affiliation, https://www.scopus.com/inward/record.uri?partnerID=HzOxMe3b&scp=105006688767&origin=inward, https://www.scopus.com/inward/citedby.uri?partnerID=HzOxMe3b&scp=105006688767&origin=inward","TITLE-ABS-KEY(""quantum machine learning"" AND medical)"
SCOPUS_ID:105004002694,2-s2.0-105004002694,Predictive analysis of heart disease using quantum-assisted machine learning,Banday M.,Discover Applied Sciences,2025-05-01,10.1007/s42452-025-06944-z,,7,5,,1,Article,"https://api.elsevier.com/content/abstract/scopus_id/105004002694, https://api.elsevier.com/content/abstract/scopus_id/105004002694?field=author,affiliation, https://www.scopus.com/inward/record.uri?partnerID=HzOxMe3b&scp=105004002694&origin=inward, https://www.scopus.com/inward/citedby.uri?partnerID=HzOxMe3b&scp=105004002694&origin=inward","TITLE-ABS-KEY(""quantum machine learning"" AND medical)"
SCOPUS_ID:105004225556,2-s2.0-105004225556,QEKLR: quantum-enhanced kernel logistic regression for classification,Misra S.,Journal of Supercomputing,2025-05-01,10.1007/s11227-025-07266-y,09208542,81,7,,1,Article,"https://api.elsevier.com/content/abstract/scopus_id/105004225556, https://api.elsevier.com/content/abstract/scopus_id/105004225556?field=author,affiliation, https://www.scopus.com/inward/record.uri?partnerID=HzOxMe3b&scp=105004225556&origin=inward, https://www.scopus.com/inward/citedby.uri?partnerID=HzOxMe3b&scp=105004225556&origin=inward","TITLE-ABS-KEY(""quantum machine learning"" AND medical)"
SCOPUS_ID:105027841173,2-s2.0-105027841173,Noninvasive estimation of blood glucose and HbA1c using Quantum Machine Learning technique,Sridevi P.,Machine Learning with Applications,2025-03-01,10.1016/j.mlwa.2025.100626,,19,,,5,Article,"https://api.elsevier.com/content/abstract/scopus_id/105027841173, https://api.elsevier.com/content/abstract/scopus_id/105027841173?field=author,affiliation, https://www.scopus.com/inward/record.uri?partnerID=HzOxMe3b&scp=105027841173&origin=inward, https://www.scopus.com/inward/citedby.uri?partnerID=HzOxMe3b&scp=105027841173&origin=inward, https://api.elsevier.com/content/article/eid/1-s2.0-S266682702500009X","TITLE-ABS-KEY(""quantum machine learning"" AND medical)"
SCOPUS_ID:105009822207,2-s2.0-105009822207,Classical and Quantum SVM for Electromyography-Based Myopathy Detection: A Comparative Exploration,Hammachi R.,Polish Journal of Medical Physics and Engineering,2025-03-01,10.2478/pjmpe-2025-0013,14254689,31,2,118-130,0,Article,"https://api.elsevier.com/content/abstract/scopus_id/105009822207, https://api.elsevier.com/content/abstract/scopus_id/105009822207?field=author,affiliation, https://www.scopus.com/inward/record.uri?partnerID=HzOxMe3b&scp=105009822207&origin=inward, https://www.scopus.com/inward/citedby.uri?partnerID=HzOxMe3b&scp=105009822207&origin=inward","TITLE-ABS-KEY(""quantum machine learning"" AND medical)"
SCOPUS_ID:85211056589,2-s2.0-85211056589,Q-SupCon: Quantum-Enhanced Supervised Contrastive Learning Architecture within the Representation Learning Framework,Kottahachchi Kankanamge Don A.,ACM Transactions on Quantum Computing,2025-01-14,10.1145/3660647,,6,1,,9,Article,"https://api.elsevier.com/content/abstract/scopus_id/85211056589, https://api.elsevier.com/content/abstract/scopus_id/85211056589?field=author,affiliation, https://www.scopus.com/inward/record.uri?partnerID=HzOxMe3b&scp=85211056589&origin=inward, https://www.scopus.com/inward/citedby.uri?partnerID=HzOxMe3b&scp=85211056589&origin=inward","TITLE-ABS-KEY(""quantum machine learning"" AND medical)"
SCOPUS_ID:105015203124,2-s2.0-105015203124,Hybrid Quantum-Assisted Deep Learning Model for Early-Stage Alzheimer’s Disease Classification Based on MRI Images,Radhi E.A.,Mesopotamian Journal of Big Data,2025-01-10,10.58496/MJBD/2025/011,,2025,,156-177,1,Article,"https://api.elsevier.com/content/abstract/scopus_id/105015203124, https://api.elsevier.com/content/abstract/scopus_id/105015203124?field=author,affiliation, https://www.scopus.com/inward/record.uri?partnerID=HzOxMe3b&scp=105015203124&origin=inward, https://www.scopus.com/inward/citedby.uri?partnerID=HzOxMe3b&scp=105015203124&origin=inward","TITLE-ABS-KEY(""quantum machine learning"" AND medical)"
SCOPUS_ID:105005165906,2-s2.0-105005165906,Advancements and Challenges in Quantum Machine Learning for Medical Image Classification: A Comprehensive Review,Shahriyar F.,Proceedings of 2025 3rd International Conference on Intelligent Systems Advanced Computing and Communication Isacc 2025,2025-01-01,10.1109/ISACC65211.2025.10969166,,,,1126-1133,4,Conference Paper,"https://api.elsevier.com/content/abstract/scopus_id/105005165906, https://api.elsevier.com/content/abstract/scopus_id/105005165906?field=author,affiliation, https://www.scopus.com/inward/record.uri?partnerID=HzOxMe3b&scp=105005165906&origin=inward, https://www.scopus.com/inward/citedby.uri?partnerID=HzOxMe3b&scp=105005165906&origin=inward","TITLE-ABS-KEY(""quantum machine learning"" AND medical)"
SCOPUS_ID:105023322733,2-s2.0-105023322733,Diagnosis and Prediction of Multiple Sclerosis Disease Using Quantum Machine Learning Classifiers,Garg J.,Lecture Notes in Electrical Engineering,2025-01-01,10.1007/978-981-96-9203-3_8,18761100,1447 LNEE,,101-111,0,Conference Paper,"https://api.elsevier.com/content/abstract/scopus_id/105023322733, https://api.elsevier.com/content/abstract/scopus_id/105023322733?field=author,affiliation, https://www.scopus.com/inward/record.uri?partnerID=HzOxMe3b&scp=105023322733&origin=inward, https://www.scopus.com/inward/citedby.uri?partnerID=HzOxMe3b&scp=105023322733&origin=inward","TITLE-ABS-KEY(""quantum machine learning"" AND medical)"
SCOPUS_ID:105005211343,2-s2.0-105005211343,A Comprehensive Survey on Breast Cancer Diagnostics: From Artificial Intelligence to Quantum Machine Learning,Reddy M.R.V.S.R.S.,Proceedings of 2025 3rd International Conference on Intelligent Systems Advanced Computing and Communication Isacc 2025,2025-01-01,10.1109/ISACC65211.2025.10969410,,,,1179-1187,0,Conference Paper,"https://api.elsevier.com/content/abstract/scopus_id/105005211343, https://api.elsevier.com/content/abstract/scopus_id/105005211343?field=author,affiliation, https://www.scopus.com/inward/record.uri?partnerID=HzOxMe3b&scp=105005211343&origin=inward, https://www.scopus.com/inward/citedby.uri?partnerID=HzOxMe3b&scp=105005211343&origin=inward","TITLE-ABS-KEY(""quantum machine learning"" AND medical)"
SCOPUS_ID:105030065101,2-s2.0-105030065101,Integrating XAI with Quantum Machine Learning Models for Interpretable Breast Cancer Classification,Bhuvaneshwari V.,2025 2nd International Conference on New Frontiers in Communication Automation Management and Security Iccams 2025,2025-01-01,10.1109/ICCAMS65118.2025.11234071,,,,,0,Conference Paper,"https://api.elsevier.com/content/abstract/scopus_id/105030065101, https://api.elsevier.com/content/abstract/scopus_id/105030065101?field=author,affiliation, https://www.scopus.com/inward/record.uri?partnerID=HzOxMe3b&scp=105030065101&origin=inward, https://www.scopus.com/inward/citedby.uri?partnerID=HzOxMe3b&scp=105030065101&origin=inward","TITLE-ABS-KEY(""quantum machine learning"" AND medical)"
SCOPUS_ID:105018059765,2-s2.0-105018059765,Comparative Analysis on Cardiovascular Disease Prediction using Quantum Machine Learning,Ramana S.V.,4th Wireless Antenna and Microwave Symposium Wams 2025,2025-01-01,10.1109/WAMS64402.2025.11158066,,,,,0,Conference Paper,"https://api.elsevier.com/content/abstract/scopus_id/105018059765, https://api.elsevier.com/content/abstract/scopus_id/105018059765?field=author,affiliation, https://www.scopus.com/inward/record.uri?partnerID=HzOxMe3b&scp=105018059765&origin=inward, https://www.scopus.com/inward/citedby.uri?partnerID=HzOxMe3b&scp=105018059765&origin=inward","TITLE-ABS-KEY(""quantum machine learning"" AND medical)"
SCOPUS_ID:105021932696,2-s2.0-105021932696,A Quantum Machine Learning Framework for Early Lung Cancer Detection: A Comparative Study with Classical SVM,Bavisetti N.,Proceedings of the 4th International Conference on Innovative Mechanisms for Industry Applications Icimia 2025,2025-01-01,10.1109/ICIMIA67127.2025.11200790,,,,1132-1138,0,Conference Paper,"https://api.elsevier.com/content/abstract/scopus_id/105021932696, https://api.elsevier.com/content/abstract/scopus_id/105021932696?field=author,affiliation, https://www.scopus.com/inward/record.uri?partnerID=HzOxMe3b&scp=105021932696&origin=inward, https://www.scopus.com/inward/citedby.uri?partnerID=HzOxMe3b&scp=105021932696&origin=inward","TITLE-ABS-KEY(""quantum machine learning"" AND medical)"
SCOPUS_ID:105008542954,2-s2.0-105008542954,The Applications of Quantum Machine Learning in Today's World,Kedia U.,Intelligent Systems Reference Library,2025-01-01,10.1007/978-3-031-89905-8_9,18684394,274,,171-191,2,Book Chapter,"https://api.elsevier.com/content/abstract/scopus_id/105008542954, https://api.elsevier.com/content/abstract/scopus_id/105008542954?field=author,affiliation, https://www.scopus.com/inward/record.uri?partnerID=HzOxMe3b&scp=105008542954&origin=inward, https://www.scopus.com/inward/citedby.uri?partnerID=HzOxMe3b&scp=105008542954&origin=inward","TITLE-ABS-KEY(""quantum machine learning"" AND medical)"
SCOPUS_ID:105030479153,2-s2.0-105030479153,Quantum Machine Learning for Anomaly Detection in Brain Imaging Related to Mental Health,Kettani M.,Sita 2025 15th International Conference on Intelligent Systems Theories and Applications,2025-01-01,10.1109/SITA67914.2025.11273773,,,,,0,Conference Paper,"https://api.elsevier.com/content/abstract/scopus_id/105030479153, https://api.elsevier.com/content/abstract/scopus_id/105030479153?field=author,affiliation, https://www.scopus.com/inward/record.uri?partnerID=HzOxMe3b&scp=105030479153&origin=inward, https://www.scopus.com/inward/citedby.uri?partnerID=HzOxMe3b&scp=105030479153&origin=inward","TITLE-ABS-KEY(""quantum machine learning"" AND medical)"
SCOPUS_ID:105018462284,2-s2.0-105018462284,Q-Drop: Optimizing Quantum Orthogonal Networks with Statistic Pruning and Dynamic Dropout,Nguyen P.T.Q.,IEEE International Conference on Communications,2025-01-01,10.1109/ICC52391.2025.11161668,15503607,,,2394-2399,0,Conference Paper,"https://api.elsevier.com/content/abstract/scopus_id/105018462284, https://api.elsevier.com/content/abstract/scopus_id/105018462284?field=author,affiliation, https://www.scopus.com/inward/record.uri?partnerID=HzOxMe3b&scp=105018462284&origin=inward, https://www.scopus.com/inward/citedby.uri?partnerID=HzOxMe3b&scp=105018462284&origin=inward","TITLE-ABS-KEY(""quantum machine learning"" AND medical)"
SCOPUS_ID:105012823987,2-s2.0-105012823987,Leveraging Quantum Machine Learning for Accurate Indoor Air Quality Forecasting and Risk Mitigation,Gómez F.S.,Lecture Notes in Networks and Systems,2025-01-01,10.1007/978-3-031-93106-2_24,23673370,1448 LNNS,,276-286,0,Conference Paper,"https://api.elsevier.com/content/abstract/scopus_id/105012823987, https://api.elsevier.com/content/abstract/scopus_id/105012823987?field=author,affiliation, https://www.scopus.com/inward/record.uri?partnerID=HzOxMe3b&scp=105012823987&origin=inward, https://www.scopus.com/inward/citedby.uri?partnerID=HzOxMe3b&scp=105012823987&origin=inward","TITLE-ABS-KEY(""quantum machine learning"" AND medical)"
SCOPUS_ID:105010629375,2-s2.0-105010629375,Detection of Physiological Data Tampering Attacks with Quantum Machine Learning,Onim M.S.H.,Proceedings IEEE International Symposium on Circuits and Systems,2025-01-01,10.1109/ISCAS56072.2025.11043495,02714310,,,,0,Conference Paper,"https://api.elsevier.com/content/abstract/scopus_id/105010629375, https://api.elsevier.com/content/abstract/scopus_id/105010629375?field=author,affiliation, https://www.scopus.com/inward/record.uri?partnerID=HzOxMe3b&scp=105010629375&origin=inward, https://www.scopus.com/inward/citedby.uri?partnerID=HzOxMe3b&scp=105010629375&origin=inward","TITLE-ABS-KEY(""quantum machine learning"" AND medical)"
SCOPUS_ID:105030208702,2-s2.0-105030208702,"A Hybrid Classical-Quantum Deep Learning Framework for MRI-Guided Alzheimer's Disease Classification, Comparative Analysis & Explainable AI for Medical Interpretation",Barua S.,Indiscon 2025 IEEE 6th India Council International Subsections Conference Proceedings,2025-01-01,10.1109/INDISCON66021.2025.11252366,,,,,0,Conference Paper,"https://api.elsevier.com/content/abstract/scopus_id/105030208702, https://api.elsevier.com/content/abstract/scopus_id/105030208702?field=author,affiliation, https://www.scopus.com/inward/record.uri?partnerID=HzOxMe3b&scp=105030208702&origin=inward, https://www.scopus.com/inward/citedby.uri?partnerID=HzOxMe3b&scp=105030208702&origin=inward","TITLE-ABS-KEY(""quantum machine learning"" AND medical)"
SCOPUS_ID:105030139872,2-s2.0-105030139872,Quantum Machine Learning for Minimal Omics Datasets with Large Feature Space Using Embeddings and Feature Selection Techniques,Sahin M.E.,Proceedings IEEE Quantum Week 2025 Qce 2025,2025-01-01,10.1109/QCE65121.2025.00197,,1,,1796-1802,0,Conference Paper,"https://api.elsevier.com/content/abstract/scopus_id/105030139872, https://api.elsevier.com/content/abstract/scopus_id/105030139872?field=author,affiliation, https://www.scopus.com/inward/record.uri?partnerID=HzOxMe3b&scp=105030139872&origin=inward, https://www.scopus.com/inward/citedby.uri?partnerID=HzOxMe3b&scp=105030139872&origin=inward","TITLE-ABS-KEY(""quantum machine learning"" AND medical)"
SCOPUS_ID:105002572198,2-s2.0-105002572198,Classification Using Hybrid Classical-Quantum Machine Learning,Bala R.,Communications in Computer and Information Science,2025-01-01,10.1007/978-3-031-84059-3_14,18650929,2073 CCIS,,163-175,0,Conference Paper,"https://api.elsevier.com/content/abstract/scopus_id/105002572198, https://api.elsevier.com/content/abstract/scopus_id/105002572198?field=author,affiliation, https://www.scopus.com/inward/record.uri?partnerID=HzOxMe3b&scp=105002572198&origin=inward, https://www.scopus.com/inward/citedby.uri?partnerID=HzOxMe3b&scp=105002572198&origin=inward","TITLE-ABS-KEY(""quantum machine learning"" AND medical)"
SCOPUS_ID:105016314267,2-s2.0-105016314267,Characterization of IBM Quantum Computers for Quantum Machine Learning Applications on Brain Tumor Datasets,Passo S.J.G.,Iet Conference Proceedings,2025-01-01,10.1049/icp.2025.2224,,2025,11,17-26,0,Conference Paper,"https://api.elsevier.com/content/abstract/scopus_id/105016314267, https://api.elsevier.com/content/abstract/scopus_id/105016314267?field=author,affiliation, https://www.scopus.com/inward/record.uri?partnerID=HzOxMe3b&scp=105016314267&origin=inward, https://www.scopus.com/inward/citedby.uri?partnerID=HzOxMe3b&scp=105016314267&origin=inward","TITLE-ABS-KEY(""quantum machine learning"" AND medical)"
SCOPUS_ID:105010541407,2-s2.0-105010541407,Prediction of Cardiac Disease Using Quantum Enhanced Ensemble Learning Approach,Biju J.V.,6th International Conference on Innovative Trends in Information Technology Secure Trustworthy and Socially Responsible AI Icitiit 2025,2025-01-01,10.1109/ICITIIT64777.2025.11041018,,,,,1,Conference Paper,"https://api.elsevier.com/content/abstract/scopus_id/105010541407, https://api.elsevier.com/content/abstract/scopus_id/105010541407?field=author,affiliation, https://www.scopus.com/inward/record.uri?partnerID=HzOxMe3b&scp=105010541407&origin=inward, https://www.scopus.com/inward/citedby.uri?partnerID=HzOxMe3b&scp=105010541407&origin=inward","TITLE-ABS-KEY(""quantum machine learning"" AND medical)"
SCOPUS_ID:105030342812,2-s2.0-105030342812,Building Student Understanding of Quantum Information Science and Engineering through Projects on Applications to Medical Technologies,Rosenberg J.L.,Proceedings IEEE Quantum Week 2025 Qce 2025,2025-01-01,10.1109/QCE65121.2025.20527,,3,,82-85,0,Conference Paper,"https://api.elsevier.com/content/abstract/scopus_id/105030342812, https://api.elsevier.com/content/abstract/scopus_id/105030342812?field=author,affiliation, https://www.scopus.com/inward/record.uri?partnerID=HzOxMe3b&scp=105030342812&origin=inward, https://www.scopus.com/inward/citedby.uri?partnerID=HzOxMe3b&scp=105030342812&origin=inward","TITLE-ABS-KEY(""quantum machine learning"" AND medical)"
SCOPUS_ID:105015151589,2-s2.0-105015151589,FedQCNN: A Privacy-Preserving Federated Quantum Convolutional Neural Network for Retinal Image Classification,Nandy Pal M.,Iet Quantum Communication,2025-01-01,10.1049/qtc2.70010,,6,1,,2,Article,"https://api.elsevier.com/content/abstract/scopus_id/105015151589, https://api.elsevier.com/content/abstract/scopus_id/105015151589?field=author,affiliation, https://www.scopus.com/inward/record.uri?partnerID=HzOxMe3b&scp=105015151589&origin=inward, https://www.scopus.com/inward/citedby.uri?partnerID=HzOxMe3b&scp=105015151589&origin=inward","TITLE-ABS-KEY(""quantum machine learning"" AND medical)"
SCOPUS_ID:105004413583,2-s2.0-105004413583,Automating Brain Hemorrhage Detection through Deep Learning Approaches,Shakina Princess S.,Proceedings of International Conference on Visual Analytics and Data Visualization Icvadv 2025,2025-01-01,10.1109/ICVADV63329.2025.10961684,,,,915-921,0,Conference Paper,"https://api.elsevier.com/content/abstract/scopus_id/105004413583, https://api.elsevier.com/content/abstract/scopus_id/105004413583?field=author,affiliation, https://www.scopus.com/inward/record.uri?partnerID=HzOxMe3b&scp=105004413583&origin=inward, https://www.scopus.com/inward/citedby.uri?partnerID=HzOxMe3b&scp=105004413583&origin=inward","TITLE-ABS-KEY(""quantum machine learning"" AND medical)"
SCOPUS_ID:105015514465,2-s2.0-105015514465,Optimized DenseNet121 and Quantum PennyLane Fusion for Explainable Skin Disease Recognition and Classification,Aravinda C.V.,IEEE Access,2025-01-01,10.1109/ACCESS.2025.3608217,,13,,167957-167969,0,Article,"https://api.elsevier.com/content/abstract/scopus_id/105015514465, https://api.elsevier.com/content/abstract/scopus_id/105015514465?field=author,affiliation, https://www.scopus.com/inward/record.uri?partnerID=HzOxMe3b&scp=105015514465&origin=inward, https://www.scopus.com/inward/citedby.uri?partnerID=HzOxMe3b&scp=105015514465&origin=inward","TITLE-ABS-KEY(""quantum machine learning"" AND medical)"
SCOPUS_ID:105000468833,2-s2.0-105000468833,End-to-end Encoders Stabilize Quantum Convolutional Neural Networks for Medical Image Classification,Tang L.,Informatik Aktuell,2025-01-01,10.1007/978-3-658-47422-5_36,1431472X,,,158-163,0,Conference Paper,"https://api.elsevier.com/content/abstract/scopus_id/105000468833, https://api.elsevier.com/content/abstract/scopus_id/105000468833?field=author,affiliation, https://www.scopus.com/inward/record.uri?partnerID=HzOxMe3b&scp=105000468833&origin=inward, https://www.scopus.com/inward/citedby.uri?partnerID=HzOxMe3b&scp=105000468833&origin=inward","TITLE-ABS-KEY(""quantum machine learning"" AND medical)"
SCOPUS_ID:105009806966,2-s2.0-105009806966,Quantum machine learning models in healthcare: future trends and challenges in healthcare,Sonavane A.,Quantum Computing for Healthcare Data Revolutionizing the Future of Medicine,2025-01-01,10.1016/B978-0-443-29297-2.00003-4,,,,167-187,4,Book Chapter,"https://api.elsevier.com/content/abstract/scopus_id/105009806966, https://api.elsevier.com/content/abstract/scopus_id/105009806966?field=author,affiliation, https://www.scopus.com/inward/record.uri?partnerID=HzOxMe3b&scp=105009806966&origin=inward, https://www.scopus.com/inward/citedby.uri?partnerID=HzOxMe3b&scp=105009806966&origin=inward, https://api.elsevier.com/content/article/eid/3-s2.0-B9780443292972000034","TITLE-ABS-KEY(""quantum machine learning"" AND medical)"
SCOPUS_ID:105013107697,2-s2.0-105013107697,Quantum Federated Learning in Healthcare: The Shift from Development to Deployment and from Models to Data,Bhatia A.S.,IEEE Journal of Biomedical and Health Informatics,2025-01-01,10.1109/JBHI.2025.3596156,21682194,,,,1,Article,"https://api.elsevier.com/content/abstract/scopus_id/105013107697, https://api.elsevier.com/content/abstract/scopus_id/105013107697?field=author,affiliation, https://www.scopus.com/inward/record.uri?partnerID=HzOxMe3b&scp=105013107697&origin=inward, https://www.scopus.com/inward/citedby.uri?partnerID=HzOxMe3b&scp=105013107697&origin=inward","TITLE-ABS-KEY(""quantum machine learning"" AND medical)"
SCOPUS_ID:105020971523,2-s2.0-105020971523,Comparative Analysis of Quantum Encoding Techniques for Biomarker Classification,Eutamene A.,IEEE Access,2025-01-01,10.1109/ACCESS.2025.3628830,,13,,191230-191241,0,Article,"https://api.elsevier.com/content/abstract/scopus_id/105020971523, https://api.elsevier.com/content/abstract/scopus_id/105020971523?field=author,affiliation, https://www.scopus.com/inward/record.uri?partnerID=HzOxMe3b&scp=105020971523&origin=inward, https://www.scopus.com/inward/citedby.uri?partnerID=HzOxMe3b&scp=105020971523&origin=inward","TITLE-ABS-KEY(""quantum machine learning"" AND medical)"
SCOPUS_ID:105001387936,2-s2.0-105001387936,Quantum Computing and Artificial Intelligence: The Industry Use Cases,Raj P.,Quantum Computing and Artificial Intelligence the Industry Use Cases,2025-01-01,10.1002/9781394242399,,,,1-529,2,Book,"https://api.elsevier.com/content/abstract/scopus_id/105001387936, https://api.elsevier.com/content/abstract/scopus_id/105001387936?field=author,affiliation, https://www.scopus.com/inward/record.uri?partnerID=HzOxMe3b&scp=105001387936&origin=inward, https://www.scopus.com/inward/citedby.uri?partnerID=HzOxMe3b&scp=105001387936&origin=inward","TITLE-ABS-KEY(""quantum machine learning"" AND medical)"
SCOPUS_ID:105009970346,2-s2.0-105009970346,Quantum Machine Learning for Energy-Efficient 5G-Enabled IoMT Healthcare Systems: Enhancing Data Security and Processing,Riaz M.Z.,IEEE Internet of Things Journal,2025-01-01,10.1109/JIOT.2025.3586090,,12,22,46119-46128,1,Article,"https://api.elsevier.com/content/abstract/scopus_id/105009970346, https://api.elsevier.com/content/abstract/scopus_id/105009970346?field=author,affiliation, https://www.scopus.com/inward/record.uri?partnerID=HzOxMe3b&scp=105009970346&origin=inward, https://www.scopus.com/inward/citedby.uri?partnerID=HzOxMe3b&scp=105009970346&origin=inward","TITLE-ABS-KEY(""quantum machine learning"" AND medical)"
SCOPUS_ID:105007879807,2-s2.0-105007879807,Harnessing Quantum-Classical Techniques for Improved Breast Cancer Prediction,Kundu A.,Proceedings 2025 International Conference on Quantum Communications Networking and Computing Qcnc 2025,2025-01-01,10.1109/QCNC64685.2025.00094,,,,560-567,0,Conference Paper,"https://api.elsevier.com/content/abstract/scopus_id/105007879807, https://api.elsevier.com/content/abstract/scopus_id/105007879807?field=author,affiliation, https://www.scopus.com/inward/record.uri?partnerID=HzOxMe3b&scp=105007879807&origin=inward, https://www.scopus.com/inward/citedby.uri?partnerID=HzOxMe3b&scp=105007879807&origin=inward","TITLE-ABS-KEY(""quantum machine learning"" AND medical)"
SCOPUS_ID:105008677411,2-s2.0-105008677411,A Hybrid Quantum-Classical Approach for Multi-Class Skin Disease Classification Using a 4-Qubit Model,Aravinda C.V.,IEEE Access,2025-01-01,10.1109/ACCESS.2025.3581030,,13,,114460-114470,1,Article,"https://api.elsevier.com/content/abstract/scopus_id/105008677411, https://api.elsevier.com/content/abstract/scopus_id/105008677411?field=author,affiliation, https://www.scopus.com/inward/record.uri?partnerID=HzOxMe3b&scp=105008677411&origin=inward, https://www.scopus.com/inward/citedby.uri?partnerID=HzOxMe3b&scp=105008677411&origin=inward","TITLE-ABS-KEY(""quantum machine learning"" AND medical)"
SCOPUS_ID:105023973430,2-s2.0-105023973430,Quantum Machine Learning in Healthcare: Evaluating QNN and QSVM Models,Tudisco A.,Proceedings of the International Joint Conference on Neural Networks,2025-01-01,10.1109/IJCNN64981.2025.11227750,21614393,,,,0,Conference Paper,"https://api.elsevier.com/content/abstract/scopus_id/105023973430, https://api.elsevier.com/content/abstract/scopus_id/105023973430?field=author,affiliation, https://www.scopus.com/inward/record.uri?partnerID=HzOxMe3b&scp=105023973430&origin=inward, https://www.scopus.com/inward/citedby.uri?partnerID=HzOxMe3b&scp=105023973430&origin=inward","TITLE-ABS-KEY(""quantum machine learning"" AND medical)"
SCOPUS_ID:105004155684,2-s2.0-105004155684,Artificial Intelligence in Industry An Approach to Automation (with Case Studies in Healthcare Automation Using Quantum Machine Learning),Sheikh F.,Parallel and High Performance Computing in Artificial Intelligence,2025-01-01,10.1201/9781003425458-15,,,,269-295,0,Book Chapter,"https://api.elsevier.com/content/abstract/scopus_id/105004155684, https://api.elsevier.com/content/abstract/scopus_id/105004155684?field=author,affiliation, https://www.scopus.com/inward/record.uri?partnerID=HzOxMe3b&scp=105004155684&origin=inward, https://www.scopus.com/inward/citedby.uri?partnerID=HzOxMe3b&scp=105004155684&origin=inward","TITLE-ABS-KEY(""quantum machine learning"" AND medical)"
SCOPUS_ID:105031450209,2-s2.0-105031450209,A Quantum-Classical Approach Multimodal Cardiac Health Prediction,Hasan M.,2025 International Symposium on Networks Computers and Communications Isncc 2025,2025-01-01,10.1109/ISNCC66965.2025.11250427,,,,,0,Conference Paper,"https://api.elsevier.com/content/abstract/scopus_id/105031450209, https://api.elsevier.com/content/abstract/scopus_id/105031450209?field=author,affiliation, https://www.scopus.com/inward/record.uri?partnerID=HzOxMe3b&scp=105031450209&origin=inward, https://www.scopus.com/inward/citedby.uri?partnerID=HzOxMe3b&scp=105031450209&origin=inward","TITLE-ABS-KEY(""quantum machine learning"" AND medical)"
SCOPUS_ID:85219022139,2-s2.0-85219022139,The Role of Quantum Artificial Intelligence in Healthcare Advancements,Sunki K.,Cognitive Science and Technology,2025-01-01,10.1007/978-981-97-8533-9_10,21953988,Part F73,,137-158,4,Book Chapter,"https://api.elsevier.com/content/abstract/scopus_id/85219022139, https://api.elsevier.com/content/abstract/scopus_id/85219022139?field=author,affiliation, https://www.scopus.com/inward/record.uri?partnerID=HzOxMe3b&scp=85219022139&origin=inward, https://www.scopus.com/inward/citedby.uri?partnerID=HzOxMe3b&scp=85219022139&origin=inward","TITLE-ABS-KEY(""quantum machine learning"" AND medical)"
SCOPUS_ID:105019042446,2-s2.0-105019042446,Multiqubit Quantum Convolutional Neural Networks for Efficient AI-Driven Healthcare Analytics,Ovi T.B.,2025 IEEE International Conference on Quantum Photonics Artificial Intelligence and Networking Qpain 2025,2025-01-01,10.1109/QPAIN66474.2025.11172247,,,,,0,Conference Paper,"https://api.elsevier.com/content/abstract/scopus_id/105019042446, https://api.elsevier.com/content/abstract/scopus_id/105019042446?field=author,affiliation, https://www.scopus.com/inward/record.uri?partnerID=HzOxMe3b&scp=105019042446&origin=inward, https://www.scopus.com/inward/citedby.uri?partnerID=HzOxMe3b&scp=105019042446&origin=inward","TITLE-ABS-KEY(""quantum machine learning"" AND medical)"
SCOPUS_ID:105005291915,2-s2.0-105005291915,"Quantum Machine and Deep Learning for Medical Image Classification: A Systematic Review of Trends, Methodologies, and Future Directions",Radhi E.A.,Iraqi Journal for Computer Science and Mathematics,2025-01-01,10.52866/2788-7421.1252,,6,2,107-138,3,Review,"https://api.elsevier.com/content/abstract/scopus_id/105005291915, https://api.elsevier.com/content/abstract/scopus_id/105005291915?field=author,affiliation, https://www.scopus.com/inward/record.uri?partnerID=HzOxMe3b&scp=105005291915&origin=inward, https://www.scopus.com/inward/citedby.uri?partnerID=HzOxMe3b&scp=105005291915&origin=inward","TITLE-ABS-KEY(""quantum machine learning"" AND medical)"
SCOPUS_ID:85218484108,2-s2.0-85218484108,A Quantum-Enhanced Artificial Neural Network Model for Efficient Medical Image Compression,Subbiyan B.,IEEE Access,2025-01-01,10.1109/ACCESS.2025.3542807,,13,,31809-31828,11,Article,"https://api.elsevier.com/content/abstract/scopus_id/85218484108, https://api.elsevier.com/content/abstract/scopus_id/85218484108?field=author,affiliation, https://www.scopus.com/inward/record.uri?partnerID=HzOxMe3b&scp=85218484108&origin=inward, https://www.scopus.com/inward/citedby.uri?partnerID=HzOxMe3b&scp=85218484108&origin=inward","TITLE-ABS-KEY(""quantum machine learning"" AND medical)"
SCOPUS_ID:105023283791,2-s2.0-105023283791,High-Resolution Medical Image Generation With Leak-Prevention Mechanism Using Quantum Transformer Learning,Khawaji A.,IEEE Access,2025-01-01,10.1109/ACCESS.2025.3638383,,13,,206381-206401,0,Article,"https://api.elsevier.com/content/abstract/scopus_id/105023283791, https://api.elsevier.com/content/abstract/scopus_id/105023283791?field=author,affiliation, https://www.scopus.com/inward/record.uri?partnerID=HzOxMe3b&scp=105023283791&origin=inward, https://www.scopus.com/inward/citedby.uri?partnerID=HzOxMe3b&scp=105023283791&origin=inward","TITLE-ABS-KEY(""quantum machine learning"" AND medical)"
SCOPUS_ID:105030455494,2-s2.0-105030455494,Quantum Machine Learning for Classification of Left Ventricular Ejection Fraction Phenotypes from Echocardiograms,Decoodt P.,Bhi 2025 IEEE EMBS International Conference on Biomedical and Health Informatics Conference Proceedings,2025-01-01,10.1109/BHI67747.2025.11269504,,,,,0,Conference Paper,"https://api.elsevier.com/content/abstract/scopus_id/105030455494, https://api.elsevier.com/content/abstract/scopus_id/105030455494?field=author,affiliation, https://www.scopus.com/inward/record.uri?partnerID=HzOxMe3b&scp=105030455494&origin=inward, https://www.scopus.com/inward/citedby.uri?partnerID=HzOxMe3b&scp=105030455494&origin=inward","TITLE-ABS-KEY(""quantum machine learning"" AND medical)"
SCOPUS_ID:105018038493,2-s2.0-105018038493,Hybrid Quantum-Classical Neural Network for Breast Cancer Detection,Rahim M.T.,2025 International Conference on Data Science and Its Applications Icodsa 2025,2025-01-01,10.1109/ICoDSA67155.2025.11157288,,,,1256-1260,0,Conference Paper,"https://api.elsevier.com/content/abstract/scopus_id/105018038493, https://api.elsevier.com/content/abstract/scopus_id/105018038493?field=author,affiliation, https://www.scopus.com/inward/record.uri?partnerID=HzOxMe3b&scp=105018038493&origin=inward, https://www.scopus.com/inward/citedby.uri?partnerID=HzOxMe3b&scp=105018038493&origin=inward","TITLE-ABS-KEY(""quantum machine learning"" AND medical)"
SCOPUS_ID:105026934767,2-s2.0-105026934767,Quantum Nanoscience: Atomically Precise Manufacturing Meets Quantum Computation,Swan M.,Molecular Manufacturing the Future of Nanomedicine,2025-01-01,10.1201/9781003724896-3,,,,43-99,0,Book Chapter,"https://api.elsevier.com/content/abstract/scopus_id/105026934767, https://api.elsevier.com/content/abstract/scopus_id/105026934767?field=author,affiliation, https://www.scopus.com/inward/record.uri?partnerID=HzOxMe3b&scp=105026934767&origin=inward, https://www.scopus.com/inward/citedby.uri?partnerID=HzOxMe3b&scp=105026934767&origin=inward","TITLE-ABS-KEY(""quantum machine learning"" AND medical)"
SCOPUS_ID:105005599135,2-s2.0-105005599135,Quantum algorithms and complexity in healthcare applications: a systematic review with machine learning-optimized analysis,Marengo A.,Frontiers in Computer Science,2025-01-01,10.3389/fcomp.2025.1584114,,7,,,11,Review,"https://api.elsevier.com/content/abstract/scopus_id/105005599135, https://api.elsevier.com/content/abstract/scopus_id/105005599135?field=author,affiliation, https://www.scopus.com/inward/record.uri?partnerID=HzOxMe3b&scp=105005599135&origin=inward, https://www.scopus.com/inward/citedby.uri?partnerID=HzOxMe3b&scp=105005599135&origin=inward","TITLE-ABS-KEY(""quantum machine learning"" AND medical)"
SCOPUS_ID:105013619209,2-s2.0-105013619209,Multi-Quadratical Review of Heart Disease Prediction for Learning Methods,Mani S.R.,Proceedings of the 6th International Conference on Inventive Research in Computing Applications Icirca 2025,2025-01-01,10.1109/ICIRCA65293.2025.11089695,,,,1348-1354,0,Conference Paper,"https://api.elsevier.com/content/abstract/scopus_id/105013619209, https://api.elsevier.com/content/abstract/scopus_id/105013619209?field=author,affiliation, https://www.scopus.com/inward/record.uri?partnerID=HzOxMe3b&scp=105013619209&origin=inward, https://www.scopus.com/inward/citedby.uri?partnerID=HzOxMe3b&scp=105013619209&origin=inward","TITLE-ABS-KEY(""quantum machine learning"" AND medical)"
SCOPUS_ID:85219179192,2-s2.0-85219179192,"5th EAI International Conference on Cognitive Computing and Cyber Physical Systems, IC4S 2024",,Lecture Notes of the Institute for Computer Sciences Social Informatics and Telecommunications Engineering Lnicst,2025-01-01,,18678211,597 LNICST,,,0,Conference Review,"https://api.elsevier.com/content/abstract/scopus_id/85219179192, https://api.elsevier.com/content/abstract/scopus_id/85219179192?field=author,affiliation, https://www.scopus.com/inward/record.uri?partnerID=HzOxMe3b&scp=85219179192&origin=inward, https://www.scopus.com/inward/citedby.uri?partnerID=HzOxMe3b&scp=85219179192&origin=inward","TITLE-ABS-KEY(""quantum machine learning"" AND medical)"
SCOPUS_ID:85219181743,2-s2.0-85219181743,"5th EAI International Conference on Cognitive Computing and Cyber Physical Systems, IC4S 2024",,Lecture Notes of the Institute for Computer Sciences Social Informatics and Telecommunications Engineering Lnicst,2025-01-01,,18678211,599 LNICST,,,0,Conference Review,"https://api.elsevier.com/content/abstract/scopus_id/85219181743, https://api.elsevier.com/content/abstract/scopus_id/85219181743?field=author,affiliation, https://www.scopus.com/inward/record.uri?partnerID=HzOxMe3b&scp=85219181743&origin=inward, https://www.scopus.com/inward/citedby.uri?partnerID=HzOxMe3b&scp=85219181743&origin=inward","TITLE-ABS-KEY(""quantum machine learning"" AND medical)"
SCOPUS_ID:85219207448,2-s2.0-85219207448,"5th EAI International Conference on Cognitive Computing and Cyber Physical Systems, IC4S 2024",,Lecture Notes of the Institute for Computer Sciences Social Informatics and Telecommunications Engineering Lnicst,2025-01-01,,18678211,598 LNICST,,,0,Conference Review,"https://api.elsevier.com/content/abstract/scopus_id/85219207448, https://api.elsevier.com/content/abstract/scopus_id/85219207448?field=author,affiliation, https://www.scopus.com/inward/record.uri?partnerID=HzOxMe3b&scp=85219207448&origin=inward, https://www.scopus.com/inward/citedby.uri?partnerID=HzOxMe3b&scp=85219207448&origin=inward","TITLE-ABS-KEY(""quantum machine learning"" AND medical)"
SCOPUS_ID:105002729374,2-s2.0-105002729374,A Survey of Advanced Algorithms and Experimental Approaches for Kidney Abnormality Detection in Ultrasound Imaging,Chitra N.T.,3rd International Conference on Electronics and Renewable Systems Icears 2025 Proceedings,2025-01-01,10.1109/ICEARS64219.2025.10940154,,,,1838-1845,0,Conference Paper,"https://api.elsevier.com/content/abstract/scopus_id/105002729374, https://api.elsevier.com/content/abstract/scopus_id/105002729374?field=author,affiliation, https://www.scopus.com/inward/record.uri?partnerID=HzOxMe3b&scp=105002729374&origin=inward, https://www.scopus.com/inward/citedby.uri?partnerID=HzOxMe3b&scp=105002729374&origin=inward","TITLE-ABS-KEY(""quantum machine learning"" AND medical)"
SCOPUS_ID:105017954207,2-s2.0-105017954207,Quanvolutional Neural Networks for Pneumonia Detection: An Efficient Quantum-Assisted Feature Extraction Paradigm,Tanbhir G.,2025 2nd International Conference on Next Generation Computing Iot and Machine Learning Ncim 2025,2025-01-01,10.1109/NCIM65934.2025.11160275,,,,,0,Conference Paper,"https://api.elsevier.com/content/abstract/scopus_id/105017954207, https://api.elsevier.com/content/abstract/scopus_id/105017954207?field=author,affiliation, https://www.scopus.com/inward/record.uri?partnerID=HzOxMe3b&scp=105017954207&origin=inward, https://www.scopus.com/inward/citedby.uri?partnerID=HzOxMe3b&scp=105017954207&origin=inward","TITLE-ABS-KEY(""quantum machine learning"" AND medical)"
SCOPUS_ID:105004255037,2-s2.0-105004255037,Quantum Transfer Learning for Enhanced Diabetic Retinopathy Detection Using ResNet Architecture,Gupta V.,Lecture Notes in Networks and Systems,2025-01-01,10.1007/978-3-031-81080-0_53,23673370,1243 LNNS,,562-571,0,Conference Paper,"https://api.elsevier.com/content/abstract/scopus_id/105004255037, https://api.elsevier.com/content/abstract/scopus_id/105004255037?field=author,affiliation, https://www.scopus.com/inward/record.uri?partnerID=HzOxMe3b&scp=105004255037&origin=inward, https://www.scopus.com/inward/citedby.uri?partnerID=HzOxMe3b&scp=105004255037&origin=inward","TITLE-ABS-KEY(""quantum machine learning"" AND medical)"
SCOPUS_ID:105012146465,2-s2.0-105012146465,A Hybrid Classical-Quantum Model for Enhanced MRI-Based Brain Tumor Classification Using Transfer Learning and Quantum Neural Networks,Srivastava A.K.,2025 3rd International Conference on Communication Security and Artificial Intelligence Iccsai 2025,2025-01-01,10.1109/ICCSAI64074.2025.11064720,,,,225-230,2,Conference Paper,"https://api.elsevier.com/content/abstract/scopus_id/105012146465, https://api.elsevier.com/content/abstract/scopus_id/105012146465?field=author,affiliation, https://www.scopus.com/inward/record.uri?partnerID=HzOxMe3b&scp=105012146465&origin=inward, https://www.scopus.com/inward/citedby.uri?partnerID=HzOxMe3b&scp=105012146465&origin=inward","TITLE-ABS-KEY(""quantum machine learning"" AND medical)"
SCOPUS_ID:105010581744,2-s2.0-105010581744,A Hybrid Quantum-Classical Model for Breast Cancer Diagnosis with Quanvolutions,Sobrinho Y.R.,Proceedings IEEE Symposium on Computer Based Medical Systems,2025-01-01,10.1109/CBMS65348.2025.00065,10637125,,,290-296,1,Conference Paper,"https://api.elsevier.com/content/abstract/scopus_id/105010581744, https://api.elsevier.com/content/abstract/scopus_id/105010581744?field=author,affiliation, https://www.scopus.com/inward/record.uri?partnerID=HzOxMe3b&scp=105010581744&origin=inward, https://www.scopus.com/inward/citedby.uri?partnerID=HzOxMe3b&scp=105010581744&origin=inward","TITLE-ABS-KEY(""quantum machine learning"" AND medical)"
SCOPUS_ID:105006833175,2-s2.0-105006833175,Hybrid Quantum Model for Brain Tumor Classification,Ramos-Villena S.,Communications in Computer and Information Science,2025-01-01,10.1007/978-3-031-91428-7_26,18650929,2496 CCIS,,374-387,0,Conference Paper,"https://api.elsevier.com/content/abstract/scopus_id/105006833175, https://api.elsevier.com/content/abstract/scopus_id/105006833175?field=author,affiliation, https://www.scopus.com/inward/record.uri?partnerID=HzOxMe3b&scp=105006833175&origin=inward, https://www.scopus.com/inward/citedby.uri?partnerID=HzOxMe3b&scp=105006833175&origin=inward","TITLE-ABS-KEY(""quantum machine learning"" AND medical)"
SCOPUS_ID:105027039985,2-s2.0-105027039985,AI-Driven Fault Detection and Reliability Optimization in Power Systems Using Machine Learning Models for Electrical and Biomedical Applications,Shashavali P.,Advanced Materials for Biomedical Devices Insights from AI and Nanotechnology,2025-01-01,10.1201/9781003651772-4,,,,29-39,0,Book Chapter,"https://api.elsevier.com/content/abstract/scopus_id/105027039985, https://api.elsevier.com/content/abstract/scopus_id/105027039985?field=author,affiliation, https://www.scopus.com/inward/record.uri?partnerID=HzOxMe3b&scp=105027039985&origin=inward, https://www.scopus.com/inward/citedby.uri?partnerID=HzOxMe3b&scp=105027039985&origin=inward","TITLE-ABS-KEY(""quantum machine learning"" AND medical)"
SCOPUS_ID:105021732196,2-s2.0-105021732196,Biodegradable optical sensors with quantum-assisted signal processing for sustainable and high-precision sensing,Nayak A.,A Study on Next Generation Materials and Devicesv,2025-01-01,10.1201/9781003675259-34,,,,171-176,0,Book Chapter,"https://api.elsevier.com/content/abstract/scopus_id/105021732196, https://api.elsevier.com/content/abstract/scopus_id/105021732196?field=author,affiliation, https://www.scopus.com/inward/record.uri?partnerID=HzOxMe3b&scp=105021732196&origin=inward, https://www.scopus.com/inward/citedby.uri?partnerID=HzOxMe3b&scp=105021732196&origin=inward","TITLE-ABS-KEY(""quantum machine learning"" AND medical)"
SCOPUS_ID:105008420460,2-s2.0-105008420460,Detection of Autism Spectrum Disorder Using Quantum Support Vector Machines Algorithm,Zadeh A.E.,International Conference for Artificial Intelligence Applications Innovation and Ethics Ai2e 2025,2025-01-01,10.1109/AI2E64943.2025.10983511,,,,,0,Conference Paper,"https://api.elsevier.com/content/abstract/scopus_id/105008420460, https://api.elsevier.com/content/abstract/scopus_id/105008420460?field=author,affiliation, https://www.scopus.com/inward/record.uri?partnerID=HzOxMe3b&scp=105008420460&origin=inward, https://www.scopus.com/inward/citedby.uri?partnerID=HzOxMe3b&scp=105008420460&origin=inward","TITLE-ABS-KEY(""quantum machine learning"" AND medical)"
SCOPUS_ID:105016313400,2-s2.0-105016313400,Multi-VQC: A Novel QML Approach for Enhancing Healthcare Classification,Tudisco A.,Proceedings 2025 IEEE International Conference on Quantum Software Qsw 2025,2025-01-01,10.1109/QSW67625.2025.00013,,,,28-34,1,Conference Paper,"https://api.elsevier.com/content/abstract/scopus_id/105016313400, https://api.elsevier.com/content/abstract/scopus_id/105016313400?field=author,affiliation, https://www.scopus.com/inward/record.uri?partnerID=HzOxMe3b&scp=105016313400&origin=inward, https://www.scopus.com/inward/citedby.uri?partnerID=HzOxMe3b&scp=105016313400&origin=inward","TITLE-ABS-KEY(""quantum machine learning"" AND medical)"
SCOPUS_ID:105024934471,2-s2.0-105024934471,Advancing Adaptive Frequency Control and Dynamic Energy Distribution with AI-Driven Wireless Power Transfer with Deep Learning,Kumaran P.T.,2025 International Conference on Smart and Sustainable Technology Incsst 2025,2025-01-01,10.1109/INCSST64791.2025.11210403,,,,,0,Conference Paper,"https://api.elsevier.com/content/abstract/scopus_id/105024934471, https://api.elsevier.com/content/abstract/scopus_id/105024934471?field=author,affiliation, https://www.scopus.com/inward/record.uri?partnerID=HzOxMe3b&scp=105024934471&origin=inward, https://www.scopus.com/inward/citedby.uri?partnerID=HzOxMe3b&scp=105024934471&origin=inward","TITLE-ABS-KEY(""quantum machine learning"" AND medical)"
SCOPUS_ID:105017442620,2-s2.0-105017442620,Quantum-enhanced brain tumor detection using QSVM and VQC,Kumar T.,International Journal of Modern Physics C,2025-01-01,10.1142/S0129183125430041,01291831,,,,0,Article,"https://api.elsevier.com/content/abstract/scopus_id/105017442620, https://api.elsevier.com/content/abstract/scopus_id/105017442620?field=author,affiliation, https://www.scopus.com/inward/record.uri?partnerID=HzOxMe3b&scp=105017442620&origin=inward, https://www.scopus.com/inward/citedby.uri?partnerID=HzOxMe3b&scp=105017442620&origin=inward","TITLE-ABS-KEY(""quantum machine learning"" AND medical)"
SCOPUS_ID:105011155095,2-s2.0-105011155095,QHF-CS: Quantum-Enhanced Heart Failure Prediction Using Quantum CNN with Optimized Feature Qubit Selection with Cuckoo Search in Skewed Clinical Data,Kottapalle P.,Computers Materials and Continua,2025-01-01,10.32604/cmc.2025.065287,15462218,84,2,3857-3892,2,Article,"https://api.elsevier.com/content/abstract/scopus_id/105011155095, https://api.elsevier.com/content/abstract/scopus_id/105011155095?field=author,affiliation, https://www.scopus.com/inward/record.uri?partnerID=HzOxMe3b&scp=105011155095&origin=inward, https://www.scopus.com/inward/citedby.uri?partnerID=HzOxMe3b&scp=105011155095&origin=inward, https://api.elsevier.com/content/article/eid/1-s2.0-S1546221825006253","TITLE-ABS-KEY(""quantum machine learning"" AND medical)"
SCOPUS_ID:105028613812,2-s2.0-105028613812,QUANTUM-ENHANCED CANCER DETECTION FOR HISTOPATHOLOGIC IMAGES,Goyal N.,Proceedings International Conference on Image Processing Icip,2025-01-01,10.1109/ICIP55913.2025.11084595,15224880,,,1342-1347,0,Conference Paper,"https://api.elsevier.com/content/abstract/scopus_id/105028613812, https://api.elsevier.com/content/abstract/scopus_id/105028613812?field=author,affiliation, https://www.scopus.com/inward/record.uri?partnerID=HzOxMe3b&scp=105028613812&origin=inward, https://www.scopus.com/inward/citedby.uri?partnerID=HzOxMe3b&scp=105028613812&origin=inward","TITLE-ABS-KEY(""quantum machine learning"" AND medical)"
SCOPUS_ID:105030081797,2-s2.0-105030081797,QSANN-ViQ: A Lightweight Quantum Self-Attention Vision Model for Explainable and Secure Edge Image Classification,Boyapally D.,Proceedings IEEE Quantum Week 2025 Qce 2025,2025-01-01,10.1109/QCE65121.2025.10476,,2,,622-623,0,Conference Paper,"https://api.elsevier.com/content/abstract/scopus_id/105030081797, https://api.elsevier.com/content/abstract/scopus_id/105030081797?field=author,affiliation, https://www.scopus.com/inward/record.uri?partnerID=HzOxMe3b&scp=105030081797&origin=inward, https://www.scopus.com/inward/citedby.uri?partnerID=HzOxMe3b&scp=105030081797&origin=inward","TITLE-ABS-KEY(""quantum machine learning"" AND medical)"
SCOPUS_ID:105019199075,2-s2.0-105019199075,Quantum Convolutional Neural Networks for Cardiac Arrhythmia Detection from ECG Signals,Burns O.,Iise Annual Conference and Expo 2025 Conference Proceedings,2025-01-01,10.21872/2025IISE_6123,,,,621-626,0,Conference Paper,"https://api.elsevier.com/content/abstract/scopus_id/105019199075, https://api.elsevier.com/content/abstract/scopus_id/105019199075?field=author,affiliation, https://www.scopus.com/inward/record.uri?partnerID=HzOxMe3b&scp=105019199075&origin=inward, https://www.scopus.com/inward/citedby.uri?partnerID=HzOxMe3b&scp=105019199075&origin=inward","TITLE-ABS-KEY(""quantum machine learning"" AND medical)"
SCOPUS_ID:105031113657,2-s2.0-105031113657,A Hybrid Quantum-Classical Deep Learning Algorithm for Efficient Arrhythmia Classification,Ramkhelawan M.Y.,Proceedings 29th IEEE Acis International Conference on Software Engineering Artificial Intelligence Networking and Parallel Distributed Computing Snpd 2025 Summer,2025-01-01,10.1109/SNPD65828.2025.11254081,,,,405-410,0,Conference Paper,"https://api.elsevier.com/content/abstract/scopus_id/105031113657, https://api.elsevier.com/content/abstract/scopus_id/105031113657?field=author,affiliation, https://www.scopus.com/inward/record.uri?partnerID=HzOxMe3b&scp=105031113657&origin=inward, https://www.scopus.com/inward/citedby.uri?partnerID=HzOxMe3b&scp=105031113657&origin=inward","TITLE-ABS-KEY(""quantum machine learning"" AND medical)"
SCOPUS_ID:105019229724,2-s2.0-105019229724,Hybrid Quantum Convolutional Network for Spine Fracture Classification,Daniel Alejandro L.,Studies in Computational Intelligence,2025-01-01,10.1007/978-3-031-85614-3_1,1860949X,1200,,3-22,0,Book Chapter,"https://api.elsevier.com/content/abstract/scopus_id/105019229724, https://api.elsevier.com/content/abstract/scopus_id/105019229724?field=author,affiliation, https://www.scopus.com/inward/record.uri?partnerID=HzOxMe3b&scp=105019229724&origin=inward, https://www.scopus.com/inward/citedby.uri?partnerID=HzOxMe3b&scp=105019229724&origin=inward","TITLE-ABS-KEY(""quantum machine learning"" AND medical)"
SCOPUS_ID:105031384440,2-s2.0-105031384440,From EEG Signals to Early Autism Spectrum Disorder Detection: Leveraging Quantum Deep-Wavelet Neural Networks for Precision Healthcare,Seixas J.L.,2025 IEEE Latin American Conference on Computational Intelligence La Cci 2025 Conference Proceedings,2025-01-01,10.1109/LA-CCI66231.2025.11270470,,,,,0,Conference Paper,"https://api.elsevier.com/content/abstract/scopus_id/105031384440, https://api.elsevier.com/content/abstract/scopus_id/105031384440?field=author,affiliation, https://www.scopus.com/inward/record.uri?partnerID=HzOxMe3b&scp=105031384440&origin=inward, https://www.scopus.com/inward/citedby.uri?partnerID=HzOxMe3b&scp=105031384440&origin=inward","TITLE-ABS-KEY(""quantum machine learning"" AND medical)"
SCOPUS_ID:105019196991,2-s2.0-105019196991,RSNA 2024: Multi-view Quantum Deep Learning Model for Degenerative Lumbar Spine Classification,Daniel Alejandro L.,Studies in Computational Intelligence,2025-01-01,10.1007/978-3-031-85614-3_2,1860949X,1200,,23-44,0,Book Chapter,"https://api.elsevier.com/content/abstract/scopus_id/105019196991, https://api.elsevier.com/content/abstract/scopus_id/105019196991?field=author,affiliation, https://www.scopus.com/inward/record.uri?partnerID=HzOxMe3b&scp=105019196991&origin=inward, https://www.scopus.com/inward/citedby.uri?partnerID=HzOxMe3b&scp=105019196991&origin=inward","TITLE-ABS-KEY(""quantum machine learning"" AND medical)"
SCOPUS_ID:105024013566,2-s2.0-105024013566,Quantum-Optimized Probabilistic U-Net With Quantum Entropy Calibration and Active Annotation for Reliable Sparse-Label MRI Brain Lesion Segmentations,Rajesh T.M.,IEEE Access,2025-01-01,10.1109/ACCESS.2025.3639179,,13,,212266-212282,0,Article,"https://api.elsevier.com/content/abstract/scopus_id/105024013566, https://api.elsevier.com/content/abstract/scopus_id/105024013566?field=author,affiliation, https://www.scopus.com/inward/record.uri?partnerID=HzOxMe3b&scp=105024013566&origin=inward, https://www.scopus.com/inward/citedby.uri?partnerID=HzOxMe3b&scp=105024013566&origin=inward","TITLE-ABS-KEY(""quantum machine learning"" AND medical)"
SCOPUS_ID:85214848560,2-s2.0-85214848560,Quantum-Inspired Data Embedding for Unlabeled Data in Sparse Environments: A Theoretical Framework for Improved Semi-Supervised Learning without Hardware Dependence,Ray S.,Sakarya University Journal of Computer and Information Sciences,2024-12-31,10.35377/saucis...1564497,,7,3,470-481,1,Article,"https://api.elsevier.com/content/abstract/scopus_id/85214848560, https://api.elsevier.com/content/abstract/scopus_id/85214848560?field=author,affiliation, https://www.scopus.com/inward/record.uri?partnerID=HzOxMe3b&scp=85214848560&origin=inward, https://www.scopus.com/inward/citedby.uri?partnerID=HzOxMe3b&scp=85214848560&origin=inward","TITLE-ABS-KEY(""quantum machine learning"" AND medical)"
SCOPUS_ID:85211798478,2-s2.0-85211798478,Survey of Quantum Generative Adversarial Networks (QGAN) to Generate Images,Pajuhanfard M.,Mathematics,2024-12-01,10.3390/math12233852,,12,23,,11,Review,"https://api.elsevier.com/content/abstract/scopus_id/85211798478, https://api.elsevier.com/content/abstract/scopus_id/85211798478?field=author,affiliation, https://www.scopus.com/inward/record.uri?partnerID=HzOxMe3b&scp=85211798478&origin=inward, https://www.scopus.com/inward/citedby.uri?partnerID=HzOxMe3b&scp=85211798478&origin=inward","TITLE-ABS-KEY(""quantum machine learning"" AND medical)"
SCOPUS_ID:85197462613,2-s2.0-85197462613,Leveraging Quantum Kernel Support Vector Machine for breast cancer diagnosis from Digital Breast Tomosynthesis images,Aswiga R.V.,Quantum Machine Intelligence,2024-12-01,10.1007/s42484-024-00170-3,25244906,6,2,,17,Article,"https://api.elsevier.com/content/abstract/scopus_id/85197462613, https://api.elsevier.com/content/abstract/scopus_id/85197462613?field=author,affiliation, https://www.scopus.com/inward/record.uri?partnerID=HzOxMe3b&scp=85197462613&origin=inward, https://www.scopus.com/inward/citedby.uri?partnerID=HzOxMe3b&scp=85197462613&origin=inward","TITLE-ABS-KEY(""quantum machine learning"" AND medical)"
SCOPUS_ID:85209149163,2-s2.0-85209149163,Federated learning with tensor networks: a quantum AI framework for healthcare,Singh Bhatia A.,Machine Learning Science and Technology,2024-12-01,10.1088/2632-2153/ad8c11,,5,4,,9,Article,"https://api.elsevier.com/content/abstract/scopus_id/85209149163, https://api.elsevier.com/content/abstract/scopus_id/85209149163?field=author,affiliation, https://www.scopus.com/inward/record.uri?partnerID=HzOxMe3b&scp=85209149163&origin=inward, https://www.scopus.com/inward/citedby.uri?partnerID=HzOxMe3b&scp=85209149163&origin=inward","TITLE-ABS-KEY(""quantum machine learning"" AND medical)"
SCOPUS_ID:85206966631,2-s2.0-85206966631,Quantum classical hybrid convolutional neural networks for breast cancer diagnosis,Xiang Q.,Scientific Reports,2024-12-01,10.1038/s41598-024-74778-7,,14,1,,21,Article,"https://api.elsevier.com/content/abstract/scopus_id/85206966631, https://api.elsevier.com/content/abstract/scopus_id/85206966631?field=author,affiliation, https://www.scopus.com/inward/record.uri?partnerID=HzOxMe3b&scp=85206966631&origin=inward, https://www.scopus.com/inward/citedby.uri?partnerID=HzOxMe3b&scp=85206966631&origin=inward","TITLE-ABS-KEY(""quantum machine learning"" AND medical)"
SCOPUS_ID:85206277801,2-s2.0-85206277801,PART II: Introduction to quantum machine learning: Machine learning with unsupervised quantum models,Radhabai P.R.,Quantum Machine Learning A Modern Approach,2024-10-28,10.1201/9781003429654-6,,,,97-134,0,Book Chapter,"https://api.elsevier.com/content/abstract/scopus_id/85206277801, https://api.elsevier.com/content/abstract/scopus_id/85206277801?field=author,affiliation, https://www.scopus.com/inward/record.uri?partnerID=HzOxMe3b&scp=85206277801&origin=inward, https://www.scopus.com/inward/citedby.uri?partnerID=HzOxMe3b&scp=85206277801&origin=inward","TITLE-ABS-KEY(""quantum machine learning"" AND medical)"
SCOPUS_ID:85189649284,2-s2.0-85189649284,Hardware-efficient quantum principal component analysis for medical image recognition,Lin Z.,Frontiers of Physics,2024-10-01,10.1007/s11467-024-1391-x,20950462,19,5,,6,Article,"https://api.elsevier.com/content/abstract/scopus_id/85189649284, https://api.elsevier.com/content/abstract/scopus_id/85189649284?field=author,affiliation, https://www.scopus.com/inward/record.uri?partnerID=HzOxMe3b&scp=85189649284&origin=inward, https://www.scopus.com/inward/citedby.uri?partnerID=HzOxMe3b&scp=85189649284&origin=inward","TITLE-ABS-KEY(""quantum machine learning"" AND medical)"
SCOPUS_ID:85200787508,2-s2.0-85200787508,Hybrid Quantum Neural Network Approaches to Protein–Ligand Binding Affinity Prediction,Avramouli M.,Mathematics,2024-08-01,10.3390/math12152372,,12,15,,4,Article,"https://api.elsevier.com/content/abstract/scopus_id/85200787508, https://api.elsevier.com/content/abstract/scopus_id/85200787508?field=author,affiliation, https://www.scopus.com/inward/record.uri?partnerID=HzOxMe3b&scp=85200787508&origin=inward, https://www.scopus.com/inward/citedby.uri?partnerID=HzOxMe3b&scp=85200787508&origin=inward","TITLE-ABS-KEY(""quantum machine learning"" AND medical)"
SCOPUS_ID:85185393473,2-s2.0-85185393473,Optical wearable sensor based dance motion detection in health monitoring system using quantum machine learning model,Hou Y.,Optical and Quantum Electronics,2024-04-01,10.1007/s11082-023-06143-3,03068919,56,4,,6,Article,"https://api.elsevier.com/content/abstract/scopus_id/85185393473, https://api.elsevier.com/content/abstract/scopus_id/85185393473?field=author,affiliation, https://www.scopus.com/inward/record.uri?partnerID=HzOxMe3b&scp=85185393473&origin=inward, https://www.scopus.com/inward/citedby.uri?partnerID=HzOxMe3b&scp=85185393473&origin=inward","TITLE-ABS-KEY(""quantum machine learning"" AND medical)"
SCOPUS_ID:85186088685,2-s2.0-85186088685,AUTOMATED DETECTION of PARKINSON'S DISEASE BASED on HYBRID CNN and QUANTUM MACHINE LEARNING TECHNIQUES in MRI IMAGES,Ahalya R.K.,Biomedical Engineering Applications Basis and Communications,2024-04-01,10.4015/S1016237224500054,10162372,36,2,,14,Article,"https://api.elsevier.com/content/abstract/scopus_id/85186088685, https://api.elsevier.com/content/abstract/scopus_id/85186088685?field=author,affiliation, https://www.scopus.com/inward/record.uri?partnerID=HzOxMe3b&scp=85186088685&origin=inward, https://www.scopus.com/inward/citedby.uri?partnerID=HzOxMe3b&scp=85186088685&origin=inward","TITLE-ABS-KEY(""quantum machine learning"" AND medical)"
SCOPUS_ID:85187207121,2-s2.0-85187207121,Quantum machine learning for image classification,Senokosov A.,Machine Learning Science and Technology,2024-03-01,10.1088/2632-2153/ad2aef,,5,1,,114,Article,"https://api.elsevier.com/content/abstract/scopus_id/85187207121, https://api.elsevier.com/content/abstract/scopus_id/85187207121?field=author,affiliation, https://www.scopus.com/inward/record.uri?partnerID=HzOxMe3b&scp=85187207121&origin=inward, https://www.scopus.com/inward/citedby.uri?partnerID=HzOxMe3b&scp=85187207121&origin=inward","TITLE-ABS-KEY(""quantum machine learning"" AND medical)"
SCOPUS_ID:85183317913,2-s2.0-85183317913,E-healthcare application cyber security analysis using quantum machine learning in malicious user detection,Liu Z.,Optical and Quantum Electronics,2024-03-01,10.1007/s11082-023-05854-x,03068919,56,3,,11,Article,"https://api.elsevier.com/content/abstract/scopus_id/85183317913, https://api.elsevier.com/content/abstract/scopus_id/85183317913?field=author,affiliation, https://www.scopus.com/inward/record.uri?partnerID=HzOxMe3b&scp=85183317913&origin=inward, https://www.scopus.com/inward/citedby.uri?partnerID=HzOxMe3b&scp=85183317913&origin=inward","TITLE-ABS-KEY(""quantum machine learning"" AND medical)"
SCOPUS_ID:85187430815,2-s2.0-85187430815,Hybrid Quantum Image Classification and Federated Learning for Hepatic Steatosis Diagnosis,Lusnig L.,Diagnostics,2024-03-01,10.3390/diagnostics14050558,,14,5,,27,Article,"https://api.elsevier.com/content/abstract/scopus_id/85187430815, https://api.elsevier.com/content/abstract/scopus_id/85187430815?field=author,affiliation, https://www.scopus.com/inward/record.uri?partnerID=HzOxMe3b&scp=85187430815&origin=inward, https://www.scopus.com/inward/citedby.uri?partnerID=HzOxMe3b&scp=85187430815&origin=inward, https://api.elsevier.com/content/article/eid/1-s2.0-S2075441824017889","TITLE-ABS-KEY(""quantum machine learning"" AND medical)"
SCOPUS_ID:85133762247,2-s2.0-85133762247,Quantum-Assisted activation for supervised learning in healthcare-based intrusion detection systems,Laxminarayana N.,IEEE Transactions on Artificial Intelligence,2024-03-01,10.1109/TAI.2022.3187676,,5,3,977-984,17,Retracted,"https://api.elsevier.com/content/abstract/scopus_id/85133762247, https://api.elsevier.com/content/abstract/scopus_id/85133762247?field=author,affiliation, https://www.scopus.com/inward/record.uri?partnerID=HzOxMe3b&scp=85133762247&origin=inward, https://www.scopus.com/inward/citedby.uri?partnerID=HzOxMe3b&scp=85133762247&origin=inward","TITLE-ABS-KEY(""quantum machine learning"" AND medical)"
SCOPUS_ID:85181705217,2-s2.0-85181705217,HQF-CC: hybrid framework for automated respiratory disease detection based on quantum feature extractor and custom classifier model using chest X-rays,Eswara Rao G.V.,International Journal of Information Technology Singapore,2024-02-01,10.1007/s41870-023-01681-1,25112104,16,2,1145-1153,14,Article,"https://api.elsevier.com/content/abstract/scopus_id/85181705217, https://api.elsevier.com/content/abstract/scopus_id/85181705217?field=author,affiliation, https://www.scopus.com/inward/record.uri?partnerID=HzOxMe3b&scp=85181705217&origin=inward, https://www.scopus.com/inward/citedby.uri?partnerID=HzOxMe3b&scp=85181705217&origin=inward","TITLE-ABS-KEY(""quantum machine learning"" AND medical)"
SCOPUS_ID:85182357054,2-s2.0-85182357054,A Fusion of Supervised Contrastive Learning and Variational Quantum Classifiers,Kottahachchi Kankanamge Don A.,IEEE Transactions on Consumer Electronics,2024-02-01,10.1109/TCE.2024.3351649,00983063,70,1,770-779,11,Article,"https://api.elsevier.com/content/abstract/scopus_id/85182357054, https://api.elsevier.com/content/abstract/scopus_id/85182357054?field=author,affiliation, https://www.scopus.com/inward/record.uri?partnerID=HzOxMe3b&scp=85182357054&origin=inward, https://www.scopus.com/inward/citedby.uri?partnerID=HzOxMe3b&scp=85182357054&origin=inward","TITLE-ABS-KEY(""quantum machine learning"" AND medical)"
SCOPUS_ID:85218407875,2-s2.0-85218407875,Quantum Machine Learning for the Future Medical Analysis: A Comprehensive Review and Future Prospects,Babitha Lincy R.,Proceedings of the 9th International Conference on Communication and Electronics Systems Icces 2024,2024-01-01,10.1109/ICCES63552.2024.10859869,,,,1256-1261,0,Conference Paper,"https://api.elsevier.com/content/abstract/scopus_id/85218407875, https://api.elsevier.com/content/abstract/scopus_id/85218407875?field=author,affiliation, https://www.scopus.com/inward/record.uri?partnerID=HzOxMe3b&scp=85218407875&origin=inward, https://www.scopus.com/inward/citedby.uri?partnerID=HzOxMe3b&scp=85218407875&origin=inward","TITLE-ABS-KEY(""quantum machine learning"" AND medical)"
SCOPUS_ID:85187447187,2-s2.0-85187447187,Telemedicine Enhanced with Quantum Machine Learning for Secure and Real-Time Medical Diagnosis,Indumathi N.,International Journal of Intelligent Systems and Applications in Engineering,2024-01-01,,,12,15s,195-201,3,Article,"https://api.elsevier.com/content/abstract/scopus_id/85187447187, https://api.elsevier.com/content/abstract/scopus_id/85187447187?field=author,affiliation, https://www.scopus.com/inward/record.uri?partnerID=HzOxMe3b&scp=85187447187&origin=inward, https://www.scopus.com/inward/citedby.uri?partnerID=HzOxMe3b&scp=85187447187&origin=inward","TITLE-ABS-KEY(""quantum machine learning"" AND medical)"
SCOPUS_ID:105000854316,2-s2.0-105000854316,Quantum Machine Learning for Computer Vision: A Survey,Islam M.M.,Proceedings 2024 International Conference on Machine Learning and Applications Icmla 2024,2024-01-01,10.1109/ICMLA61862.2024.00282,,,,1827-1832,2,Conference Paper,"https://api.elsevier.com/content/abstract/scopus_id/105000854316, https://api.elsevier.com/content/abstract/scopus_id/105000854316?field=author,affiliation, https://www.scopus.com/inward/record.uri?partnerID=HzOxMe3b&scp=105000854316&origin=inward, https://www.scopus.com/inward/citedby.uri?partnerID=HzOxMe3b&scp=105000854316&origin=inward","TITLE-ABS-KEY(""quantum machine learning"" AND medical)"
SCOPUS_ID:85187661741,2-s2.0-85187661741,"Exploring Quantum Machine Learning for Early Disease Detection: Perspectives, Challenges, and Opportunities",Singh M.,Lecture Notes in Computer Science Including Subseries Lecture Notes in Artificial Intelligence and Lecture Notes in Bioinformatics,2024-01-01,10.1007/978-3-031-53827-8_22,03029743,14531 LNCS,,226-242,0,Conference Paper,"https://api.elsevier.com/content/abstract/scopus_id/85187661741, https://api.elsevier.com/content/abstract/scopus_id/85187661741?field=author,affiliation, https://www.scopus.com/inward/record.uri?partnerID=HzOxMe3b&scp=85187661741&origin=inward, https://www.scopus.com/inward/citedby.uri?partnerID=HzOxMe3b&scp=85187661741&origin=inward","TITLE-ABS-KEY(""quantum machine learning"" AND medical)"
SCOPUS_ID:85217691290,2-s2.0-85217691290,A Review on Quantum Machine Learning in Different Computer Vision Fields,Islam M.M.,Conference Proceedings of the IEEE International Performance Computing and Communications Conference,2024-01-01,10.1109/IPCCC59868.2024.10850394,10972641,,,,1,Conference Paper,"https://api.elsevier.com/content/abstract/scopus_id/85217691290, https://api.elsevier.com/content/abstract/scopus_id/85217691290?field=author,affiliation, https://www.scopus.com/inward/record.uri?partnerID=HzOxMe3b&scp=85217691290&origin=inward, https://www.scopus.com/inward/citedby.uri?partnerID=HzOxMe3b&scp=85217691290&origin=inward","TITLE-ABS-KEY(""quantum machine learning"" AND medical)"
SCOPUS_ID:85218047635,2-s2.0-85218047635,Abdominal Trauma Detection using Hybrid Quantum Machine Learning,Islam M.M.,Proceedings 2024 IEEE International Conference on Big Data Bigdata 2024,2024-01-01,10.1109/BigData62323.2024.10825833,26391589,,,4497-4506,2,Conference Paper,"https://api.elsevier.com/content/abstract/scopus_id/85218047635, https://api.elsevier.com/content/abstract/scopus_id/85218047635?field=author,affiliation, https://www.scopus.com/inward/record.uri?partnerID=HzOxMe3b&scp=85218047635&origin=inward, https://www.scopus.com/inward/citedby.uri?partnerID=HzOxMe3b&scp=85218047635&origin=inward","TITLE-ABS-KEY(""quantum machine learning"" AND medical)"
SCOPUS_ID:85200256056,2-s2.0-85200256056,Exploring Quantum Machine Learning for Enhanced Skin Lesion Classification: A Comparative Study of Implementation Methods,Reka S.S.,IEEE Access,2024-01-01,10.1109/ACCESS.2024.3434681,,12,,104568-104584,22,Article,"https://api.elsevier.com/content/abstract/scopus_id/85200256056, https://api.elsevier.com/content/abstract/scopus_id/85200256056?field=author,affiliation, https://www.scopus.com/inward/record.uri?partnerID=HzOxMe3b&scp=85200256056&origin=inward, https://www.scopus.com/inward/citedby.uri?partnerID=HzOxMe3b&scp=85200256056&origin=inward","TITLE-ABS-KEY(""quantum machine learning"" AND medical)"
SCOPUS_ID:105011253748,2-s2.0-105011253748,An Innovative Approach of Design & Implementation of Quantum Machine Learning (QML) using AINN Algorithms,Tiwari R.,3rd International Conference on Advances in Computing Communication and Materials Icaccm 2024,2024-01-01,10.1109/ICACCM61117.2024.11059197,,,,,0,Conference Paper,"https://api.elsevier.com/content/abstract/scopus_id/105011253748, https://api.elsevier.com/content/abstract/scopus_id/105011253748?field=author,affiliation, https://www.scopus.com/inward/record.uri?partnerID=HzOxMe3b&scp=105011253748&origin=inward, https://www.scopus.com/inward/citedby.uri?partnerID=HzOxMe3b&scp=105011253748&origin=inward","TITLE-ABS-KEY(""quantum machine learning"" AND medical)"
SCOPUS_ID:85211838956,2-s2.0-85211838956,Quantifying the performance of quantum machine learning algorithms for heart valve detection using H-Bert classifier,Suresh Kumar K.,Exploring Intelligent Healthcare with Quantum Computing,2024-01-01,10.1049/PBHE060E_ch14,,,,279-298,1,Book Chapter,"https://api.elsevier.com/content/abstract/scopus_id/85211838956, https://api.elsevier.com/content/abstract/scopus_id/85211838956?field=author,affiliation, https://www.scopus.com/inward/record.uri?partnerID=HzOxMe3b&scp=85211838956&origin=inward, https://www.scopus.com/inward/citedby.uri?partnerID=HzOxMe3b&scp=85211838956&origin=inward","TITLE-ABS-KEY(""quantum machine learning"" AND medical)"
SCOPUS_ID:85217171435,2-s2.0-85217171435,HN-PQE: Hardware-Native Parameterized Quantum Embedding for Noise-Resilient Classifications of Medical Signals and Images,Moser P.,Proceedings IEEE Quantum Week 2024 Qce 2024,2024-01-01,10.1109/QCE60285.2024.10372,,2,,494-495,1,Conference Paper,"https://api.elsevier.com/content/abstract/scopus_id/85217171435, https://api.elsevier.com/content/abstract/scopus_id/85217171435?field=author,affiliation, https://www.scopus.com/inward/record.uri?partnerID=HzOxMe3b&scp=85217171435&origin=inward, https://www.scopus.com/inward/citedby.uri?partnerID=HzOxMe3b&scp=85217171435&origin=inward","TITLE-ABS-KEY(""quantum machine learning"" AND medical)"
SCOPUS_ID:85182923486,2-s2.0-85182923486,Quantum Machine Learning Revolution in Healthcare: A Systematic Review of Emerging Perspectives and Applications,Ullah U.,IEEE Access,2024-01-01,10.1109/ACCESS.2024.3353461,,12,,11423-11450,119,Article,"https://api.elsevier.com/content/abstract/scopus_id/85182923486, https://api.elsevier.com/content/abstract/scopus_id/85182923486?field=author,affiliation, https://www.scopus.com/inward/record.uri?partnerID=HzOxMe3b&scp=85182923486&origin=inward, https://www.scopus.com/inward/citedby.uri?partnerID=HzOxMe3b&scp=85182923486&origin=inward","TITLE-ABS-KEY(""quantum machine learning"" AND medical)"
SCOPUS_ID:85208245572,2-s2.0-85208245572,Heart Disease Prediction Using Bagging QSVC Algorithm,Santhiya C.,Lecture Notes in Networks and Systems,2024-01-01,10.1007/978-981-97-6588-1_16,23673370,1108 LNNS,,203-214,0,Conference Paper,"https://api.elsevier.com/content/abstract/scopus_id/85208245572, https://api.elsevier.com/content/abstract/scopus_id/85208245572?field=author,affiliation, https://www.scopus.com/inward/record.uri?partnerID=HzOxMe3b&scp=85208245572&origin=inward, https://www.scopus.com/inward/citedby.uri?partnerID=HzOxMe3b&scp=85208245572&origin=inward","TITLE-ABS-KEY(""quantum machine learning"" AND medical)"
SCOPUS_ID:85219332269,2-s2.0-85219332269,Beyond Traditional Machine Learning: Investigating Quantum Approaches to Parkinson's Disease Diagnosis,Yadav P.,Proceedings of the 2024 3rd Edition of IEEE Delhi Section Flagship Conference Delcon 2024,2024-01-01,10.1109/DELCON64804.2024.10867153,,,,,1,Conference Paper,"https://api.elsevier.com/content/abstract/scopus_id/85219332269, https://api.elsevier.com/content/abstract/scopus_id/85219332269?field=author,affiliation, https://www.scopus.com/inward/record.uri?partnerID=HzOxMe3b&scp=85219332269&origin=inward, https://www.scopus.com/inward/citedby.uri?partnerID=HzOxMe3b&scp=85219332269&origin=inward","TITLE-ABS-KEY(""quantum machine learning"" AND medical)"
SCOPUS_ID:105009099223,2-s2.0-105009099223,Enhanced Hybrid Quantum Neural Network for Breast Cancer Detection,Rifat R.C.,2024 27th International Conference on Computer and Information Technology Iccit 2024 Proceedings,2024-01-01,10.1109/ICCIT64611.2024.11021989,,,,1464-1469,2,Conference Paper,"https://api.elsevier.com/content/abstract/scopus_id/105009099223, https://api.elsevier.com/content/abstract/scopus_id/105009099223?field=author,affiliation, https://www.scopus.com/inward/record.uri?partnerID=HzOxMe3b&scp=105009099223&origin=inward, https://www.scopus.com/inward/citedby.uri?partnerID=HzOxMe3b&scp=105009099223&origin=inward","TITLE-ABS-KEY(""quantum machine learning"" AND medical)"
SCOPUS_ID:85181682401,2-s2.0-85181682401,Quantum-inspired hybrid algorithm for image classification and segmentation: Q-Means++ max-cut method,Roy S.K.,International Journal of Imaging Systems and Technology,2024-01-01,10.1002/ima.23015,08999457,34,1,,5,Article,"https://api.elsevier.com/content/abstract/scopus_id/85181682401, https://api.elsevier.com/content/abstract/scopus_id/85181682401?field=author,affiliation, https://www.scopus.com/inward/record.uri?partnerID=HzOxMe3b&scp=85181682401&origin=inward, https://www.scopus.com/inward/citedby.uri?partnerID=HzOxMe3b&scp=85181682401&origin=inward","TITLE-ABS-KEY(""quantum machine learning"" AND medical)"
SCOPUS_ID:85217430202,2-s2.0-85217430202,"An Empirical Analysis of Realistic Noise in Quantum Neural Networks for Medical Classifications of Tabular, Signal and Imaging Data",Moser P.,Proceedings IEEE Quantum Week 2024 Qce 2024,2024-01-01,10.1109/QCE60285.2024.00191,,1,,1639-1644,1,Conference Paper,"https://api.elsevier.com/content/abstract/scopus_id/85217430202, https://api.elsevier.com/content/abstract/scopus_id/85217430202?field=author,affiliation, https://www.scopus.com/inward/record.uri?partnerID=HzOxMe3b&scp=85217430202&origin=inward, https://www.scopus.com/inward/citedby.uri?partnerID=HzOxMe3b&scp=85217430202&origin=inward","TITLE-ABS-KEY(""quantum machine learning"" AND medical)"
SCOPUS_ID:85207835297,2-s2.0-85207835297,Understanding the Effects of Data Encoding on Quantum-Classical Convolutional Neural Networks,Monnet M.,Proceedings IEEE Quantum Week 2024 Qce 2024,2024-01-01,10.1109/QCE60285.2024.00170,,1,,1436-1446,5,Conference Paper,"https://api.elsevier.com/content/abstract/scopus_id/85207835297, https://api.elsevier.com/content/abstract/scopus_id/85207835297?field=author,affiliation, https://www.scopus.com/inward/record.uri?partnerID=HzOxMe3b&scp=85207835297&origin=inward, https://www.scopus.com/inward/citedby.uri?partnerID=HzOxMe3b&scp=85207835297&origin=inward","TITLE-ABS-KEY(""quantum machine learning"" AND medical)"
SCOPUS_ID:85215978308,2-s2.0-85215978308,"1st International Conference on Intelligent Computing and Big Data Analytics, ICICBDA 2024",,Communications in Computer and Information Science,2024-01-01,,18650929,2235 CCIS,,,0,Conference Review,"https://api.elsevier.com/content/abstract/scopus_id/85215978308, https://api.elsevier.com/content/abstract/scopus_id/85215978308?field=author,affiliation, https://www.scopus.com/inward/record.uri?partnerID=HzOxMe3b&scp=85215978308&origin=inward, https://www.scopus.com/inward/citedby.uri?partnerID=HzOxMe3b&scp=85215978308&origin=inward","TITLE-ABS-KEY(""quantum machine learning"" AND medical)"
SCOPUS_ID:85215818497,2-s2.0-85215818497,"1st International Conference on Intelligent Computing and Big Data Analytics, ICICBDA 2024",,Communications in Computer and Information Science,2024-01-01,,18650929,2234 CCIS,,,0,Conference Review,"https://api.elsevier.com/content/abstract/scopus_id/85215818497, https://api.elsevier.com/content/abstract/scopus_id/85215818497?field=author,affiliation, https://www.scopus.com/inward/record.uri?partnerID=HzOxMe3b&scp=85215818497&origin=inward, https://www.scopus.com/inward/citedby.uri?partnerID=HzOxMe3b&scp=85215818497&origin=inward","TITLE-ABS-KEY(""quantum machine learning"" AND medical)"
SCOPUS_ID:85195957701,2-s2.0-85195957701,Computer Aided Diagnosis for COVID-19 with Quantum Computing and Transfer Learning,Alejandro Lopez D.,Studies in Computational Intelligence,2024-01-01,10.1007/978-3-031-55684-5_6,1860949X,1149,,67-88,2,Book Chapter,"https://api.elsevier.com/content/abstract/scopus_id/85195957701, https://api.elsevier.com/content/abstract/scopus_id/85195957701?field=author,affiliation, https://www.scopus.com/inward/record.uri?partnerID=HzOxMe3b&scp=85195957701&origin=inward, https://www.scopus.com/inward/citedby.uri?partnerID=HzOxMe3b&scp=85195957701&origin=inward","TITLE-ABS-KEY(""quantum machine learning"" AND medical)"
SCOPUS_ID:105004573793,2-s2.0-105004573793,"Utilizing Quantum Variational Circuits to Perform Quantum Convolutions in Hybrid ""Quanvolutional"" Neural Networks for Skin Cancer Detection",Gode I.,2024 International Conference on Image Processing Computer Vision and Machine Learning Icicml 2024,2024-01-01,10.1109/ICICML63543.2024.10957945,,,,2034-2037,0,Conference Paper,"https://api.elsevier.com/content/abstract/scopus_id/105004573793, https://api.elsevier.com/content/abstract/scopus_id/105004573793?field=author,affiliation, https://www.scopus.com/inward/record.uri?partnerID=HzOxMe3b&scp=105004573793&origin=inward, https://www.scopus.com/inward/citedby.uri?partnerID=HzOxMe3b&scp=105004573793&origin=inward","TITLE-ABS-KEY(""quantum machine learning"" AND medical)"
SCOPUS_ID:85214806400,2-s2.0-85214806400,Integrating Quantum Principles with Classical Transfer Learning Approaches for Pneumonia Detection from Chest Radiographs,Baral B.,4th International Conference on Sustainable Expert Systems Icses 2024 Proceedings,2024-01-01,10.1109/ICSES63445.2024.10763087,,,,1042-1049,2,Conference Paper,"https://api.elsevier.com/content/abstract/scopus_id/85214806400, https://api.elsevier.com/content/abstract/scopus_id/85214806400?field=author,affiliation, https://www.scopus.com/inward/record.uri?partnerID=HzOxMe3b&scp=85214806400&origin=inward, https://www.scopus.com/inward/citedby.uri?partnerID=HzOxMe3b&scp=85214806400&origin=inward","TITLE-ABS-KEY(""quantum machine learning"" AND medical)"
SCOPUS_ID:105009762901,2-s2.0-105009762901,Machine Learning Theory and Applications: Hands-on Use Cases with Python on Classical and Quantum Machines,Vasques X.,Machine Learning Theory and Applications Hands on Use Cases with Python on Classical and Quantum Machines,2024-01-01,10.1002/9781394220649,,,,1-487,13,Book,"https://api.elsevier.com/content/abstract/scopus_id/105009762901, https://api.elsevier.com/content/abstract/scopus_id/105009762901?field=author,affiliation, https://www.scopus.com/inward/record.uri?partnerID=HzOxMe3b&scp=105009762901&origin=inward, https://www.scopus.com/inward/citedby.uri?partnerID=HzOxMe3b&scp=105009762901&origin=inward","TITLE-ABS-KEY(""quantum machine learning"" AND medical)"
SCOPUS_ID:85217386949,2-s2.0-85217386949,Expanding the Horizon: Enabling Hybrid Quantum Transfer Learning for Long-Tailed Chest X-Ray Classification,Chan S.,Proceedings IEEE Quantum Week 2024 Qce 2024,2024-01-01,10.1109/QCE60285.2024.00073,,1,,572-582,2,Conference Paper,"https://api.elsevier.com/content/abstract/scopus_id/85217386949, https://api.elsevier.com/content/abstract/scopus_id/85217386949?field=author,affiliation, https://www.scopus.com/inward/record.uri?partnerID=HzOxMe3b&scp=85217386949&origin=inward, https://www.scopus.com/inward/citedby.uri?partnerID=HzOxMe3b&scp=85217386949&origin=inward","TITLE-ABS-KEY(""quantum machine learning"" AND medical)"
SCOPUS_ID:85215765809,2-s2.0-85215765809,Leveraging Quantum Artificial Intelligence for Intelligent Face Recognition on the Internet of Medical Things (IoMT) for Smart City Surveillance,Chengxi H.,Lecture Notes in Networks and Systems,2024-01-01,10.1007/978-3-031-50887-5_1,23673370,874 LNNS,,3-15,0,Conference Paper,"https://api.elsevier.com/content/abstract/scopus_id/85215765809, https://api.elsevier.com/content/abstract/scopus_id/85215765809?field=author,affiliation, https://www.scopus.com/inward/record.uri?partnerID=HzOxMe3b&scp=85215765809&origin=inward, https://www.scopus.com/inward/citedby.uri?partnerID=HzOxMe3b&scp=85215765809&origin=inward","TITLE-ABS-KEY(""quantum machine learning"" AND medical)"
SCOPUS_ID:85196103044,2-s2.0-85196103044,Severity Classification of COVID-19 from Chest CT Image using Integrated Quantum-Classical Framework,Singh P.,7th International Conference on Inventive Computation Technologies Icict 2024,2024-01-01,10.1109/ICICT60155.2024.10544406,,,,252-259,1,Conference Paper,"https://api.elsevier.com/content/abstract/scopus_id/85196103044, https://api.elsevier.com/content/abstract/scopus_id/85196103044?field=author,affiliation, https://www.scopus.com/inward/record.uri?partnerID=HzOxMe3b&scp=85196103044&origin=inward, https://www.scopus.com/inward/citedby.uri?partnerID=HzOxMe3b&scp=85196103044&origin=inward","TITLE-ABS-KEY(""quantum machine learning"" AND medical)"
SCOPUS_ID:85204471580,2-s2.0-85204471580,Quantum Convolutional Neural Network for Medical Image Classification: A Hybrid Model,Khatoniar R.,Tqcebt 2024 2nd IEEE International Conference on Trends in Quantum Computing and Emerging Business Technologies 2024,2024-01-01,10.1109/TQCEBT59414.2024.10545121,,,,,2,Conference Paper,"https://api.elsevier.com/content/abstract/scopus_id/85204471580, https://api.elsevier.com/content/abstract/scopus_id/85204471580?field=author,affiliation, https://www.scopus.com/inward/record.uri?partnerID=HzOxMe3b&scp=85204471580&origin=inward, https://www.scopus.com/inward/citedby.uri?partnerID=HzOxMe3b&scp=85204471580&origin=inward","TITLE-ABS-KEY(""quantum machine learning"" AND medical)"
SCOPUS_ID:85197918210,2-s2.0-85197918210,A Novel Approach to Breast Cancer Histopathological Image Classification Using Cross-colour Space Feature Fusion and Quantum–Classical Stack Ensemble Method,Mallick S.,Lecture Notes in Networks and Systems,2024-01-01,10.1007/978-981-97-1841-2_2,23673370,955 LNNS,,15-26,4,Conference Paper,"https://api.elsevier.com/content/abstract/scopus_id/85197918210, https://api.elsevier.com/content/abstract/scopus_id/85197918210?field=author,affiliation, https://www.scopus.com/inward/record.uri?partnerID=HzOxMe3b&scp=85197918210&origin=inward, https://www.scopus.com/inward/citedby.uri?partnerID=HzOxMe3b&scp=85197918210&origin=inward","TITLE-ABS-KEY(""quantum machine learning"" AND medical)"
SCOPUS_ID:85219564983,2-s2.0-85219564983,Revolutionizing Heart Disease Prediction with Quantum-Enhanced Support Vector Machines,Jessika S.S.,Cins 2024 2nd International Conference on Computational Intelligence and Network Systems,2024-01-01,10.1109/CINS63881.2024.10864449,,,,,0,Conference Paper,"https://api.elsevier.com/content/abstract/scopus_id/85219564983, https://api.elsevier.com/content/abstract/scopus_id/85219564983?field=author,affiliation, https://www.scopus.com/inward/record.uri?partnerID=HzOxMe3b&scp=85219564983&origin=inward, https://www.scopus.com/inward/citedby.uri?partnerID=HzOxMe3b&scp=85219564983&origin=inward","TITLE-ABS-KEY(""quantum machine learning"" AND medical)"
SCOPUS_ID:85216549396,2-s2.0-85216549396,Hybrid Neural Network Based on Parameterized Quantum Circuits for Image Classification,Zhang J.,Proceedings 2024 Cross Strait Radio Science and Wireless Technology Conference Csrswtc 2024,2024-01-01,10.1109/CSRSWTC64338.2024.10811600,,,,,1,Conference Paper,"https://api.elsevier.com/content/abstract/scopus_id/85216549396, https://api.elsevier.com/content/abstract/scopus_id/85216549396?field=author,affiliation, https://www.scopus.com/inward/record.uri?partnerID=HzOxMe3b&scp=85216549396&origin=inward, https://www.scopus.com/inward/citedby.uri?partnerID=HzOxMe3b&scp=85216549396&origin=inward","TITLE-ABS-KEY(""quantum machine learning"" AND medical)"
SCOPUS_ID:85212061167,2-s2.0-85212061167,Comprehensive Analysis on Image Generation using Quantum Generative Adversarial Network,Solanki A.,Proceedings 2024 1st International Conference on Technological Innovations and Advance Computing Tiacomp 2024,2024-01-01,10.1109/TIACOMP64125.2024.00057,,,,302-307,0,Conference Paper,"https://api.elsevier.com/content/abstract/scopus_id/85212061167, https://api.elsevier.com/content/abstract/scopus_id/85212061167?field=author,affiliation, https://www.scopus.com/inward/record.uri?partnerID=HzOxMe3b&scp=85212061167&origin=inward, https://www.scopus.com/inward/citedby.uri?partnerID=HzOxMe3b&scp=85212061167&origin=inward","TITLE-ABS-KEY(""quantum machine learning"" AND medical)"
SCOPUS_ID:85190264096,2-s2.0-85190264096,Hybrid Classical and Quantum Deep Learning Models for Medical Image Classification,Mazher M.,Proceedings of International Conference on Artificial Life and Robotics,2024-01-01,,,,,222-226,4,Conference Paper,"https://api.elsevier.com/content/abstract/scopus_id/85190264096, https://api.elsevier.com/content/abstract/scopus_id/85190264096?field=author,affiliation, https://www.scopus.com/inward/record.uri?partnerID=HzOxMe3b&scp=85190264096&origin=inward, https://www.scopus.com/inward/citedby.uri?partnerID=HzOxMe3b&scp=85190264096&origin=inward","TITLE-ABS-KEY(""quantum machine learning"" AND medical)"
SCOPUS_ID:85211840237,2-s2.0-85211840237,"Quantum computing applications in healthcare: revolutionizing diagnosis, treatment, and data security",Mathew R.M.,Exploring Intelligent Healthcare with Quantum Computing,2024-01-01,10.1049/PBHE060E_ch9,,,,165-180,0,Book Chapter,"https://api.elsevier.com/content/abstract/scopus_id/85211840237, https://api.elsevier.com/content/abstract/scopus_id/85211840237?field=author,affiliation, https://www.scopus.com/inward/record.uri?partnerID=HzOxMe3b&scp=85211840237&origin=inward, https://www.scopus.com/inward/citedby.uri?partnerID=HzOxMe3b&scp=85211840237&origin=inward","TITLE-ABS-KEY(""quantum machine learning"" AND medical)"
SCOPUS_ID:85217278623,2-s2.0-85217278623,Predicting the lifespan of cancer patients by replicating known quantum embedding processes in novel circuit schemes in Qiskit,Swain T.,Proceedings 2024 IEEE International Conference on Bioinformatics and Biomedicine Bibm 2024,2024-01-01,10.1109/BIBM62325.2024.10821978,,,,6189-6193,0,Conference Paper,"https://api.elsevier.com/content/abstract/scopus_id/85217278623, https://api.elsevier.com/content/abstract/scopus_id/85217278623?field=author,affiliation, https://www.scopus.com/inward/record.uri?partnerID=HzOxMe3b&scp=85217278623&origin=inward, https://www.scopus.com/inward/citedby.uri?partnerID=HzOxMe3b&scp=85217278623&origin=inward","TITLE-ABS-KEY(""quantum machine learning"" AND medical)"
SCOPUS_ID:85165445106,2-s2.0-85165445106,QNMF: A quantum neural network based multimodal fusion system for intelligent diagnosis,Qu Z.,Information Fusion,2023-12-01,10.1016/j.inffus.2023.101913,15662535,100,,,67,Article,"https://api.elsevier.com/content/abstract/scopus_id/85165445106, https://api.elsevier.com/content/abstract/scopus_id/85165445106?field=author,affiliation, https://www.scopus.com/inward/record.uri?partnerID=HzOxMe3b&scp=85165445106&origin=inward, https://www.scopus.com/inward/citedby.uri?partnerID=HzOxMe3b&scp=85165445106&origin=inward, https://api.elsevier.com/content/article/eid/1-s2.0-S1566253523002294","TITLE-ABS-KEY(""quantum machine learning"" AND medical)"
SCOPUS_ID:85171375111,2-s2.0-85171375111,Medical image diagnosis based on adaptive Hybrid Quantum CNN,Ajlouni N.,BMC Medical Imaging,2023-12-01,10.1186/s12880-023-01084-5,,23,1,,44,Article,"https://api.elsevier.com/content/abstract/scopus_id/85171375111, https://api.elsevier.com/content/abstract/scopus_id/85171375111?field=author,affiliation, https://www.scopus.com/inward/record.uri?partnerID=HzOxMe3b&scp=85171375111&origin=inward, https://www.scopus.com/inward/citedby.uri?partnerID=HzOxMe3b&scp=85171375111&origin=inward","TITLE-ABS-KEY(""quantum machine learning"" AND medical)"
SCOPUS_ID:85175612846,2-s2.0-85175612846,Universal adversarial perturbations for multiple classification tasks with quantum classifiers,Qiu Y.Z.,Machine Learning Science and Technology,2023-12-01,10.1088/2632-2153/acffa3,,4,4,,3,Article,"https://api.elsevier.com/content/abstract/scopus_id/85175612846, https://api.elsevier.com/content/abstract/scopus_id/85175612846?field=author,affiliation, https://www.scopus.com/inward/record.uri?partnerID=HzOxMe3b&scp=85175612846&origin=inward, https://www.scopus.com/inward/citedby.uri?partnerID=HzOxMe3b&scp=85175612846&origin=inward","TITLE-ABS-KEY(""quantum machine learning"" AND medical)"
SCOPUS_ID:85147894877,2-s2.0-85147894877,Quantum face recognition protocol with ghost imaging,Salari V.,Scientific Reports,2023-12-01,10.1038/s41598-022-25280-5,,13,1,,14,Article,"https://api.elsevier.com/content/abstract/scopus_id/85147894877, https://api.elsevier.com/content/abstract/scopus_id/85147894877?field=author,affiliation, https://www.scopus.com/inward/record.uri?partnerID=HzOxMe3b&scp=85147894877&origin=inward, https://www.scopus.com/inward/citedby.uri?partnerID=HzOxMe3b&scp=85147894877&origin=inward, https://api.elsevier.com/content/article/eid/1-s2.0-S2045232223427514","TITLE-ABS-KEY(""quantum machine learning"" AND medical)"
SCOPUS_ID:85175003384,2-s2.0-85175003384,Federated quanvolutional neural network: a new paradigm for collaborative quantum learning,Bhatia A.S.,Quantum Science and Technology,2023-10-01,10.1088/2058-9565/acfc61,,8,4,,30,Article,"https://api.elsevier.com/content/abstract/scopus_id/85175003384, https://api.elsevier.com/content/abstract/scopus_id/85175003384?field=author,affiliation, https://www.scopus.com/inward/record.uri?partnerID=HzOxMe3b&scp=85175003384&origin=inward, https://www.scopus.com/inward/citedby.uri?partnerID=HzOxMe3b&scp=85175003384&origin=inward","TITLE-ABS-KEY(""quantum machine learning"" AND medical)"
SCOPUS_ID:85169588197,2-s2.0-85169588197,Quantum canonical correlation analysis algorithm,Song C.D.,Laser Physics Letters,2023-10-01,10.1088/1612-202X/acee63,16122011,20,10,,2,Article,"https://api.elsevier.com/content/abstract/scopus_id/85169588197, https://api.elsevier.com/content/abstract/scopus_id/85169588197?field=author,affiliation, https://www.scopus.com/inward/record.uri?partnerID=HzOxMe3b&scp=85169588197&origin=inward, https://www.scopus.com/inward/citedby.uri?partnerID=HzOxMe3b&scp=85169588197&origin=inward","TITLE-ABS-KEY(""quantum machine learning"" AND medical)"
SCOPUS_ID:85168769253,2-s2.0-85168769253,Quantum Machine Learning for Security Assessment in the Internet of Medical Things (IoMT),Rajawat A.S.,Future Internet,2023-08-01,10.3390/fi15080271,,15,8,,39,Article,"https://api.elsevier.com/content/abstract/scopus_id/85168769253, https://api.elsevier.com/content/abstract/scopus_id/85168769253?field=author,affiliation, https://www.scopus.com/inward/record.uri?partnerID=HzOxMe3b&scp=85168769253&origin=inward, https://www.scopus.com/inward/citedby.uri?partnerID=HzOxMe3b&scp=85168769253&origin=inward","TITLE-ABS-KEY(""quantum machine learning"" AND medical)"
SCOPUS_ID:85164287545,2-s2.0-85164287545,Quantum machine learning assisted lung cancer telemedicine,Kumela A.G.,Aip Advances,2023-07-01,10.1063/5.0153566,,13,7,,12,Article,"https://api.elsevier.com/content/abstract/scopus_id/85164287545, https://api.elsevier.com/content/abstract/scopus_id/85164287545?field=author,affiliation, https://www.scopus.com/inward/record.uri?partnerID=HzOxMe3b&scp=85164287545&origin=inward, https://www.scopus.com/inward/citedby.uri?partnerID=HzOxMe3b&scp=85164287545&origin=inward","TITLE-ABS-KEY(""quantum machine learning"" AND medical)"
SCOPUS_ID:85166424170,2-s2.0-85166424170,Hybrid Classical–Quantum Transfer Learning for Cardiomegaly Detection in Chest X-rays,Decoodt P.,Journal of Imaging,2023-07-01,10.3390/jimaging9070128,,9,7,,21,Article,"https://api.elsevier.com/content/abstract/scopus_id/85166424170, https://api.elsevier.com/content/abstract/scopus_id/85166424170?field=author,affiliation, https://www.scopus.com/inward/record.uri?partnerID=HzOxMe3b&scp=85166424170&origin=inward, https://www.scopus.com/inward/citedby.uri?partnerID=HzOxMe3b&scp=85166424170&origin=inward","TITLE-ABS-KEY(""quantum machine learning"" AND medical)"
SCOPUS_ID:85147256622,2-s2.0-85147256622,Quantum density peak clustering,Magano D.,Quantum Machine Intelligence,2023-06-01,10.1007/s42484-022-00090-0,25244906,5,1,,7,Article,"https://api.elsevier.com/content/abstract/scopus_id/85147256622, https://api.elsevier.com/content/abstract/scopus_id/85147256622?field=author,affiliation, https://www.scopus.com/inward/record.uri?partnerID=HzOxMe3b&scp=85147256622&origin=inward, https://www.scopus.com/inward/citedby.uri?partnerID=HzOxMe3b&scp=85147256622&origin=inward","TITLE-ABS-KEY(""quantum machine learning"" AND medical)"
SCOPUS_ID:85150033350,2-s2.0-85150033350,Explainable quantum clustering method to model medical data,Deshmukh S.,Knowledge Based Systems,2023-05-12,10.1016/j.knosys.2023.110413,09507051,267,,,35,Article,"https://api.elsevier.com/content/abstract/scopus_id/85150033350, https://api.elsevier.com/content/abstract/scopus_id/85150033350?field=author,affiliation, https://www.scopus.com/inward/record.uri?partnerID=HzOxMe3b&scp=85150033350&origin=inward, https://www.scopus.com/inward/citedby.uri?partnerID=HzOxMe3b&scp=85150033350&origin=inward, https://api.elsevier.com/content/article/eid/1-s2.0-S0950705123001636","TITLE-ABS-KEY(""quantum machine learning"" AND medical)"
SCOPUS_ID:85146148940,2-s2.0-85146148940,Quantum machine learning in medical image analysis: A survey,Wei L.,Neurocomputing,2023-03-07,10.1016/j.neucom.2023.01.049,09252312,525,,42-53,94,Short Survey,"https://api.elsevier.com/content/abstract/scopus_id/85146148940, https://api.elsevier.com/content/abstract/scopus_id/85146148940?field=author,affiliation, https://www.scopus.com/inward/record.uri?partnerID=HzOxMe3b&scp=85146148940&origin=inward, https://www.scopus.com/inward/citedby.uri?partnerID=HzOxMe3b&scp=85146148940&origin=inward, https://api.elsevier.com/content/article/eid/1-s2.0-S0925231223000589","TITLE-ABS-KEY(""quantum machine learning"" AND medical)"
SCOPUS_ID:85179234112,2-s2.0-85179234112,Hybrid Quantum Machine Learning Assisted Classification of COVID-19 from Computed Tomography Scans,Sünkel L.,Proceedings 2023 IEEE International Conference on Quantum Computing and Engineering Qce 2023,2023-01-01,10.1109/QCE57702.2023.00048,,1,,356-366,9,Conference Paper,"https://api.elsevier.com/content/abstract/scopus_id/85179234112, https://api.elsevier.com/content/abstract/scopus_id/85179234112?field=author,affiliation, https://www.scopus.com/inward/record.uri?partnerID=HzOxMe3b&scp=85179234112&origin=inward, https://www.scopus.com/inward/citedby.uri?partnerID=HzOxMe3b&scp=85179234112&origin=inward","TITLE-ABS-KEY(""quantum machine learning"" AND medical)"
SCOPUS_ID:85158110509,2-s2.0-85158110509,Quantum Machine Learning in Healthcare: Developments and Challenges,Rani S.,2023 IEEE International Conference on Integrated Circuits and Communication Systems Icicacs 2023,2023-01-01,10.1109/ICICACS57338.2023.10100075,,,,,72,Conference Paper,"https://api.elsevier.com/content/abstract/scopus_id/85158110509, https://api.elsevier.com/content/abstract/scopus_id/85158110509?field=author,affiliation, https://www.scopus.com/inward/record.uri?partnerID=HzOxMe3b&scp=85158110509&origin=inward, https://www.scopus.com/inward/citedby.uri?partnerID=HzOxMe3b&scp=85158110509&origin=inward","TITLE-ABS-KEY(""quantum machine learning"" AND medical)"
SCOPUS_ID:85179585200,2-s2.0-85179585200,QuCardio: Application of Quantum Machine Learning for Detection of Cardiovascular Diseases,Prabhu S.,IEEE Access,2023-01-01,10.1109/ACCESS.2023.3338145,,11,,136122-136135,33,Article,"https://api.elsevier.com/content/abstract/scopus_id/85179585200, https://api.elsevier.com/content/abstract/scopus_id/85179585200?field=author,affiliation, https://www.scopus.com/inward/record.uri?partnerID=HzOxMe3b&scp=85179585200&origin=inward, https://www.scopus.com/inward/citedby.uri?partnerID=HzOxMe3b&scp=85179585200&origin=inward","TITLE-ABS-KEY(""quantum machine learning"" AND medical)"
SCOPUS_ID:85151031593,2-s2.0-85151031593,Quantum Machine Learning Applied to Electronic Healthcare Records for Ischemic Heart Disease Classification,Maheshwari D.,Human Centric Computing and Information Sciences,2023-01-01,10.22967/HCIS.2023.13.006,,13,,,36,Article,"https://api.elsevier.com/content/abstract/scopus_id/85151031593, https://api.elsevier.com/content/abstract/scopus_id/85151031593?field=author,affiliation, https://www.scopus.com/inward/record.uri?partnerID=HzOxMe3b&scp=85151031593&origin=inward, https://www.scopus.com/inward/citedby.uri?partnerID=HzOxMe3b&scp=85151031593&origin=inward","TITLE-ABS-KEY(""quantum machine learning"" AND medical)"
SCOPUS_ID:85180005715,2-s2.0-85180005715,Hybrid Variational Quantum Circuit with Transformer for Classifying Medical Conditions,Ahmad W.,Proceedings 2023 IEEE International Conference on Quantum Computing and Engineering Qce 2023,2023-01-01,10.1109/QCE57702.2023.10221,,2,,236-237,0,Conference Paper,"https://api.elsevier.com/content/abstract/scopus_id/85180005715, https://api.elsevier.com/content/abstract/scopus_id/85180005715?field=author,affiliation, https://www.scopus.com/inward/record.uri?partnerID=HzOxMe3b&scp=85180005715&origin=inward, https://www.scopus.com/inward/citedby.uri?partnerID=HzOxMe3b&scp=85180005715&origin=inward","TITLE-ABS-KEY(""quantum machine learning"" AND medical)"
SCOPUS_ID:85180008394,2-s2.0-85180008394,Advances in Quantum Medical Image Analysis Using Machine Learning: Current Status and Future Directions,Matondo-Mvula N.,Proceedings 2023 IEEE International Conference on Quantum Computing and Engineering Qce 2023,2023-01-01,10.1109/QCE57702.2023.00049,,1,,367-377,10,Conference Paper,"https://api.elsevier.com/content/abstract/scopus_id/85180008394, https://api.elsevier.com/content/abstract/scopus_id/85180008394?field=author,affiliation, https://www.scopus.com/inward/record.uri?partnerID=HzOxMe3b&scp=85180008394&origin=inward, https://www.scopus.com/inward/citedby.uri?partnerID=HzOxMe3b&scp=85180008394&origin=inward","TITLE-ABS-KEY(""quantum machine learning"" AND medical)"
SCOPUS_ID:85169034297,2-s2.0-85169034297,A Quantum Machine Learning Model for Medical Data Classification,Ahmed H.K.,Studies in Computational Intelligence,2023-01-01,10.1007/978-3-031-37454-8_5,1860949X,1105,,95-114,2,Book Chapter,"https://api.elsevier.com/content/abstract/scopus_id/85169034297, https://api.elsevier.com/content/abstract/scopus_id/85169034297?field=author,affiliation, https://www.scopus.com/inward/record.uri?partnerID=HzOxMe3b&scp=85169034297&origin=inward, https://www.scopus.com/inward/citedby.uri?partnerID=HzOxMe3b&scp=85169034297&origin=inward","TITLE-ABS-KEY(""quantum machine learning"" AND medical)"
SCOPUS_ID:85158169339,2-s2.0-85158169339,Iris tumor recognition based on hybrid classical and quantum neural network,Kanimozhi T.,Proceedings of the 2023 International Conference on Intelligent Systems for Communication Iot and Security Iciscois 2023,2023-01-01,10.1109/ICISCoIS56541.2023.10100451,,,,608-611,7,Conference Paper,"https://api.elsevier.com/content/abstract/scopus_id/85158169339, https://api.elsevier.com/content/abstract/scopus_id/85158169339?field=author,affiliation, https://www.scopus.com/inward/record.uri?partnerID=HzOxMe3b&scp=85158169339&origin=inward, https://www.scopus.com/inward/citedby.uri?partnerID=HzOxMe3b&scp=85158169339&origin=inward","TITLE-ABS-KEY(""quantum machine learning"" AND medical)"
SCOPUS_ID:85163110273,2-s2.0-85163110273,A Comparative Study of Quantum Machine Learning Enhanced SVM and Classical SVM for Brain Stroke Prediction,Singh N.T.,2023 International Conference on Computer Communication and Informatics Iccci 2023,2023-01-01,10.1109/ICCCI56745.2023.10128293,,,,,5,Conference Paper,"https://api.elsevier.com/content/abstract/scopus_id/85163110273, https://api.elsevier.com/content/abstract/scopus_id/85163110273?field=author,affiliation, https://www.scopus.com/inward/record.uri?partnerID=HzOxMe3b&scp=85163110273&origin=inward, https://www.scopus.com/inward/citedby.uri?partnerID=HzOxMe3b&scp=85163110273&origin=inward","TITLE-ABS-KEY(""quantum machine learning"" AND medical)"
SCOPUS_ID:85180007523,2-s2.0-85180007523,Towards Transfer Learning for Large-Scale Image Classification Using Annealing-Based Quantum Boltzmann Machines,Schuman D.,Proceedings 2023 IEEE International Conference on Quantum Computing and Engineering Qce 2023,2023-01-01,10.1109/QCE57702.2023.10182,,2,,42-47,6,Conference Paper,"https://api.elsevier.com/content/abstract/scopus_id/85180007523, https://api.elsevier.com/content/abstract/scopus_id/85180007523?field=author,affiliation, https://www.scopus.com/inward/record.uri?partnerID=HzOxMe3b&scp=85180007523&origin=inward, https://www.scopus.com/inward/citedby.uri?partnerID=HzOxMe3b&scp=85180007523&origin=inward","TITLE-ABS-KEY(""quantum machine learning"" AND medical)"
SCOPUS_ID:85165969793,2-s2.0-85165969793,Pooling Techniques in Hybrid Quantum-Classical Convolutional Neural Networks,Monnet M.,Proceedings 2023 IEEE International Conference on Quantum Computing and Engineering Qce 2023,2023-01-01,10.1109/QCE57702.2023.00074,,1,,601-610,15,Conference Paper,"https://api.elsevier.com/content/abstract/scopus_id/85165969793, https://api.elsevier.com/content/abstract/scopus_id/85165969793?field=author,affiliation, https://www.scopus.com/inward/record.uri?partnerID=HzOxMe3b&scp=85165969793&origin=inward, https://www.scopus.com/inward/citedby.uri?partnerID=HzOxMe3b&scp=85165969793&origin=inward","TITLE-ABS-KEY(""quantum machine learning"" AND medical)"
SCOPUS_ID:85180011506,2-s2.0-85180011506,"Evaluating Quantum Machine Learning Approaches for Histopathological Cancer Detection: Classical, Hybrid Simulation, and IBM Quantum Computing",Baral B.,Proceedings 2023 IEEE International Conference on Quantum Computing and Engineering Qce 2023,2023-01-01,10.1109/QCE57702.2023.10222,,2,,238-239,4,Conference Paper,"https://api.elsevier.com/content/abstract/scopus_id/85180011506, https://api.elsevier.com/content/abstract/scopus_id/85180011506?field=author,affiliation, https://www.scopus.com/inward/record.uri?partnerID=HzOxMe3b&scp=85180011506&origin=inward, https://www.scopus.com/inward/citedby.uri?partnerID=HzOxMe3b&scp=85180011506&origin=inward","TITLE-ABS-KEY(""quantum machine learning"" AND medical)"
SCOPUS_ID:85186270750,2-s2.0-85186270750,"Recent Trends in Early Detection of Ocular Disorders Using Image Processing, Signal Processing, Quantum Models and Related Approaches",Das S.,2023 7th International Conference on Electronics Materials Engineering and Nano Technology Iementech 2023,2023-01-01,10.1109/IEMENTech60402.2023.10423559,,,,,1,Conference Paper,"https://api.elsevier.com/content/abstract/scopus_id/85186270750, https://api.elsevier.com/content/abstract/scopus_id/85186270750?field=author,affiliation, https://www.scopus.com/inward/record.uri?partnerID=HzOxMe3b&scp=85186270750&origin=inward, https://www.scopus.com/inward/citedby.uri?partnerID=HzOxMe3b&scp=85186270750&origin=inward","TITLE-ABS-KEY(""quantum machine learning"" AND medical)"
SCOPUS_ID:85176432315,2-s2.0-85176432315,Quantum computing meets skin cancer diagnosis,Lopez D.A.,Proceedings of SPIE the International Society for Optical Engineering,2023-01-01,10.1117/12.2675446,0277786X,12673,,,2,Conference Paper,"https://api.elsevier.com/content/abstract/scopus_id/85176432315, https://api.elsevier.com/content/abstract/scopus_id/85176432315?field=author,affiliation, https://www.scopus.com/inward/record.uri?partnerID=HzOxMe3b&scp=85176432315&origin=inward, https://www.scopus.com/inward/citedby.uri?partnerID=HzOxMe3b&scp=85176432315&origin=inward","TITLE-ABS-KEY(""quantum machine learning"" AND medical)"
SCOPUS_ID:85177567481,2-s2.0-85177567481,HM-QCNN: Hybrid Multi-branches Quantum-Classical Neural Network for Image Classification,Liu H.,Lecture Notes in Computer Science Including Subseries Lecture Notes in Artificial Intelligence and Lecture Notes in Bioinformatics,2023-01-01,10.1007/978-3-031-46664-9_10,03029743,14177 LNAI,,139-151,6,Conference Paper,"https://api.elsevier.com/content/abstract/scopus_id/85177567481, https://api.elsevier.com/content/abstract/scopus_id/85177567481?field=author,affiliation, https://www.scopus.com/inward/record.uri?partnerID=HzOxMe3b&scp=85177567481&origin=inward, https://www.scopus.com/inward/citedby.uri?partnerID=HzOxMe3b&scp=85177567481&origin=inward","TITLE-ABS-KEY(""quantum machine learning"" AND medical)"
SCOPUS_ID:85166387254,2-s2.0-85166387254,Classification of knee osteoarthritis based on quantum-to-classical transfer learning,Dong Y.,Frontiers in Physics,2023-01-01,10.3389/fphy.2023.1212373,,11,,,11,Article,"https://api.elsevier.com/content/abstract/scopus_id/85166387254, https://api.elsevier.com/content/abstract/scopus_id/85166387254?field=author,affiliation, https://www.scopus.com/inward/record.uri?partnerID=HzOxMe3b&scp=85166387254&origin=inward, https://www.scopus.com/inward/citedby.uri?partnerID=HzOxMe3b&scp=85166387254&origin=inward","TITLE-ABS-KEY(""quantum machine learning"" AND medical)"
SCOPUS_ID:85185383962,2-s2.0-85185383962,A Study on Brain Tumor in Various Fields using Machine Learning,Pushparaj E.,2nd International Conference on Automation Computing and Renewable Systems Icacrs 2023 Proceedings,2023-01-01,10.1109/ICACRS58579.2023.10405110,,,,1885-1891,0,Conference Paper,"https://api.elsevier.com/content/abstract/scopus_id/85185383962, https://api.elsevier.com/content/abstract/scopus_id/85185383962?field=author,affiliation, https://www.scopus.com/inward/record.uri?partnerID=HzOxMe3b&scp=85185383962&origin=inward, https://www.scopus.com/inward/citedby.uri?partnerID=HzOxMe3b&scp=85185383962&origin=inward","TITLE-ABS-KEY(""quantum machine learning"" AND medical)"
SCOPUS_ID:85141742084,2-s2.0-85141742084,"3rd International Conference on IoT Based Control Networks and Intelligent Systems, ICICNIS 2022",,Lecture Notes in Networks and Systems,2023-01-01,,23673370,528,,,0,Conference Review,"https://api.elsevier.com/content/abstract/scopus_id/85141742084, https://api.elsevier.com/content/abstract/scopus_id/85141742084?field=author,affiliation, https://www.scopus.com/inward/record.uri?partnerID=HzOxMe3b&scp=85141742084&origin=inward, https://www.scopus.com/inward/citedby.uri?partnerID=HzOxMe3b&scp=85141742084&origin=inward","TITLE-ABS-KEY(""quantum machine learning"" AND medical)"
SCOPUS_ID:85159438526,2-s2.0-85159438526,Detection of brain cancer using quantum-classical CNN based method,Bada S.,Proceedings of SPIE the International Society for Optical Engineering,2023-01-01,10.1117/12.2650132,0277786X,12446,,,4,Conference Paper,"https://api.elsevier.com/content/abstract/scopus_id/85159438526, https://api.elsevier.com/content/abstract/scopus_id/85159438526?field=author,affiliation, https://www.scopus.com/inward/record.uri?partnerID=HzOxMe3b&scp=85159438526&origin=inward, https://www.scopus.com/inward/citedby.uri?partnerID=HzOxMe3b&scp=85159438526&origin=inward","TITLE-ABS-KEY(""quantum machine learning"" AND medical)"
SCOPUS_ID:85119399173,2-s2.0-85119399173,Comparative performance analysis of quantum machine learning with deep learning for diabetes prediction,Gupta H.,Complex and Intelligent Systems,2022-08-01,10.1007/s40747-021-00398-7,21994536,8,4,3073-3087,132,Article,"https://api.elsevier.com/content/abstract/scopus_id/85119399173, https://api.elsevier.com/content/abstract/scopus_id/85119399173?field=author,affiliation, https://www.scopus.com/inward/record.uri?partnerID=HzOxMe3b&scp=85119399173&origin=inward, https://www.scopus.com/inward/citedby.uri?partnerID=HzOxMe3b&scp=85119399173&origin=inward","TITLE-ABS-KEY(""quantum machine learning"" AND medical)"
SCOPUS_ID:85135763189,2-s2.0-85135763189,Quantum Machine Learning Applications in the Biomedical Domain: A Systematic Review,Maheshwari D.,IEEE Access,2022-01-01,10.1109/ACCESS.2022.3195044,,10,,80463-80484,105,Review,"https://api.elsevier.com/content/abstract/scopus_id/85135763189, https://api.elsevier.com/content/abstract/scopus_id/85135763189?field=author,affiliation, https://www.scopus.com/inward/record.uri?partnerID=HzOxMe3b&scp=85135763189&origin=inward, https://www.scopus.com/inward/citedby.uri?partnerID=HzOxMe3b&scp=85135763189&origin=inward","TITLE-ABS-KEY(""quantum machine learning"" AND medical)"
SCOPUS_ID:85146429823,2-s2.0-85146429823,Severity Classification of COVID-19 Patients Data using Quantum Machine Learning Approaches,Ullah U.,International Conference on Electrical Computer Communications and Mechatronics Engineering Iceccme 2022,2022-01-01,10.1109/ICECCME55909.2022.9987991,,,,,11,Conference Paper,"https://api.elsevier.com/content/abstract/scopus_id/85146429823, https://api.elsevier.com/content/abstract/scopus_id/85146429823?field=author,affiliation, https://www.scopus.com/inward/record.uri?partnerID=HzOxMe3b&scp=85146429823&origin=inward, https://www.scopus.com/inward/citedby.uri?partnerID=HzOxMe3b&scp=85146429823&origin=inward","TITLE-ABS-KEY(""quantum machine learning"" AND medical)"
SCOPUS_ID:85149174057,2-s2.0-85149174057,Quantum Machine Learning based Computer Aided Diagnosis for Skin Cancer Detection: A Statistical Performance Analysis over Classical Approach,Das R.,2022 International Conference on Trends in Quantum Computing and Emerging Business Technologies Tqcebt 2022,2022-01-01,10.1109/TQCEBT54229.2022.10041478,,,,,12,Conference Paper,"https://api.elsevier.com/content/abstract/scopus_id/85149174057, https://api.elsevier.com/content/abstract/scopus_id/85149174057?field=author,affiliation, https://www.scopus.com/inward/record.uri?partnerID=HzOxMe3b&scp=85149174057&origin=inward, https://www.scopus.com/inward/citedby.uri?partnerID=HzOxMe3b&scp=85149174057&origin=inward","TITLE-ABS-KEY(""quantum machine learning"" AND medical)"
SCOPUS_ID:85141843052,2-s2.0-85141843052,Quantum Machine Learning Prediction Model for Retinal Conditions: Performance Analysis,Naick M.R.,Proceedings of SPIE the International Society for Optical Engineering,2022-01-01,10.1117/12.2633672,0277786X,12227,,,2,Conference Paper,"https://api.elsevier.com/content/abstract/scopus_id/85141843052, https://api.elsevier.com/content/abstract/scopus_id/85141843052?field=author,affiliation, https://www.scopus.com/inward/record.uri?partnerID=HzOxMe3b&scp=85141843052&origin=inward, https://www.scopus.com/inward/citedby.uri?partnerID=HzOxMe3b&scp=85141843052&origin=inward","TITLE-ABS-KEY(""quantum machine learning"" AND medical)"
SCOPUS_ID:85143598366,2-s2.0-85143598366,Quantum-classical convolutional neural networks in radiological image classification,Matic A.,Proceedings 2022 IEEE International Conference on Quantum Computing and Engineering Qce 2022,2022-01-01,10.1109/QCE53715.2022.00024,,,,56-66,53,Conference Paper,"https://api.elsevier.com/content/abstract/scopus_id/85143598366, https://api.elsevier.com/content/abstract/scopus_id/85143598366?field=author,affiliation, https://www.scopus.com/inward/record.uri?partnerID=HzOxMe3b&scp=85143598366&origin=inward, https://www.scopus.com/inward/citedby.uri?partnerID=HzOxMe3b&scp=85143598366&origin=inward","TITLE-ABS-KEY(""quantum machine learning"" AND medical)"
SCOPUS_ID:85143641284,2-s2.0-85143641284,Organ classification Using Quantum Convolution Network,Gohel P.,Proceedings 2022 IEEE International Conference on Quantum Computing and Engineering Qce 2022,2022-01-01,10.1109/QCE53715.2022.00134,,,,831-832,7,Conference Paper,"https://api.elsevier.com/content/abstract/scopus_id/85143641284, https://api.elsevier.com/content/abstract/scopus_id/85143641284?field=author,affiliation, https://www.scopus.com/inward/record.uri?partnerID=HzOxMe3b&scp=85143641284&origin=inward, https://www.scopus.com/inward/citedby.uri?partnerID=HzOxMe3b&scp=85143641284&origin=inward","TITLE-ABS-KEY(""quantum machine learning"" AND medical)"
SCOPUS_ID:85145961145,2-s2.0-85145961145,Quantum Methods for Neural Networks and Application to Medical Image Classification,Landman J.,Quantum,2022-01-01,10.22331/Q-2022-12-22-881,,6,,,62,Article,"https://api.elsevier.com/content/abstract/scopus_id/85145961145, https://api.elsevier.com/content/abstract/scopus_id/85145961145?field=author,affiliation, https://www.scopus.com/inward/record.uri?partnerID=HzOxMe3b&scp=85145961145&origin=inward, https://www.scopus.com/inward/citedby.uri?partnerID=HzOxMe3b&scp=85145961145&origin=inward","TITLE-ABS-KEY(""quantum machine learning"" AND medical)"
SCOPUS_ID:85132911578,2-s2.0-85132911578,"22nd International Conference on Innovations for Community Services, I4CS 2022",,Communications in Computer and Information Science,2022-01-01,,18650929,1585 CCIS,,,0,Conference Review,"https://api.elsevier.com/content/abstract/scopus_id/85132911578, https://api.elsevier.com/content/abstract/scopus_id/85132911578?field=author,affiliation, https://www.scopus.com/inward/record.uri?partnerID=HzOxMe3b&scp=85132911578&origin=inward, https://www.scopus.com/inward/citedby.uri?partnerID=HzOxMe3b&scp=85132911578&origin=inward","TITLE-ABS-KEY(""quantum machine learning"" AND medical)"
SCOPUS_ID:85144087627,2-s2.0-85144087627,"A Multimodal Machine Learning Approach to Diagnosis, Prognosis, and Treatment Prediction for Neurodegenerative Diseases and Cancer",Agarwal S.,2022 IEEE 13th Annual Ubiquitous Computing Electronics and Mobile Communication Conference Uemcon 2022,2022-01-01,10.1109/UEMCON54665.2022.9965655,,,,475-479,4,Conference Paper,"https://api.elsevier.com/content/abstract/scopus_id/85144087627, https://api.elsevier.com/content/abstract/scopus_id/85144087627?field=author,affiliation, https://www.scopus.com/inward/record.uri?partnerID=HzOxMe3b&scp=85144087627&origin=inward, https://www.scopus.com/inward/citedby.uri?partnerID=HzOxMe3b&scp=85144087627&origin=inward","TITLE-ABS-KEY(""quantum machine learning"" AND medical)"
SCOPUS_ID:85111538335,2-s2.0-85111538335,Quantum algorithm for quicker clinical prognostic analysis: an application and experimental study using CT scan images of COVID-19 patients,Sengupta K.,BMC Medical Informatics and Decision Making,2021-12-01,10.1186/s12911-021-01588-6,,21,1,,60,Article,"https://api.elsevier.com/content/abstract/scopus_id/85111538335, https://api.elsevier.com/content/abstract/scopus_id/85111538335?field=author,affiliation, https://www.scopus.com/inward/record.uri?partnerID=HzOxMe3b&scp=85111538335&origin=inward, https://www.scopus.com/inward/citedby.uri?partnerID=HzOxMe3b&scp=85111538335&origin=inward, https://api.elsevier.com/content/article/eid/1-s2.0-S1472694710024118","TITLE-ABS-KEY(""quantum machine learning"" AND medical)"
SCOPUS_ID:85107766466,2-s2.0-85107766466,Shattering cancer with quantum machine learning: A preview,Geraci J.,Patterns,2021-06-11,10.1016/j.patter.2021.100281,,2,6,,6,Article,"https://api.elsevier.com/content/abstract/scopus_id/85107766466, https://api.elsevier.com/content/abstract/scopus_id/85107766466?field=author,affiliation, https://www.scopus.com/inward/record.uri?partnerID=HzOxMe3b&scp=85107766466&origin=inward, https://www.scopus.com/inward/citedby.uri?partnerID=HzOxMe3b&scp=85107766466&origin=inward, https://api.elsevier.com/content/article/eid/1-s2.0-S2666389921001148","TITLE-ABS-KEY(""quantum machine learning"" AND medical)"
SCOPUS_ID:85105325630,2-s2.0-85105325630,Machine learning applied to diabetes dataset using Quantum versus Classical computation,Maheshwari D.,2020 IEEE International Symposium on Signal Processing and Information Technology Isspit 2020,2020-12-09,10.1109/ISSPIT51521.2020.9408944,,,,,31,Conference Paper,"https://api.elsevier.com/content/abstract/scopus_id/85105325630, https://api.elsevier.com/content/abstract/scopus_id/85105325630?field=author,affiliation, https://www.scopus.com/inward/record.uri?partnerID=HzOxMe3b&scp=85105325630&origin=inward, https://www.scopus.com/inward/citedby.uri?partnerID=HzOxMe3b&scp=85105325630&origin=inward","TITLE-ABS-KEY(""quantum machine learning"" AND medical)"
SCOPUS_ID:85059899469,2-s2.0-85059899469,Quantum ensembles of quantum classifiers,Schuld M.,Scientific Reports,2018-12-01,10.1038/s41598-018-20403-3,,8,1,,71,Article,"https://api.elsevier.com/content/abstract/scopus_id/85059899469, https://api.elsevier.com/content/abstract/scopus_id/85059899469?field=author,affiliation, https://www.scopus.com/inward/record.uri?partnerID=HzOxMe3b&scp=85059899469&origin=inward, https://www.scopus.com/inward/citedby.uri?partnerID=HzOxMe3b&scp=85059899469&origin=inward","TITLE-ABS-KEY(""quantum machine learning"" AND medical)"
SCOPUS_ID:85057768823,2-s2.0-85057768823,Image classification with quantum pre-training and auto-encoders,Piat S.,International Journal of Quantum Information,2018-12-01,10.1142/S0219749918400099,02197499,16,8,,16,Article,"https://api.elsevier.com/content/abstract/scopus_id/85057768823, https://api.elsevier.com/content/abstract/scopus_id/85057768823?field=author,affiliation, https://www.scopus.com/inward/record.uri?partnerID=HzOxMe3b&scp=85057768823&origin=inward, https://www.scopus.com/inward/citedby.uri?partnerID=HzOxMe3b&scp=85057768823&origin=inward","TITLE-ABS-KEY(""quantum machine learning"" AND medical)"
SCOPUS_ID:85045299446,2-s2.0-85045299446,Quantum machine learning for quantum anomaly detection,Liu N.,Physical Review A,2018-04-10,10.1103/PhysRevA.97.042315,24699926,97,4,,112,Article,"https://api.elsevier.com/content/abstract/scopus_id/85045299446, https://api.elsevier.com/content/abstract/scopus_id/85045299446?field=author,affiliation, https://www.scopus.com/inward/record.uri?partnerID=HzOxMe3b&scp=85045299446&origin=inward, https://www.scopus.com/inward/citedby.uri?partnerID=HzOxMe3b&scp=85045299446&origin=inward","TITLE-ABS-KEY(""quantum machine learning"" AND medical)"
SCOPUS_ID:85044421168,2-s2.0-85044421168,A quantum hybrid PSO combined with fuzzy k-NN approach to feature selection and cell classification in cervical cancer detection,Iliyasu A.M.,Sensors Switzerland,2017-12-19,10.3390/s17122935,14248220,17,12,,45,Article,"https://api.elsevier.com/content/abstract/scopus_id/85044421168, https://api.elsevier.com/content/abstract/scopus_id/85044421168?field=author,affiliation, https://www.scopus.com/inward/record.uri?partnerID=HzOxMe3b&scp=85044421168&origin=inward, https://www.scopus.com/inward/citedby.uri?partnerID=HzOxMe3b&scp=85044421168&origin=inward","TITLE-ABS-KEY(""quantum machine learning"" AND medical)"
SCOPUS_ID:85039957233,2-s2.0-85039957233,Privacy-preserving quantum machine learning using differential privacy,Senekane M.,2017 IEEE AFRICON Science Technology and Innovation for Africa AFRICON 2017,2017-11-03,10.1109/AFRCON.2017.8095692,,,,1432-1435,24,Conference Paper,"https://api.elsevier.com/content/abstract/scopus_id/85039957233, https://api.elsevier.com/content/abstract/scopus_id/85039957233?field=author,affiliation, https://www.scopus.com/inward/record.uri?partnerID=HzOxMe3b&scp=85039957233&origin=inward, https://www.scopus.com/inward/citedby.uri?partnerID=HzOxMe3b&scp=85039957233&origin=inward","TITLE-ABS-KEY(""quantum machine learning"" AND medical)"
SCOPUS_ID:105014601110,2-s2.0-105014601110,Integrating artificial intelligence and quantum computing: A systematic literature review of features and applications,Pineda V.G.,International Journal of Cognitive Computing in Engineering,2026-12-01,10.1016/j.ijcce.2025.08.002,,7,,26-39,8,Article,"https://api.elsevier.com/content/abstract/scopus_id/105014601110, https://api.elsevier.com/content/abstract/scopus_id/105014601110?field=author,affiliation, https://www.scopus.com/inward/record.uri?partnerID=HzOxMe3b&scp=105014601110&origin=inward, https://www.scopus.com/inward/citedby.uri?partnerID=HzOxMe3b&scp=105014601110&origin=inward, https://api.elsevier.com/content/article/eid/1-s2.0-S266630742500035X","TITLE-ABS-KEY(""quantum machine learning"" AND healthcare)"
SCOPUS_ID:105027667002,2-s2.0-105027667002,"Mapping the quantum computing landscape: growth, collaboration, and thematic convergence",Conde-Torres D.,EPJ Quantum Technology,2026-12-01,10.1140/epjqt/s40507-026-00464-4,26624400,13,1,,0,Note,"https://api.elsevier.com/content/abstract/scopus_id/105027667002, https://api.elsevier.com/content/abstract/scopus_id/105027667002?field=author,affiliation, https://www.scopus.com/inward/record.uri?partnerID=HzOxMe3b&scp=105027667002&origin=inward, https://www.scopus.com/inward/citedby.uri?partnerID=HzOxMe3b&scp=105027667002&origin=inward","TITLE-ABS-KEY(""quantum machine learning"" AND healthcare)"
SCOPUS_ID:105030589580,2-s2.0-105030589580,AI driven quantum machine learning for predictive healthcare analytics,Aggarwal L.,Biomedical Signal Processing and Control,2026-06-15,10.1016/j.bspc.2026.109937,17468094,119,,,0,Article,"https://api.elsevier.com/content/abstract/scopus_id/105030589580, https://api.elsevier.com/content/abstract/scopus_id/105030589580?field=author,affiliation, https://www.scopus.com/inward/record.uri?partnerID=HzOxMe3b&scp=105030589580&origin=inward, https://www.scopus.com/inward/citedby.uri?partnerID=HzOxMe3b&scp=105030589580&origin=inward, https://api.elsevier.com/content/article/eid/1-s2.0-S174680942600491X","TITLE-ABS-KEY(""quantum machine learning"" AND healthcare)"
SCOPUS_ID:105029679235,2-s2.0-105029679235,Entanglement-driven learning-based angle-encoded variational quantum neural network for image classification,Sahoo S.,Quantum Machine Intelligence,2026-06-01,10.1007/s42484-026-00350-3,25244906,8,1,,0,Article,"https://api.elsevier.com/content/abstract/scopus_id/105029679235, https://api.elsevier.com/content/abstract/scopus_id/105029679235?field=author,affiliation, https://www.scopus.com/inward/record.uri?partnerID=HzOxMe3b&scp=105029679235&origin=inward, https://www.scopus.com/inward/citedby.uri?partnerID=HzOxMe3b&scp=105029679235&origin=inward","TITLE-ABS-KEY(""quantum machine learning"" AND healthcare)"
SCOPUS_ID:105031004947,2-s2.0-105031004947,Optimizing Quantum Variational Circuits for Enhanced Performance in Healthcare and Multidisciplinary Data Analysis,Kavitha S.S.,SN Computer Science,2026-03-01,10.1007/s42979-026-04758-3,2662995X,7,3,,0,Article,"https://api.elsevier.com/content/abstract/scopus_id/105031004947, https://api.elsevier.com/content/abstract/scopus_id/105031004947?field=author,affiliation, https://www.scopus.com/inward/record.uri?partnerID=HzOxMe3b&scp=105031004947&origin=inward, https://www.scopus.com/inward/citedby.uri?partnerID=HzOxMe3b&scp=105031004947&origin=inward","TITLE-ABS-KEY(""quantum machine learning"" AND healthcare)"
SCOPUS_ID:105010839325,2-s2.0-105010839325,Quantum Metabolic Avatar: A digital replica of metabolism enhanced by quantum algorithms,Abeltino A.,Expert Systems with Applications,2026-01-15,10.1016/j.eswa.2025.129045,09574174,296,,,0,Article,"https://api.elsevier.com/content/abstract/scopus_id/105010839325, https://api.elsevier.com/content/abstract/scopus_id/105010839325?field=author,affiliation, https://www.scopus.com/inward/record.uri?partnerID=HzOxMe3b&scp=105010839325&origin=inward, https://www.scopus.com/inward/citedby.uri?partnerID=HzOxMe3b&scp=105010839325&origin=inward, https://api.elsevier.com/content/article/eid/1-s2.0-S0957417425026624","TITLE-ABS-KEY(""quantum machine learning"" AND healthcare)"
SCOPUS_ID:105028732460,2-s2.0-105028732460,Quantum Machine Learning: Where Are We and What Is Next?,Farhani Y.,Q Spatial 2025 Proceedings of the 1st ACM Sigspatial International Workshop on Quantum Computing and Quantum Inspired Technologies for Spatial Data Systems and Applications,2026-01-13,10.1145/3764923.3777403,,,,15-18,0,Conference Paper,"https://api.elsevier.com/content/abstract/scopus_id/105028732460, https://api.elsevier.com/content/abstract/scopus_id/105028732460?field=author,affiliation, https://www.scopus.com/inward/record.uri?partnerID=HzOxMe3b&scp=105028732460&origin=inward, https://www.scopus.com/inward/citedby.uri?partnerID=HzOxMe3b&scp=105028732460&origin=inward","TITLE-ABS-KEY(""quantum machine learning"" AND healthcare)"
SCOPUS_ID:105028299144,2-s2.0-105028299144,Quantum Machine Learning in Cardiovascular Disease Prediction: A Comprehensive Review,Palli S.P.,Lecture Notes in Networks and Systems,2026-01-01,10.1007/978-981-96-9239-2_34,23673370,1536 LNNS,,483-497,0,Conference Paper,"https://api.elsevier.com/content/abstract/scopus_id/105028299144, https://api.elsevier.com/content/abstract/scopus_id/105028299144?field=author,affiliation, https://www.scopus.com/inward/record.uri?partnerID=HzOxMe3b&scp=105028299144&origin=inward, https://www.scopus.com/inward/citedby.uri?partnerID=HzOxMe3b&scp=105028299144&origin=inward","TITLE-ABS-KEY(""quantum machine learning"" AND healthcare)"
SCOPUS_ID:105027699732,2-s2.0-105027699732,Quantum Machine Learning for Anomaly Detection: The Future of Smarter and Safer IoT Networks,Ahmad I.,IEEE Network,2026-01-01,10.1109/MNET.2025.3637512,08908044,,,,0,Article,"https://api.elsevier.com/content/abstract/scopus_id/105027699732, https://api.elsevier.com/content/abstract/scopus_id/105027699732?field=author,affiliation, https://www.scopus.com/inward/record.uri?partnerID=HzOxMe3b&scp=105027699732&origin=inward, https://www.scopus.com/inward/citedby.uri?partnerID=HzOxMe3b&scp=105027699732&origin=inward","TITLE-ABS-KEY(""quantum machine learning"" AND healthcare)"
SCOPUS_ID:105026613235,2-s2.0-105026613235,Transforming Big Data with Quantum Computing: Algorithmic Innovations and Applications,Mehta P.S.,Studies in Big Data,2026-01-01,10.1007/978-3-032-00586-1_15,21976503,179,,337-373,0,Book Chapter,"https://api.elsevier.com/content/abstract/scopus_id/105026613235, https://api.elsevier.com/content/abstract/scopus_id/105026613235?field=author,affiliation, https://www.scopus.com/inward/record.uri?partnerID=HzOxMe3b&scp=105026613235&origin=inward, https://www.scopus.com/inward/citedby.uri?partnerID=HzOxMe3b&scp=105026613235&origin=inward","TITLE-ABS-KEY(""quantum machine learning"" AND healthcare)"
SCOPUS_ID:105026924479,2-s2.0-105026924479,Quantum-Enhanced Artificial Intelligence: The Next Frontier in Computing and Decision-Making,Ansarullah S.I.,Studies in Big Data,2026-01-01,10.1007/978-3-032-00586-1_4,21976503,179,,77-106,0,Book Chapter,"https://api.elsevier.com/content/abstract/scopus_id/105026924479, https://api.elsevier.com/content/abstract/scopus_id/105026924479?field=author,affiliation, https://www.scopus.com/inward/record.uri?partnerID=HzOxMe3b&scp=105026924479&origin=inward, https://www.scopus.com/inward/citedby.uri?partnerID=HzOxMe3b&scp=105026924479&origin=inward","TITLE-ABS-KEY(""quantum machine learning"" AND healthcare)"
SCOPUS_ID:105020161022,2-s2.0-105020161022,"12th Machine Intelligence and Digital Interaction Conference, MIDI 2024",,Lecture Notes in Networks and Systems,2026-01-01,,23673370,1636 LNNS,,,0,Conference Review,"https://api.elsevier.com/content/abstract/scopus_id/105020161022, https://api.elsevier.com/content/abstract/scopus_id/105020161022?field=author,affiliation, https://www.scopus.com/inward/record.uri?partnerID=HzOxMe3b&scp=105020161022&origin=inward, https://www.scopus.com/inward/citedby.uri?partnerID=HzOxMe3b&scp=105020161022&origin=inward","TITLE-ABS-KEY(""quantum machine learning"" AND healthcare)"
SCOPUS_ID:105031325380,2-s2.0-105031325380,Applied Artificial Intelligence for Drug Discovery: From Data-Driven Insights to Therapeutic Innovation,Lavecchia A.,Applied Artificial Intelligence for Drug Discovery from Data Driven Insights to Therapeutic Innovation,2026-01-01,10.1007/978-3-031-98022-0,,,,1-842,0,Book,"https://api.elsevier.com/content/abstract/scopus_id/105031325380, https://api.elsevier.com/content/abstract/scopus_id/105031325380?field=author,affiliation, https://www.scopus.com/inward/record.uri?partnerID=HzOxMe3b&scp=105031325380&origin=inward, https://www.scopus.com/inward/citedby.uri?partnerID=HzOxMe3b&scp=105031325380&origin=inward","TITLE-ABS-KEY(""quantum machine learning"" AND healthcare)"
SCOPUS_ID:105028256304,2-s2.0-105028256304,Quantum Computing and Artificial Intelligence: A Convergence for Future Innovations,Ashrif F.F.,Studies in Computational Intelligence,2026-01-01,10.1007/978-3-032-00232-7_27,1860949X,1229 SCI,,420-438,0,Conference Paper,"https://api.elsevier.com/content/abstract/scopus_id/105028256304, https://api.elsevier.com/content/abstract/scopus_id/105028256304?field=author,affiliation, https://www.scopus.com/inward/record.uri?partnerID=HzOxMe3b&scp=105028256304&origin=inward, https://www.scopus.com/inward/citedby.uri?partnerID=HzOxMe3b&scp=105028256304&origin=inward","TITLE-ABS-KEY(""quantum machine learning"" AND healthcare)"
SCOPUS_ID:105020901586,2-s2.0-105020901586,QFTD: An efficient quantum federated learning for transformer fault diagnosis with minimal gated unit in smart grid,Li G.,Engineering Applications of Artificial Intelligence,2026-01-01,10.1016/j.engappai.2025.112974,09521976,163,,,0,Article,"https://api.elsevier.com/content/abstract/scopus_id/105020901586, https://api.elsevier.com/content/abstract/scopus_id/105020901586?field=author,affiliation, https://www.scopus.com/inward/record.uri?partnerID=HzOxMe3b&scp=105020901586&origin=inward, https://www.scopus.com/inward/citedby.uri?partnerID=HzOxMe3b&scp=105020901586&origin=inward, https://api.elsevier.com/content/article/eid/1-s2.0-S0952197625030052","TITLE-ABS-KEY(""quantum machine learning"" AND healthcare)"
SCOPUS_ID:105023989613,2-s2.0-105023989613,A Survey of Quantum Machine Learning: Understanding the Current Landscape and Future Opportunities,Singh K.,Operations Research Forum,2025-12-01,10.1007/s43069-025-00569-z,,6,4,,0,Review,"https://api.elsevier.com/content/abstract/scopus_id/105023989613, https://api.elsevier.com/content/abstract/scopus_id/105023989613?field=author,affiliation, https://www.scopus.com/inward/record.uri?partnerID=HzOxMe3b&scp=105023989613&origin=inward, https://www.scopus.com/inward/citedby.uri?partnerID=HzOxMe3b&scp=105023989613&origin=inward","TITLE-ABS-KEY(""quantum machine learning"" AND healthcare)"
SCOPUS_ID:105012560947,2-s2.0-105012560947,A comparative analysis of classical machine learning models with quantum-inspired models for predicting world surface temperature,Pandey T.N.,Scientific Reports,2025-12-01,10.1038/s41598-025-12515-4,,15,1,,2,Article,"https://api.elsevier.com/content/abstract/scopus_id/105012560947, https://api.elsevier.com/content/abstract/scopus_id/105012560947?field=author,affiliation, https://www.scopus.com/inward/record.uri?partnerID=HzOxMe3b&scp=105012560947&origin=inward, https://www.scopus.com/inward/citedby.uri?partnerID=HzOxMe3b&scp=105012560947&origin=inward, https://api.elsevier.com/content/article/eid/1-s2.0-S2045232225026938","TITLE-ABS-KEY(""quantum machine learning"" AND healthcare)"
SCOPUS_ID:105022597766,2-s2.0-105022597766,Quantum computing applications in biology,Ghamsari M.S.,Discover Computing,2025-12-01,10.1007/s10791-025-09803-y,,28,1,,0,Review,"https://api.elsevier.com/content/abstract/scopus_id/105022597766, https://api.elsevier.com/content/abstract/scopus_id/105022597766?field=author,affiliation, https://www.scopus.com/inward/record.uri?partnerID=HzOxMe3b&scp=105022597766&origin=inward, https://www.scopus.com/inward/citedby.uri?partnerID=HzOxMe3b&scp=105022597766&origin=inward","TITLE-ABS-KEY(""quantum machine learning"" AND healthcare)"
SCOPUS_ID:105024540271,2-s2.0-105024540271,Quantum Computing for Nanomaterials: Accelerating Material Discovery,Penugonda C.M.,Frontiers in Artificial Intelligence and Applications,2025-11-10,10.3233/FAIA251501,09226389,414,,102-119,0,Conference Paper,"https://api.elsevier.com/content/abstract/scopus_id/105024540271, https://api.elsevier.com/content/abstract/scopus_id/105024540271?field=author,affiliation, https://www.scopus.com/inward/record.uri?partnerID=HzOxMe3b&scp=105024540271&origin=inward, https://www.scopus.com/inward/citedby.uri?partnerID=HzOxMe3b&scp=105024540271&origin=inward","TITLE-ABS-KEY(""quantum machine learning"" AND healthcare)"
SCOPUS_ID:105019623417,2-s2.0-105019623417,Fusion-aware quantum variational autoencoder for brain-heart signal modeling in mental health applications,Jabbar A.,Journal of King Saud University Computer and Information Sciences,2025-11-01,10.1007/s44443-025-00264-3,13191578,37,9,,0,Article,"https://api.elsevier.com/content/abstract/scopus_id/105019623417, https://api.elsevier.com/content/abstract/scopus_id/105019623417?field=author,affiliation, https://www.scopus.com/inward/record.uri?partnerID=HzOxMe3b&scp=105019623417&origin=inward, https://www.scopus.com/inward/citedby.uri?partnerID=HzOxMe3b&scp=105019623417&origin=inward","TITLE-ABS-KEY(""quantum machine learning"" AND healthcare)"
SCOPUS_ID:105020748455,2-s2.0-105020748455,A Neural Architecture Search-Driven Quantum Patch Attention Framework for Skin Disease Recognition and Classification With XAI Vision Transformers,Aravinda C.V.,IEEE Access,2025-10-29,10.1109/ACCESS.2025.3627877,,13,,197312-197328,0,Article,"https://api.elsevier.com/content/abstract/scopus_id/105020748455, https://api.elsevier.com/content/abstract/scopus_id/105020748455?field=author,affiliation, https://www.scopus.com/inward/record.uri?partnerID=HzOxMe3b&scp=105020748455&origin=inward, https://www.scopus.com/inward/citedby.uri?partnerID=HzOxMe3b&scp=105020748455&origin=inward","TITLE-ABS-KEY(""quantum machine learning"" AND healthcare)"
SCOPUS_ID:105007624144,2-s2.0-105007624144,Quantum AI for Alzheimer's disease early screening,Cappiello G.,Neurocomputing,2025-09-28,10.1016/j.neucom.2025.130565,09252312,647,,,2,Article,"https://api.elsevier.com/content/abstract/scopus_id/105007624144, https://api.elsevier.com/content/abstract/scopus_id/105007624144?field=author,affiliation, https://www.scopus.com/inward/record.uri?partnerID=HzOxMe3b&scp=105007624144&origin=inward, https://www.scopus.com/inward/citedby.uri?partnerID=HzOxMe3b&scp=105007624144&origin=inward, https://api.elsevier.com/content/article/eid/1-s2.0-S0925231225012378","TITLE-ABS-KEY(""quantum machine learning"" AND healthcare)"
SCOPUS_ID:105017474488,2-s2.0-105017474488,"Quantum Machine Learning and Deep Learning: Fundamentals, Algorithms, Techniques, and Real-World Applications",Revythi M.,Machine Learning and Knowledge Extraction,2025-09-01,10.3390/make7030075,,7,3,,1,Review,"https://api.elsevier.com/content/abstract/scopus_id/105017474488, https://api.elsevier.com/content/abstract/scopus_id/105017474488?field=author,affiliation, https://www.scopus.com/inward/record.uri?partnerID=HzOxMe3b&scp=105017474488&origin=inward, https://www.scopus.com/inward/citedby.uri?partnerID=HzOxMe3b&scp=105017474488&origin=inward","TITLE-ABS-KEY(""quantum machine learning"" AND healthcare)"
SCOPUS_ID:105014394307,2-s2.0-105014394307,Quantum-assisted early detection of diabetic retinopathy: A novel integration of quantum machine learning in biomedical imaging,Acuña E.G.A.,Medical Data Mining,2025-08-15,10.53388/MDM202508018,,8,3,,0,Article,"https://api.elsevier.com/content/abstract/scopus_id/105014394307, https://api.elsevier.com/content/abstract/scopus_id/105014394307?field=author,affiliation, https://www.scopus.com/inward/record.uri?partnerID=HzOxMe3b&scp=105014394307&origin=inward, https://www.scopus.com/inward/citedby.uri?partnerID=HzOxMe3b&scp=105014394307&origin=inward","TITLE-ABS-KEY(""quantum machine learning"" AND healthcare)"
SCOPUS_ID:105002884546,2-s2.0-105002884546,Quantum machine learning: A comprehensive review of integrating AI with quantum computing for computational advancements,Devadas R.M.,Methodsx,2025-06-01,10.1016/j.mex.2025.103318,,14,,,12,Review,"https://api.elsevier.com/content/abstract/scopus_id/105002884546, https://api.elsevier.com/content/abstract/scopus_id/105002884546?field=author,affiliation, https://www.scopus.com/inward/record.uri?partnerID=HzOxMe3b&scp=105002884546&origin=inward, https://www.scopus.com/inward/citedby.uri?partnerID=HzOxMe3b&scp=105002884546&origin=inward, https://api.elsevier.com/content/article/eid/1-s2.0-S2215016125001645","TITLE-ABS-KEY(""quantum machine learning"" AND healthcare)"
SCOPUS_ID:105009407977,2-s2.0-105009407977,Quantum-driven security evolution in IoT: AI-powered cryptography and anomaly detection,Mujlid H.M.,Journal of Supercomputing,2025-06-01,10.1007/s11227-025-07582-3,09208542,81,9,,7,Article,"https://api.elsevier.com/content/abstract/scopus_id/105009407977, https://api.elsevier.com/content/abstract/scopus_id/105009407977?field=author,affiliation, https://www.scopus.com/inward/record.uri?partnerID=HzOxMe3b&scp=105009407977&origin=inward, https://www.scopus.com/inward/citedby.uri?partnerID=HzOxMe3b&scp=105009407977&origin=inward","TITLE-ABS-KEY(""quantum machine learning"" AND healthcare)"
SCOPUS_ID:85218352210,2-s2.0-85218352210,Quantum deep learning in neuroinformatics: a systematic review,Orka N.A.,Artificial Intelligence Review,2025-05-01,10.1007/s10462-025-11136-7,02692821,58,5,,13,Article,"https://api.elsevier.com/content/abstract/scopus_id/85218352210, https://api.elsevier.com/content/abstract/scopus_id/85218352210?field=author,affiliation, https://www.scopus.com/inward/record.uri?partnerID=HzOxMe3b&scp=85218352210&origin=inward, https://www.scopus.com/inward/citedby.uri?partnerID=HzOxMe3b&scp=85218352210&origin=inward","TITLE-ABS-KEY(""quantum machine learning"" AND healthcare)"
SCOPUS_ID:85218821732,2-s2.0-85218821732,Quantum computing models for cybersecurity and wireless communications,Kumar B.A.,Quantum Computing Models for Cybersecurity and Wireless Communications,2025-02-27,10.1002/9781394271429,,,,1-352,0,Book,"https://api.elsevier.com/content/abstract/scopus_id/85218821732, https://api.elsevier.com/content/abstract/scopus_id/85218821732?field=author,affiliation, https://www.scopus.com/inward/record.uri?partnerID=HzOxMe3b&scp=85218821732&origin=inward, https://www.scopus.com/inward/citedby.uri?partnerID=HzOxMe3b&scp=85218821732&origin=inward","TITLE-ABS-KEY(""quantum machine learning"" AND healthcare)"
SCOPUS_ID:85219035736,2-s2.0-85219035736,Leveraging Quantum Machine Learning to Address Class Imbalance: A Novel Approach for Enhanced Predictive Accuracy,Kwon S.,Symmetry,2025-02-01,10.3390/sym17020186,,17,2,,7,Article,"https://api.elsevier.com/content/abstract/scopus_id/85219035736, https://api.elsevier.com/content/abstract/scopus_id/85219035736?field=author,affiliation, https://www.scopus.com/inward/record.uri?partnerID=HzOxMe3b&scp=85219035736&origin=inward, https://www.scopus.com/inward/citedby.uri?partnerID=HzOxMe3b&scp=85219035736&origin=inward","TITLE-ABS-KEY(""quantum machine learning"" AND healthcare)"
SCOPUS_ID:105002854805,2-s2.0-105002854805,"Diagnosis, Prediction, and Risk Factor Analysis of Multiple Sclerosis Disease using Quantum Machine Learning Classifier",Garg J.,2025 International Conference on Pervasive Computational Technologies Icpct 2025,2025-01-01,10.1109/ICPCT64145.2025.10940499,,,,714-718,1,Conference Paper,"https://api.elsevier.com/content/abstract/scopus_id/105002854805, https://api.elsevier.com/content/abstract/scopus_id/105002854805?field=author,affiliation, https://www.scopus.com/inward/record.uri?partnerID=HzOxMe3b&scp=105002854805&origin=inward, https://www.scopus.com/inward/citedby.uri?partnerID=HzOxMe3b&scp=105002854805&origin=inward","TITLE-ABS-KEY(""quantum machine learning"" AND healthcare)"
SCOPUS_ID:105014464223,2-s2.0-105014464223,Quantum Machine Learning for Heart Disease Detection: A Case Study,Tisha S.N.,Communications in Computer and Information Science,2025-01-01,10.1007/978-3-031-94940-1_5,18650929,2503 CCIS,,58-66,0,Conference Paper,"https://api.elsevier.com/content/abstract/scopus_id/105014464223, https://api.elsevier.com/content/abstract/scopus_id/105014464223?field=author,affiliation, https://www.scopus.com/inward/record.uri?partnerID=HzOxMe3b&scp=105014464223&origin=inward, https://www.scopus.com/inward/citedby.uri?partnerID=HzOxMe3b&scp=105014464223&origin=inward","TITLE-ABS-KEY(""quantum machine learning"" AND healthcare)"
SCOPUS_ID:105013480804,2-s2.0-105013480804,A Review on Quantum Machine Learning in Applied Systems and Engineering,Hong Y.Y.,IEEE Access,2025-01-01,10.1109/ACCESS.2025.3599147,,13,,144607-144631,1,Review,"https://api.elsevier.com/content/abstract/scopus_id/105013480804, https://api.elsevier.com/content/abstract/scopus_id/105013480804?field=author,affiliation, https://www.scopus.com/inward/record.uri?partnerID=HzOxMe3b&scp=105013480804&origin=inward, https://www.scopus.com/inward/citedby.uri?partnerID=HzOxMe3b&scp=105013480804&origin=inward","TITLE-ABS-KEY(""quantum machine learning"" AND healthcare)"
SCOPUS_ID:105006649313,2-s2.0-105006649313,"Quantum Machine Learning: Recent Advances, Challenges, and Perspectives",Lamichhane P.,IEEE Access,2025-01-01,10.1109/ACCESS.2025.3573244,,13,,94057-94105,10,Review,"https://api.elsevier.com/content/abstract/scopus_id/105006649313, https://api.elsevier.com/content/abstract/scopus_id/105006649313?field=author,affiliation, https://www.scopus.com/inward/record.uri?partnerID=HzOxMe3b&scp=105006649313&origin=inward, https://www.scopus.com/inward/citedby.uri?partnerID=HzOxMe3b&scp=105006649313&origin=inward","TITLE-ABS-KEY(""quantum machine learning"" AND healthcare)"
SCOPUS_ID:105007694633,2-s2.0-105007694633,CompressedMediQ: Hybrid Quantum Machine Learning Pipeline for High-Dimensional Neuroimaging Data,Chen K.C.,2025 IEEE International Conference on Acoustics Speech and Signal Processing Workshops Icasspw 2025 Workshop Proceedings,2025-01-01,10.1109/ICASSPW65056.2025.11011218,,,,,1,Conference Paper,"https://api.elsevier.com/content/abstract/scopus_id/105007694633, https://api.elsevier.com/content/abstract/scopus_id/105007694633?field=author,affiliation, https://www.scopus.com/inward/record.uri?partnerID=HzOxMe3b&scp=105007694633&origin=inward, https://www.scopus.com/inward/citedby.uri?partnerID=HzOxMe3b&scp=105007694633&origin=inward","TITLE-ABS-KEY(""quantum machine learning"" AND healthcare)"
SCOPUS_ID:105006547851,2-s2.0-105006547851,Quantum Hybrid Support Vector Machines for Stress Detection in Older Adults,Saif Hassan Onim M.,Digest of Technical Papers IEEE International Conference on Consumer Electronics,2025-01-01,10.1109/ICCE63647.2025.10929873,0747668X,,,,1,Conference Paper,"https://api.elsevier.com/content/abstract/scopus_id/105006547851, https://api.elsevier.com/content/abstract/scopus_id/105006547851?field=author,affiliation, https://www.scopus.com/inward/record.uri?partnerID=HzOxMe3b&scp=105006547851&origin=inward, https://www.scopus.com/inward/citedby.uri?partnerID=HzOxMe3b&scp=105006547851&origin=inward","TITLE-ABS-KEY(""quantum machine learning"" AND healthcare)"
SCOPUS_ID:105030795106,2-s2.0-105030795106,Advancing AI with Quantum: Quantum Machine Learning Classifiers (QML) and Transfer Learning in Neural Networks,Sandhya Rani C.H.,Quantum Computing the Past the Present and the Future,2025-01-01,10.1201/9781003538950_20,,,,480-500,0,Book Chapter,"https://api.elsevier.com/content/abstract/scopus_id/105030795106, https://api.elsevier.com/content/abstract/scopus_id/105030795106?field=author,affiliation, https://www.scopus.com/inward/record.uri?partnerID=HzOxMe3b&scp=105030795106&origin=inward, https://www.scopus.com/inward/citedby.uri?partnerID=HzOxMe3b&scp=105030795106&origin=inward","TITLE-ABS-KEY(""quantum machine learning"" AND healthcare)"
SCOPUS_ID:105023974371,2-s2.0-105023974371,Quantum Bayesian Networks for Machine Learning in Oil-Spill Detection,Siddiqui O.I.,Proceedings of the International Joint Conference on Neural Networks,2025-01-01,10.1109/IJCNN64981.2025.11228312,21614393,,,,0,Conference Paper,"https://api.elsevier.com/content/abstract/scopus_id/105023974371, https://api.elsevier.com/content/abstract/scopus_id/105023974371?field=author,affiliation, https://www.scopus.com/inward/record.uri?partnerID=HzOxMe3b&scp=105023974371&origin=inward, https://www.scopus.com/inward/citedby.uri?partnerID=HzOxMe3b&scp=105023974371&origin=inward","TITLE-ABS-KEY(""quantum machine learning"" AND healthcare)"
SCOPUS_ID:105017672644,2-s2.0-105017672644,Quorum: Zero-Training Unsupervised Anomaly Detection using Quantum Autoencoders,Ludmir J.Z.,Proceedings Design Automation Conference,2025-01-01,10.1109/DAC63849.2025.11132860,0738100X,,,,0,Conference Paper,"https://api.elsevier.com/content/abstract/scopus_id/105017672644, https://api.elsevier.com/content/abstract/scopus_id/105017672644?field=author,affiliation, https://www.scopus.com/inward/record.uri?partnerID=HzOxMe3b&scp=105017672644&origin=inward, https://www.scopus.com/inward/citedby.uri?partnerID=HzOxMe3b&scp=105017672644&origin=inward","TITLE-ABS-KEY(""quantum machine learning"" AND healthcare)"
SCOPUS_ID:105007162000,2-s2.0-105007162000,Explainable Artificial Intelligence for Computer Vision and Quantum Machine Learning,Khan A.I.,Procedia Computer Science,2025-01-01,10.1016/j.procs.2025.04.627,,258,,3723-3730,2,Conference Paper,"https://api.elsevier.com/content/abstract/scopus_id/105007162000, https://api.elsevier.com/content/abstract/scopus_id/105007162000?field=author,affiliation, https://www.scopus.com/inward/record.uri?partnerID=HzOxMe3b&scp=105007162000&origin=inward, https://www.scopus.com/inward/citedby.uri?partnerID=HzOxMe3b&scp=105007162000&origin=inward, https://api.elsevier.com/content/article/eid/1-s2.0-S1877050925017314","TITLE-ABS-KEY(""quantum machine learning"" AND healthcare)"
SCOPUS_ID:105021926581,2-s2.0-105021926581,Integrating Federated Learning in Quantum Computing for Secure and Scalable Model Training,Shareef D.K.,Proceedings of the 4th International Conference on Innovative Mechanisms for Industry Applications Icimia 2025,2025-01-01,10.1109/ICIMIA67127.2025.11200828,,,,920-925,0,Conference Paper,"https://api.elsevier.com/content/abstract/scopus_id/105021926581, https://api.elsevier.com/content/abstract/scopus_id/105021926581?field=author,affiliation, https://www.scopus.com/inward/record.uri?partnerID=HzOxMe3b&scp=105021926581&origin=inward, https://www.scopus.com/inward/citedby.uri?partnerID=HzOxMe3b&scp=105021926581&origin=inward","TITLE-ABS-KEY(""quantum machine learning"" AND healthcare)"
SCOPUS_ID:105022717629,2-s2.0-105022717629,A Privacy-Preserving and Adversarially Robust Hybrid Deep-Quantum Model for CPS Security,Alyas T.,Communications in Computer and Information Science,2025-01-01,10.1007/978-981-95-3739-6_12,18650929,2665 CCIS,,161-175,0,Conference Paper,"https://api.elsevier.com/content/abstract/scopus_id/105022717629, https://api.elsevier.com/content/abstract/scopus_id/105022717629?field=author,affiliation, https://www.scopus.com/inward/record.uri?partnerID=HzOxMe3b&scp=105022717629&origin=inward, https://www.scopus.com/inward/citedby.uri?partnerID=HzOxMe3b&scp=105022717629&origin=inward","TITLE-ABS-KEY(""quantum machine learning"" AND healthcare)"
SCOPUS_ID:105007883548,2-s2.0-105007883548,Enhancing Classification Accuracy with Quantum Non-Negative Matrix Factorization and Quantum Support Vector Machines,Chikhaoui B.,Proceedings 2025 International Conference on Quantum Communications Networking and Computing Qcnc 2025,2025-01-01,10.1109/QCNC64685.2025.00075,,,,539-543,2,Conference Paper,"https://api.elsevier.com/content/abstract/scopus_id/105007883548, https://api.elsevier.com/content/abstract/scopus_id/105007883548?field=author,affiliation, https://www.scopus.com/inward/record.uri?partnerID=HzOxMe3b&scp=105007883548&origin=inward, https://www.scopus.com/inward/citedby.uri?partnerID=HzOxMe3b&scp=105007883548&origin=inward","TITLE-ABS-KEY(""quantum machine learning"" AND healthcare)"
SCOPUS_ID:105026255902,2-s2.0-105026255902,"A Comprehensive Review of Quantum Machine Learning: Frameworks, Algorithms, Challenges, and Future Directions",Karlatthe B.V.,2025 International Conference on Information Implementation and Innovation in Technology I2itcon 2025,2025-01-01,10.1109/I2ITCON65200.2025.11210757,,,,,0,Conference Paper,"https://api.elsevier.com/content/abstract/scopus_id/105026255902, https://api.elsevier.com/content/abstract/scopus_id/105026255902?field=author,affiliation, https://www.scopus.com/inward/record.uri?partnerID=HzOxMe3b&scp=105026255902&origin=inward, https://www.scopus.com/inward/citedby.uri?partnerID=HzOxMe3b&scp=105026255902&origin=inward","TITLE-ABS-KEY(""quantum machine learning"" AND healthcare)"
SCOPUS_ID:105007550358,2-s2.0-105007550358,Quantum Quandaries: Unraveling Encoding Vulnerabilities in Quantum Neural Networks,Upadhyay S.,Proceedings International Symposium on Quality Electronic Design Isqed,2025-01-01,10.1109/ISQED65160.2025.11014416,19483287,,,,0,Conference Paper,"https://api.elsevier.com/content/abstract/scopus_id/105007550358, https://api.elsevier.com/content/abstract/scopus_id/105007550358?field=author,affiliation, https://www.scopus.com/inward/record.uri?partnerID=HzOxMe3b&scp=105007550358&origin=inward, https://www.scopus.com/inward/citedby.uri?partnerID=HzOxMe3b&scp=105007550358&origin=inward","TITLE-ABS-KEY(""quantum machine learning"" AND healthcare)"
SCOPUS_ID:105007521963,2-s2.0-105007521963,Quantum Data Breach: Reusing Training Dataset by Untrusted Quantum Clouds,Upadhyay S.,Proceedings International Symposium on Quality Electronic Design Isqed,2025-01-01,10.1109/ISQED65160.2025.11014467,19483287,,,,0,Conference Paper,"https://api.elsevier.com/content/abstract/scopus_id/105007521963, https://api.elsevier.com/content/abstract/scopus_id/105007521963?field=author,affiliation, https://www.scopus.com/inward/record.uri?partnerID=HzOxMe3b&scp=105007521963&origin=inward, https://www.scopus.com/inward/citedby.uri?partnerID=HzOxMe3b&scp=105007521963&origin=inward","TITLE-ABS-KEY(""quantum machine learning"" AND healthcare)"
SCOPUS_ID:105015412983,2-s2.0-105015412983,QEA-FAD: Quantum Enhanced Autoencoders for Anomaly Detection in Finance and Healthcare,Kundu S.,2025 International Conference on Networks and Cryptology Netcrypt 2025,2025-01-01,10.1109/NETCRYPT65877.2025.11102801,,,,1280-1285,0,Conference Paper,"https://api.elsevier.com/content/abstract/scopus_id/105015412983, https://api.elsevier.com/content/abstract/scopus_id/105015412983?field=author,affiliation, https://www.scopus.com/inward/record.uri?partnerID=HzOxMe3b&scp=105015412983&origin=inward, https://www.scopus.com/inward/citedby.uri?partnerID=HzOxMe3b&scp=105015412983&origin=inward","TITLE-ABS-KEY(""quantum machine learning"" AND healthcare)"
SCOPUS_ID:105016316174,2-s2.0-105016316174,Quantum Inspired Search Algorithm for Bias Mitigation,Bhute H.,2025 International Conference on Computing Technologies Icoct 2025,2025-01-01,10.1109/ICOCT64433.2025.11118699,,,,,0,Conference Paper,"https://api.elsevier.com/content/abstract/scopus_id/105016316174, https://api.elsevier.com/content/abstract/scopus_id/105016316174?field=author,affiliation, https://www.scopus.com/inward/record.uri?partnerID=HzOxMe3b&scp=105016316174&origin=inward, https://www.scopus.com/inward/citedby.uri?partnerID=HzOxMe3b&scp=105016316174&origin=inward","TITLE-ABS-KEY(""quantum machine learning"" AND healthcare)"
SCOPUS_ID:85218043069,2-s2.0-85218043069,"Application of Quantum Computing in the Energy Industry, Decarbonization, and Sustainability",Capellaro C.,Quantum Technology Applications Impact and Future Challenges,2025-01-01,10.1201/9781003537243-2,,,,9-36,3,Book Chapter,"https://api.elsevier.com/content/abstract/scopus_id/85218043069, https://api.elsevier.com/content/abstract/scopus_id/85218043069?field=author,affiliation, https://www.scopus.com/inward/record.uri?partnerID=HzOxMe3b&scp=85218043069&origin=inward, https://www.scopus.com/inward/citedby.uri?partnerID=HzOxMe3b&scp=85218043069&origin=inward","TITLE-ABS-KEY(""quantum machine learning"" AND healthcare)"
SCOPUS_ID:105002871763,2-s2.0-105002871763,Artificial Intelligence for Cyber Security and Industry 4.0,Sharma D.,Artificial Intelligence for Cyber Security and Industry 4 0,2025-01-01,10.1201/9781032657264,,,,1-370,1,Book,"https://api.elsevier.com/content/abstract/scopus_id/105002871763, https://api.elsevier.com/content/abstract/scopus_id/105002871763?field=author,affiliation, https://www.scopus.com/inward/record.uri?partnerID=HzOxMe3b&scp=105002871763&origin=inward, https://www.scopus.com/inward/citedby.uri?partnerID=HzOxMe3b&scp=105002871763&origin=inward","TITLE-ABS-KEY(""quantum machine learning"" AND healthcare)"
SCOPUS_ID:105003431654,2-s2.0-105003431654,Variational quantum classifier-based early identification and classification of chronic kidney disease using sparse autoencoder and LASSO shrinkage,Parthasarathi P.,Peerj Computer Science,2025-01-01,10.7717/peerj-cs.2789,,11,,,1,Article,"https://api.elsevier.com/content/abstract/scopus_id/105003431654, https://api.elsevier.com/content/abstract/scopus_id/105003431654?field=author,affiliation, https://www.scopus.com/inward/record.uri?partnerID=HzOxMe3b&scp=105003431654&origin=inward, https://www.scopus.com/inward/citedby.uri?partnerID=HzOxMe3b&scp=105003431654&origin=inward","TITLE-ABS-KEY(""quantum machine learning"" AND healthcare)"
SCOPUS_ID:105022099562,2-s2.0-105022099562,A Quantum-Enhanced Model for Accurate Breast Cancer Classification and Early Diagnosis,Kundu A.,International Conference on Computing Intelligence and Application Ciacon 2025,2025-01-01,10.1109/CIACON65473.2025.11189424,,,,,0,Conference Paper,"https://api.elsevier.com/content/abstract/scopus_id/105022099562, https://api.elsevier.com/content/abstract/scopus_id/105022099562?field=author,affiliation, https://www.scopus.com/inward/record.uri?partnerID=HzOxMe3b&scp=105022099562&origin=inward, https://www.scopus.com/inward/citedby.uri?partnerID=HzOxMe3b&scp=105022099562&origin=inward","TITLE-ABS-KEY(""quantum machine learning"" AND healthcare)"
SCOPUS_ID:105015877483,2-s2.0-105015877483,"Next-Generation Quantum Neural Networks: Enhancing Efficiency, Security, and Privacy",Innan N.,Proceedings 2025 IEEE 31st International Symposium on on Line Testing and Robust System Design Iolts 2025,2025-01-01,10.1109/IOLTS65288.2025.11116981,,,,,2,Conference Paper,"https://api.elsevier.com/content/abstract/scopus_id/105015877483, https://api.elsevier.com/content/abstract/scopus_id/105015877483?field=author,affiliation, https://www.scopus.com/inward/record.uri?partnerID=HzOxMe3b&scp=105015877483&origin=inward, https://www.scopus.com/inward/citedby.uri?partnerID=HzOxMe3b&scp=105015877483&origin=inward","TITLE-ABS-KEY(""quantum machine learning"" AND healthcare)"
SCOPUS_ID:105024066875,2-s2.0-105024066875,QCNN-ID: A Quantum-Classical Hybrid Model for IoT Intrusion Detection,Amara M.,Procedia Computer Science,2025-01-01,10.1016/j.procs.2025.09.340,,270,,2196-2204,0,Conference Paper,"https://api.elsevier.com/content/abstract/scopus_id/105024066875, https://api.elsevier.com/content/abstract/scopus_id/105024066875?field=author,affiliation, https://www.scopus.com/inward/record.uri?partnerID=HzOxMe3b&scp=105024066875&origin=inward, https://www.scopus.com/inward/citedby.uri?partnerID=HzOxMe3b&scp=105024066875&origin=inward, https://api.elsevier.com/content/article/eid/1-s2.0-S1877050925030133","TITLE-ABS-KEY(""quantum machine learning"" AND healthcare)"
SCOPUS_ID:105016652928,2-s2.0-105016652928,Federated Learning in Quantum Computing for Privacy-Preserving and Distributed Quantum Model Training,Mashetty P.c.,2025 6th International Conference on Data Intelligence and Cognitive Informatics Icdici 2025,2025-01-01,10.1109/ICDICI66477.2025.11135329,,,,1537-1544,2,Conference Paper,"https://api.elsevier.com/content/abstract/scopus_id/105016652928, https://api.elsevier.com/content/abstract/scopus_id/105016652928?field=author,affiliation, https://www.scopus.com/inward/record.uri?partnerID=HzOxMe3b&scp=105016652928&origin=inward, https://www.scopus.com/inward/citedby.uri?partnerID=HzOxMe3b&scp=105016652928&origin=inward","TITLE-ABS-KEY(""quantum machine learning"" AND healthcare)"
SCOPUS_ID:105021945203,2-s2.0-105021945203,Integrating Quantum Computing with Genomic Data Analysis: A Next-Generation Approach for Predicting Disease Susceptibility,Vindhya A.S.,Proceedings of the 4th International Conference on Innovative Mechanisms for Industry Applications Icimia 2025,2025-01-01,10.1109/ICIMIA67127.2025.11200908,,,,1168-1173,0,Conference Paper,"https://api.elsevier.com/content/abstract/scopus_id/105021945203, https://api.elsevier.com/content/abstract/scopus_id/105021945203?field=author,affiliation, https://www.scopus.com/inward/record.uri?partnerID=HzOxMe3b&scp=105021945203&origin=inward, https://www.scopus.com/inward/citedby.uri?partnerID=HzOxMe3b&scp=105021945203&origin=inward","TITLE-ABS-KEY(""quantum machine learning"" AND healthcare)"
SCOPUS_ID:105024210616,2-s2.0-105024210616,Quantum-Enhanced AI and Machine Learning: Transforming Predictive Analytics,Shammri F.K.A.,Recent Advances in Electrical and Electronic Engineering,2025-01-01,10.2174/0123520965377470250225062938,23520965,19,,,1,Review,"https://api.elsevier.com/content/abstract/scopus_id/105024210616, https://api.elsevier.com/content/abstract/scopus_id/105024210616?field=author,affiliation, https://www.scopus.com/inward/record.uri?partnerID=HzOxMe3b&scp=105024210616&origin=inward, https://www.scopus.com/inward/citedby.uri?partnerID=HzOxMe3b&scp=105024210616&origin=inward","TITLE-ABS-KEY(""quantum machine learning"" AND healthcare)"
SCOPUS_ID:105005429148,2-s2.0-105005429148,Air Quality and Healthy Ageing: Predictive Modeling of Pollutants Using CNN Quantum-LSTM,Naz F.,IEEE Access,2025-01-01,10.1109/ACCESS.2025.3570526,,13,,94212-94223,1,Article,"https://api.elsevier.com/content/abstract/scopus_id/105005429148, https://api.elsevier.com/content/abstract/scopus_id/105005429148?field=author,affiliation, https://www.scopus.com/inward/record.uri?partnerID=HzOxMe3b&scp=105005429148&origin=inward, https://www.scopus.com/inward/citedby.uri?partnerID=HzOxMe3b&scp=105005429148&origin=inward","TITLE-ABS-KEY(""quantum machine learning"" AND healthcare)"
SCOPUS_ID:105030071095,2-s2.0-105030071095,Towards Efficient Hybrid Quantum-Classical Learning Models,McCollum A.,Proceedings IEEE Quantum Week 2025 Qce 2025,2025-01-01,10.1109/QCE65121.2025.10494,,2,,659-660,0,Conference Paper,"https://api.elsevier.com/content/abstract/scopus_id/105030071095, https://api.elsevier.com/content/abstract/scopus_id/105030071095?field=author,affiliation, https://www.scopus.com/inward/record.uri?partnerID=HzOxMe3b&scp=105030071095&origin=inward, https://www.scopus.com/inward/citedby.uri?partnerID=HzOxMe3b&scp=105030071095&origin=inward","TITLE-ABS-KEY(""quantum machine learning"" AND healthcare)"
SCOPUS_ID:105015500233,2-s2.0-105015500233,Federated quantum-inspired anomaly detection using collaborative neural clients,Godavarthi D.,Frontiers in Artificial Intelligence,2025-01-01,10.3389/frai.2025.1648609,,8,,,1,Article,"https://api.elsevier.com/content/abstract/scopus_id/105015500233, https://api.elsevier.com/content/abstract/scopus_id/105015500233?field=author,affiliation, https://www.scopus.com/inward/record.uri?partnerID=HzOxMe3b&scp=105015500233&origin=inward, https://www.scopus.com/inward/citedby.uri?partnerID=HzOxMe3b&scp=105015500233&origin=inward","TITLE-ABS-KEY(""quantum machine learning"" AND healthcare)"
SCOPUS_ID:86000240443,2-s2.0-86000240443,Optimizing feature selection for predictive analytics with quantum algorithms,Manushree C.N.,Quantum AI Era of Neuromarketing,2024-12-13,10.4018/979-8-3693-7673-7.ch009,,,,203-242,4,Book Chapter,"https://api.elsevier.com/content/abstract/scopus_id/86000240443, https://api.elsevier.com/content/abstract/scopus_id/86000240443?field=author,affiliation, https://www.scopus.com/inward/record.uri?partnerID=HzOxMe3b&scp=86000240443&origin=inward, https://www.scopus.com/inward/citedby.uri?partnerID=HzOxMe3b&scp=86000240443&origin=inward","TITLE-ABS-KEY(""quantum machine learning"" AND healthcare)"
SCOPUS_ID:85207309131,2-s2.0-85207309131,Enhanced QSVM with elitist non-dominated sorting genetic optimisation algorithm for breast cancer diagnosis,Jose P.,Iet Quantum Communication,2024-12-01,10.1049/qtc2.12113,,5,4,384-398,8,Article,"https://api.elsevier.com/content/abstract/scopus_id/85207309131, https://api.elsevier.com/content/abstract/scopus_id/85207309131?field=author,affiliation, https://www.scopus.com/inward/record.uri?partnerID=HzOxMe3b&scp=85207309131&origin=inward, https://www.scopus.com/inward/citedby.uri?partnerID=HzOxMe3b&scp=85207309131&origin=inward","TITLE-ABS-KEY(""quantum machine learning"" AND healthcare)"
SCOPUS_ID:85186843853,2-s2.0-85186843853,Quantum Machine-Based Decision Support System for the Detection of Schizophrenia from EEG Records,Aksoy G.,Journal of Medical Systems,2024-12-01,10.1007/s10916-024-02048-0,01485598,48,1,,27,Article,"https://api.elsevier.com/content/abstract/scopus_id/85186843853, https://api.elsevier.com/content/abstract/scopus_id/85186843853?field=author,affiliation, https://www.scopus.com/inward/record.uri?partnerID=HzOxMe3b&scp=85186843853&origin=inward, https://www.scopus.com/inward/citedby.uri?partnerID=HzOxMe3b&scp=85186843853&origin=inward","TITLE-ABS-KEY(""quantum machine learning"" AND healthcare)"
SCOPUS_ID:85204624746,2-s2.0-85204624746,How can quantum computing be applied in clinical trial design and optimization?,Doga H.,Trends in Pharmacological Sciences,2024-10-01,10.1016/j.tips.2024.08.005,01656147,45,10,880-891,20,Review,"https://api.elsevier.com/content/abstract/scopus_id/85204624746, https://api.elsevier.com/content/abstract/scopus_id/85204624746?field=author,affiliation, https://www.scopus.com/inward/record.uri?partnerID=HzOxMe3b&scp=85204624746&origin=inward, https://www.scopus.com/inward/citedby.uri?partnerID=HzOxMe3b&scp=85204624746&origin=inward, https://api.elsevier.com/content/article/eid/1-s2.0-S0165614724001676","TITLE-ABS-KEY(""quantum machine learning"" AND healthcare)"
SCOPUS_ID:85205100183,2-s2.0-85205100183,Introducing HeliEns: A Novel Hybrid Ensemble Learning Algorithm for Early Diagnosis of Helicobacter pylori Infection,Qasem S.N.,Computers,2024-09-01,10.3390/computers13090217,,13,9,,0,Article,"https://api.elsevier.com/content/abstract/scopus_id/85205100183, https://api.elsevier.com/content/abstract/scopus_id/85205100183?field=author,affiliation, https://www.scopus.com/inward/record.uri?partnerID=HzOxMe3b&scp=85205100183&origin=inward, https://www.scopus.com/inward/citedby.uri?partnerID=HzOxMe3b&scp=85205100183&origin=inward","TITLE-ABS-KEY(""quantum machine learning"" AND healthcare)"
SCOPUS_ID:85169846334,2-s2.0-85169846334,Quantum machine learning-based framework to detect heart failures in Healthcare 4.0,Munshi M.,Software Practice and Experience,2024-02-01,10.1002/spe.3264,00380644,54,2,168-185,21,Article,"https://api.elsevier.com/content/abstract/scopus_id/85169846334, https://api.elsevier.com/content/abstract/scopus_id/85169846334?field=author,affiliation, https://www.scopus.com/inward/record.uri?partnerID=HzOxMe3b&scp=85169846334&origin=inward, https://www.scopus.com/inward/citedby.uri?partnerID=HzOxMe3b&scp=85169846334&origin=inward","TITLE-ABS-KEY(""quantum machine learning"" AND healthcare)"
SCOPUS_ID:105016265153,2-s2.0-105016265153,Quantum Machine Learning for Improved Detection of Cardiovascular Diseases: Exploring the Emerging Field and Future Directions,Ramkhelawan M.Y.,Icondbtm 2024 Proceedings International Conference on Digital Business and Technology Management,2024-01-01,10.1109/ICONDBTM64135.2024.11122824,,,,,0,Conference Paper,"https://api.elsevier.com/content/abstract/scopus_id/105016265153, https://api.elsevier.com/content/abstract/scopus_id/105016265153?field=author,affiliation, https://www.scopus.com/inward/record.uri?partnerID=HzOxMe3b&scp=105016265153&origin=inward, https://www.scopus.com/inward/citedby.uri?partnerID=HzOxMe3b&scp=105016265153&origin=inward","TITLE-ABS-KEY(""quantum machine learning"" AND healthcare)"
SCOPUS_ID:85205536908,2-s2.0-85205536908,Quantum Machine Learning-based Lung Cancer Prediction Framework for Healthcare 4.0,Munshi M.,2024 Asia Pacific Conference on Innovation in Technology Apcit 2024,2024-01-01,10.1109/APCIT62007.2024.10673456,,,,,4,Conference Paper,"https://api.elsevier.com/content/abstract/scopus_id/85205536908, https://api.elsevier.com/content/abstract/scopus_id/85205536908?field=author,affiliation, https://www.scopus.com/inward/record.uri?partnerID=HzOxMe3b&scp=85205536908&origin=inward, https://www.scopus.com/inward/citedby.uri?partnerID=HzOxMe3b&scp=85205536908&origin=inward","TITLE-ABS-KEY(""quantum machine learning"" AND healthcare)"
SCOPUS_ID:85215806355,2-s2.0-85215806355,Quantum Machine Learning: Bridging the Gap Between Theory and Practice,Mounika M.,Communications in Computer and Information Science,2024-01-01,10.1007/978-3-031-74682-6_7,18650929,2234 CCIS,,89-105,1,Conference Paper,"https://api.elsevier.com/content/abstract/scopus_id/85215806355, https://api.elsevier.com/content/abstract/scopus_id/85215806355?field=author,affiliation, https://www.scopus.com/inward/record.uri?partnerID=HzOxMe3b&scp=85215806355&origin=inward, https://www.scopus.com/inward/citedby.uri?partnerID=HzOxMe3b&scp=85215806355&origin=inward","TITLE-ABS-KEY(""quantum machine learning"" AND healthcare)"
SCOPUS_ID:85208066761,2-s2.0-85208066761,Federated quantum machine learning for drug discovery and healthcare,Saggi M.K.,Annual Reports in Computational Chemistry,2024-01-01,10.1016/bs.arcc.2024.10.007,15741400,20,,269-322,6,Article,"https://api.elsevier.com/content/abstract/scopus_id/85208066761, https://api.elsevier.com/content/abstract/scopus_id/85208066761?field=author,affiliation, https://www.scopus.com/inward/record.uri?partnerID=HzOxMe3b&scp=85208066761&origin=inward, https://www.scopus.com/inward/citedby.uri?partnerID=HzOxMe3b&scp=85208066761&origin=inward, https://api.elsevier.com/content/article/eid/1-s2.0-S1574140024000124","TITLE-ABS-KEY(""quantum machine learning"" AND healthcare)"
SCOPUS_ID:85216256367,2-s2.0-85216256367,Exploring Quantum Machine Learning Algorithms for Enhanced Data Classification and Clustering in Complex Systems - Integration with Gradient Boosting and K-means for Improved Performance,Babu M.,2024 International Conference on Cybernation and Computation Cybercom 2024,2024-01-01,10.1109/CYBERCOM63683.2024.10803157,,,,660-664,2,Conference Paper,"https://api.elsevier.com/content/abstract/scopus_id/85216256367, https://api.elsevier.com/content/abstract/scopus_id/85216256367?field=author,affiliation, https://www.scopus.com/inward/record.uri?partnerID=HzOxMe3b&scp=85216256367&origin=inward, https://www.scopus.com/inward/citedby.uri?partnerID=HzOxMe3b&scp=85216256367&origin=inward","TITLE-ABS-KEY(""quantum machine learning"" AND healthcare)"
SCOPUS_ID:85199362621,2-s2.0-85199362621,Potential in Quantum Machine Learning for Real-World Problems,Tiwari R.K.,5th International Conference on Recent Trends in Computer Science and Technology Icrtcst 2024 Proceedings,2024-01-01,10.1109/ICRTCST61793.2024.10578519,,,,695-700,8,Conference Paper,"https://api.elsevier.com/content/abstract/scopus_id/85199362621, https://api.elsevier.com/content/abstract/scopus_id/85199362621?field=author,affiliation, https://www.scopus.com/inward/record.uri?partnerID=HzOxMe3b&scp=85199362621&origin=inward, https://www.scopus.com/inward/citedby.uri?partnerID=HzOxMe3b&scp=85199362621&origin=inward","TITLE-ABS-KEY(""quantum machine learning"" AND healthcare)"
SCOPUS_ID:85201262719,2-s2.0-85201262719,Facial Emotion Recognition Through Quantum Machine learning,Kaur G.K.,2024 International Conference on Knowledge Engineering and Communication Systems Ickecs 2024,2024-01-01,10.1109/ICKECS61492.2024.10616819,,,,,2,Conference Paper,"https://api.elsevier.com/content/abstract/scopus_id/85201262719, https://api.elsevier.com/content/abstract/scopus_id/85201262719?field=author,affiliation, https://www.scopus.com/inward/record.uri?partnerID=HzOxMe3b&scp=85201262719&origin=inward, https://www.scopus.com/inward/citedby.uri?partnerID=HzOxMe3b&scp=85201262719&origin=inward","TITLE-ABS-KEY(""quantum machine learning"" AND healthcare)"
SCOPUS_ID:85203705359,2-s2.0-85203705359,Estimation of Energy Expenditure in Wearable Healthcare Technology by Quantum-Based LSTM Modeling (Invited Paper),Tran B.N.D.,Proceedings 2024 International Conference on Quantum Communications Networking and Computing Qcnc 2024,2024-01-01,10.1109/QCNC62729.2024.00053,,,,297-303,1,Conference Paper,"https://api.elsevier.com/content/abstract/scopus_id/85203705359, https://api.elsevier.com/content/abstract/scopus_id/85203705359?field=author,affiliation, https://www.scopus.com/inward/record.uri?partnerID=HzOxMe3b&scp=85203705359&origin=inward, https://www.scopus.com/inward/citedby.uri?partnerID=HzOxMe3b&scp=85203705359&origin=inward","TITLE-ABS-KEY(""quantum machine learning"" AND healthcare)"
SCOPUS_ID:85211847116,2-s2.0-85211847116,"Quantum artificial intelligence for healthcare, supply chain and smart city applications",Ignisha Rajathi G.,Exploring Intelligent Healthcare with Quantum Computing,2024-01-01,10.1049/PBHE060E_ch3,,,,35-46,0,Book Chapter,"https://api.elsevier.com/content/abstract/scopus_id/85211847116, https://api.elsevier.com/content/abstract/scopus_id/85211847116?field=author,affiliation, https://www.scopus.com/inward/record.uri?partnerID=HzOxMe3b&scp=85211847116&origin=inward, https://www.scopus.com/inward/citedby.uri?partnerID=HzOxMe3b&scp=85211847116&origin=inward","TITLE-ABS-KEY(""quantum machine learning"" AND healthcare)"
SCOPUS_ID:85211958702,2-s2.0-85211958702,Autism Spectrum Disorder Detection with Quantum Machine Learning Methods,Bagoun Y.,6th International Conference on Intelligent Computing in Data Sciences ICDS 2024,2024-01-01,10.1109/ICDS62089.2024.10756377,,,,,3,Conference Paper,"https://api.elsevier.com/content/abstract/scopus_id/85211958702, https://api.elsevier.com/content/abstract/scopus_id/85211958702?field=author,affiliation, https://www.scopus.com/inward/record.uri?partnerID=HzOxMe3b&scp=85211958702&origin=inward, https://www.scopus.com/inward/citedby.uri?partnerID=HzOxMe3b&scp=85211958702&origin=inward","TITLE-ABS-KEY(""quantum machine learning"" AND healthcare)"
SCOPUS_ID:105011287846,2-s2.0-105011287846,Synergizing Machine Learning Algorithms with Quantum Computing: A Path to Unprecedented Capabilities,Pulugu D.,3rd International Conference on Advances in Computing Communication and Materials Icaccm 2024,2024-01-01,10.1109/ICACCM61117.2024.11058996,,,,,0,Conference Paper,"https://api.elsevier.com/content/abstract/scopus_id/105011287846, https://api.elsevier.com/content/abstract/scopus_id/105011287846?field=author,affiliation, https://www.scopus.com/inward/record.uri?partnerID=HzOxMe3b&scp=105011287846&origin=inward, https://www.scopus.com/inward/citedby.uri?partnerID=HzOxMe3b&scp=105011287846&origin=inward","TITLE-ABS-KEY(""quantum machine learning"" AND healthcare)"
SCOPUS_ID:85202624103,2-s2.0-85202624103,Analytical Challenges of Quantum and Classical Computing in Thailand: A Comparative Exploration of Machine Learning Through Classification,Chaipunha N.,5th Technology Innovation Management and Engineering Science International Conference Times Icon 2024 Proceedings,2024-01-01,10.1109/TIMES-ICON61890.2024.10630768,,,,,4,Conference Paper,"https://api.elsevier.com/content/abstract/scopus_id/85202624103, https://api.elsevier.com/content/abstract/scopus_id/85202624103?field=author,affiliation, https://www.scopus.com/inward/record.uri?partnerID=HzOxMe3b&scp=85202624103&origin=inward, https://www.scopus.com/inward/citedby.uri?partnerID=HzOxMe3b&scp=85202624103&origin=inward","TITLE-ABS-KEY(""quantum machine learning"" AND healthcare)"
SCOPUS_ID:85204989498,2-s2.0-85204989498,FedQNN: Federated Learning using Quantum Neural Networks,Innan N.,Proceedings of the International Joint Conference on Neural Networks,2024-01-01,10.1109/IJCNN60899.2024.10651123,,,,,28,Conference Paper,"https://api.elsevier.com/content/abstract/scopus_id/85204989498, https://api.elsevier.com/content/abstract/scopus_id/85204989498?field=author,affiliation, https://www.scopus.com/inward/record.uri?partnerID=HzOxMe3b&scp=85204989498&origin=inward, https://www.scopus.com/inward/citedby.uri?partnerID=HzOxMe3b&scp=85204989498&origin=inward","TITLE-ABS-KEY(""quantum machine learning"" AND healthcare)"
SCOPUS_ID:105000737990,2-s2.0-105000737990,"Algorithmic Approaches, Practical Implementations and Future Research Directions in Machine Learning",Sharma V.,Proceedings IEEE 2024 1st International Conference on Advances in Computing Communication and Networking Icac2n 2024,2024-01-01,10.1109/ICAC2N63387.2024.10895837,,,,121-126,2,Conference Paper,"https://api.elsevier.com/content/abstract/scopus_id/105000737990, https://api.elsevier.com/content/abstract/scopus_id/105000737990?field=author,affiliation, https://www.scopus.com/inward/record.uri?partnerID=HzOxMe3b&scp=105000737990&origin=inward, https://www.scopus.com/inward/citedby.uri?partnerID=HzOxMe3b&scp=105000737990&origin=inward","TITLE-ABS-KEY(""quantum machine learning"" AND healthcare)"
SCOPUS_ID:85218408019,2-s2.0-85218408019,Fraud Detection using Quantum Machine Learning(QML),Kamble S.S.,2024 Global Conference on Communications and Information Technologies Gccit 2024,2024-01-01,10.1109/GCCIT63234.2024.10862508,,,,,1,Conference Paper,"https://api.elsevier.com/content/abstract/scopus_id/85218408019, https://api.elsevier.com/content/abstract/scopus_id/85218408019?field=author,affiliation, https://www.scopus.com/inward/record.uri?partnerID=HzOxMe3b&scp=85218408019&origin=inward, https://www.scopus.com/inward/citedby.uri?partnerID=HzOxMe3b&scp=85218408019&origin=inward","TITLE-ABS-KEY(""quantum machine learning"" AND healthcare)"
SCOPUS_ID:105001388670,2-s2.0-105001388670,Communication-efficient Quantum Federated Learning Optimization for Multi-Center Healthcare Data,Singh Bhatia A.,Bhi 2024 IEEE EMBS International Conference on Biomedical and Health Informatics Proceedings,2024-01-01,10.1109/BHI62660.2024.10913485,,,,,10,Conference Paper,"https://api.elsevier.com/content/abstract/scopus_id/105001388670, https://api.elsevier.com/content/abstract/scopus_id/105001388670?field=author,affiliation, https://www.scopus.com/inward/record.uri?partnerID=HzOxMe3b&scp=105001388670&origin=inward, https://www.scopus.com/inward/citedby.uri?partnerID=HzOxMe3b&scp=105001388670&origin=inward","TITLE-ABS-KEY(""quantum machine learning"" AND healthcare)"
SCOPUS_ID:85217187480,2-s2.0-85217187480,Responsible Quantum Readiness: A Perspective from Financial Services Organization,Mehta B.,Proceedings IEEE Quantum Week 2024 Qce 2024,2024-01-01,10.1109/QCE60285.2024.10255,,2,,71-76,2,Conference Paper,"https://api.elsevier.com/content/abstract/scopus_id/85217187480, https://api.elsevier.com/content/abstract/scopus_id/85217187480?field=author,affiliation, https://www.scopus.com/inward/record.uri?partnerID=HzOxMe3b&scp=85217187480&origin=inward, https://www.scopus.com/inward/citedby.uri?partnerID=HzOxMe3b&scp=85217187480&origin=inward","TITLE-ABS-KEY(""quantum machine learning"" AND healthcare)"
SCOPUS_ID:85217391801,2-s2.0-85217391801,On the Robustness of Variational Quantum Classifier Against 'Label Flipping Attacks' in Federated Learning for Semiconductor Manufacturing,Bhatia A.S.,Proceedings IEEE Quantum Week 2024 Qce 2024,2024-01-01,10.1109/QCE60285.2024.00028,,1,,161-168,2,Conference Paper,"https://api.elsevier.com/content/abstract/scopus_id/85217391801, https://api.elsevier.com/content/abstract/scopus_id/85217391801?field=author,affiliation, https://www.scopus.com/inward/record.uri?partnerID=HzOxMe3b&scp=85217391801&origin=inward, https://www.scopus.com/inward/citedby.uri?partnerID=HzOxMe3b&scp=85217391801&origin=inward","TITLE-ABS-KEY(""quantum machine learning"" AND healthcare)"
SCOPUS_ID:85183819204,2-s2.0-85183819204,Quantum machine learning for biomedical data analysis,Dankan Gowda V.,Quantum Innovations at the Nexus of Biomedical Intelligence,2023-12-29,10.4018/979-8-3693-1479-1.ch011,,,,180-205,7,Book Chapter,"https://api.elsevier.com/content/abstract/scopus_id/85183819204, https://api.elsevier.com/content/abstract/scopus_id/85183819204?field=author,affiliation, https://www.scopus.com/inward/record.uri?partnerID=HzOxMe3b&scp=85183819204&origin=inward, https://www.scopus.com/inward/citedby.uri?partnerID=HzOxMe3b&scp=85183819204&origin=inward","TITLE-ABS-KEY(""quantum machine learning"" AND healthcare)"
SCOPUS_ID:85183801852,2-s2.0-85183801852,Quantum computing for dengue fever outbreak prediction: Machine learning and genetic hybrid algorithms approach,Chinnathambi D.,Quantum Innovations at the Nexus of Biomedical Intelligence,2023-12-29,10.4018/979-8-3693-1479-1.ch010,,,,167-179,6,Book Chapter,"https://api.elsevier.com/content/abstract/scopus_id/85183801852, https://api.elsevier.com/content/abstract/scopus_id/85183801852?field=author,affiliation, https://www.scopus.com/inward/record.uri?partnerID=HzOxMe3b&scp=85183801852&origin=inward, https://www.scopus.com/inward/citedby.uri?partnerID=HzOxMe3b&scp=85183801852&origin=inward","TITLE-ABS-KEY(""quantum machine learning"" AND healthcare)"
SCOPUS_ID:85180544759,2-s2.0-85180544759,"Transformative AI: Responsible, Transparent, and Trustworthy AI Systems",Banafa A.,Transformative AI Responsible Transparent and Trustworthy AI Systems,2023-12-12,,,,,1-156,5,Book,"https://api.elsevier.com/content/abstract/scopus_id/85180544759, https://api.elsevier.com/content/abstract/scopus_id/85180544759?field=author,affiliation, https://www.scopus.com/inward/record.uri?partnerID=HzOxMe3b&scp=85180544759&origin=inward, https://www.scopus.com/inward/citedby.uri?partnerID=HzOxMe3b&scp=85180544759&origin=inward","TITLE-ABS-KEY(""quantum machine learning"" AND healthcare)"
SCOPUS_ID:85165542749,2-s2.0-85165542749,Smart explainable artificial intelligence for sustainable secure healthcare application based on quantum optical neural network,Suhasini S.,Optical and Quantum Electronics,2023-10-01,10.1007/s11082-023-05155-3,03068919,55,10,,7,Article,"https://api.elsevier.com/content/abstract/scopus_id/85165542749, https://api.elsevier.com/content/abstract/scopus_id/85165542749?field=author,affiliation, https://www.scopus.com/inward/record.uri?partnerID=HzOxMe3b&scp=85165542749&origin=inward, https://www.scopus.com/inward/citedby.uri?partnerID=HzOxMe3b&scp=85165542749&origin=inward","TITLE-ABS-KEY(""quantum machine learning"" AND healthcare)"
SCOPUS_ID:85151084880,2-s2.0-85151084880,Patient Data Analysis with the Quantum Clustering Method,Deshmukh S.,Quantum Reports,2023-03-01,10.3390/quantum5010010,,5,1,138-155,8,Article,"https://api.elsevier.com/content/abstract/scopus_id/85151084880, https://api.elsevier.com/content/abstract/scopus_id/85151084880?field=author,affiliation, https://www.scopus.com/inward/record.uri?partnerID=HzOxMe3b&scp=85151084880&origin=inward, https://www.scopus.com/inward/citedby.uri?partnerID=HzOxMe3b&scp=85151084880&origin=inward","TITLE-ABS-KEY(""quantum machine learning"" AND healthcare)"
SCOPUS_ID:85139973817,2-s2.0-85139973817,Explainable Heart Disease Prediction Using Ensemble-Quantum Machine Learning Approach,Abdulsalam G.,Intelligent Automation and Soft Computing,2023-01-01,10.32604/iasc.2023.032262,10798587,36,1,761-779,77,Article,"https://api.elsevier.com/content/abstract/scopus_id/85139973817, https://api.elsevier.com/content/abstract/scopus_id/85139973817?field=author,affiliation, https://www.scopus.com/inward/record.uri?partnerID=HzOxMe3b&scp=85139973817&origin=inward, https://www.scopus.com/inward/citedby.uri?partnerID=HzOxMe3b&scp=85139973817&origin=inward","TITLE-ABS-KEY(""quantum machine learning"" AND healthcare)"
SCOPUS_ID:85179938465,2-s2.0-85179938465,Oncological Applications of Quantum Machine Learning,Rahimi M.,Technology in Cancer Research and Treatment,2023-01-01,10.1177/15330338231215214,15330346,22,,,25,Review,"https://api.elsevier.com/content/abstract/scopus_id/85179938465, https://api.elsevier.com/content/abstract/scopus_id/85179938465?field=author,affiliation, https://www.scopus.com/inward/record.uri?partnerID=HzOxMe3b&scp=85179938465&origin=inward, https://www.scopus.com/inward/citedby.uri?partnerID=HzOxMe3b&scp=85179938465&origin=inward","TITLE-ABS-KEY(""quantum machine learning"" AND healthcare)"
SCOPUS_ID:85158133768,2-s2.0-85158133768,"2023 IEEE International Conference on Integrated Circuits and Communication Systems, ICICACS 2023",,2023 IEEE International Conference on Integrated Circuits and Communication Systems Icicacs 2023,2023-01-01,,,,,,0,Conference Review,"https://api.elsevier.com/content/abstract/scopus_id/85158133768, https://api.elsevier.com/content/abstract/scopus_id/85158133768?field=author,affiliation, https://www.scopus.com/inward/record.uri?partnerID=HzOxMe3b&scp=85158133768&origin=inward, https://www.scopus.com/inward/citedby.uri?partnerID=HzOxMe3b&scp=85158133768&origin=inward","TITLE-ABS-KEY(""quantum machine learning"" AND healthcare)"
SCOPUS_ID:85187401495,2-s2.0-85187401495,Machine Learning in the Quantum Era,Khurana S.,2023 2nd International Conference on Futuristic Technologies Incoft 2023,2023-01-01,10.1109/INCOFT60753.2023.10425372,,,,,1,Conference Paper,"https://api.elsevier.com/content/abstract/scopus_id/85187401495, https://api.elsevier.com/content/abstract/scopus_id/85187401495?field=author,affiliation, https://www.scopus.com/inward/record.uri?partnerID=HzOxMe3b&scp=85187401495&origin=inward, https://www.scopus.com/inward/citedby.uri?partnerID=HzOxMe3b&scp=85187401495&origin=inward","TITLE-ABS-KEY(""quantum machine learning"" AND healthcare)"
SCOPUS_ID:85168859589,2-s2.0-85168859589,Mental Health Analysis during Pandemic: A Survey of Detection and Treatment,Basak Upama P.,Proceedings International Computer Software and Applications Conference,2023-01-01,10.1109/COMPSAC57700.2023.00236,07303157,2023-June,,1530-1538,4,Conference Paper,"https://api.elsevier.com/content/abstract/scopus_id/85168859589, https://api.elsevier.com/content/abstract/scopus_id/85168859589?field=author,affiliation, https://www.scopus.com/inward/record.uri?partnerID=HzOxMe3b&scp=85168859589&origin=inward, https://www.scopus.com/inward/citedby.uri?partnerID=HzOxMe3b&scp=85168859589&origin=inward","TITLE-ABS-KEY(""quantum machine learning"" AND healthcare)"
SCOPUS_ID:85176211837,2-s2.0-85176211837,Quantum simulation scenarios and disease classification behaviour on diabetes data,Singh A.,International Journal of Ad Hoc and Ubiquitous Computing,2023-01-01,10.1504/IJAHUC.2023.134604,17438225,44,2,109-123,0,Article,"https://api.elsevier.com/content/abstract/scopus_id/85176211837, https://api.elsevier.com/content/abstract/scopus_id/85176211837?field=author,affiliation, https://www.scopus.com/inward/record.uri?partnerID=HzOxMe3b&scp=85176211837&origin=inward, https://www.scopus.com/inward/citedby.uri?partnerID=HzOxMe3b&scp=85176211837&origin=inward","TITLE-ABS-KEY(""quantum machine learning"" AND healthcare)"
SCOPUS_ID:85146447634,2-s2.0-85146447634,Epidemic Healthcare Kiosk: A Social Economic Remote Solution Using IoT,Jagannath D.J.,International Journal of E Health and Medical Communications,2022-10-31,10.4018/IJEHMC.313912,1947315X,13,5,,0,Article,"https://api.elsevier.com/content/abstract/scopus_id/85146447634, https://api.elsevier.com/content/abstract/scopus_id/85146447634?field=author,affiliation, https://www.scopus.com/inward/record.uri?partnerID=HzOxMe3b&scp=85146447634&origin=inward, https://www.scopus.com/inward/citedby.uri?partnerID=HzOxMe3b&scp=85146447634&origin=inward","TITLE-ABS-KEY(""quantum machine learning"" AND healthcare)"
SCOPUS_ID:85123603935,2-s2.0-85123603935,"Machine learning in the quantum realm: The state-of-the-art, challenges, and future vision",Houssein E.H.,Expert Systems with Applications,2022-05-15,10.1016/j.eswa.2022.116512,09574174,194,,,123,Review,"https://api.elsevier.com/content/abstract/scopus_id/85123603935, https://api.elsevier.com/content/abstract/scopus_id/85123603935?field=author,affiliation, https://www.scopus.com/inward/record.uri?partnerID=HzOxMe3b&scp=85123603935&origin=inward, https://www.scopus.com/inward/citedby.uri?partnerID=HzOxMe3b&scp=85123603935&origin=inward, https://api.elsevier.com/content/article/eid/1-s2.0-S0957417422000136","TITLE-ABS-KEY(""quantum machine learning"" AND healthcare)"
SCOPUS_ID:85141095762,2-s2.0-85141095762,Quantum Machine Learning for Audio Classification with Applications to Healthcare,Esposito M.,13th International Conference on Information Intelligence Systems and Applications Iisa 2022,2022-01-01,10.1109/IISA56318.2022.9904377,,,,,30,Conference Paper,"https://api.elsevier.com/content/abstract/scopus_id/85141095762, https://api.elsevier.com/content/abstract/scopus_id/85141095762?field=author,affiliation, https://www.scopus.com/inward/record.uri?partnerID=HzOxMe3b&scp=85141095762&origin=inward, https://www.scopus.com/inward/citedby.uri?partnerID=HzOxMe3b&scp=85141095762&origin=inward","TITLE-ABS-KEY(""quantum machine learning"" AND healthcare)"
SCOPUS_ID:85130842809,2-s2.0-85130842809,Quantum Kernels for Real-World Predictions Based on Electronic Health Records,Krunic Z.,IEEE Transactions on Quantum Engineering,2022-01-01,10.1109/TQE.2022.3176806,,3,,,37,Article,"https://api.elsevier.com/content/abstract/scopus_id/85130842809, https://api.elsevier.com/content/abstract/scopus_id/85130842809?field=author,affiliation, https://www.scopus.com/inward/record.uri?partnerID=HzOxMe3b&scp=85130842809&origin=inward, https://www.scopus.com/inward/citedby.uri?partnerID=HzOxMe3b&scp=85130842809&origin=inward","TITLE-ABS-KEY(""quantum machine learning"" AND healthcare)"
SCOPUS_ID:85141087077,2-s2.0-85141087077,"13th International Conference on Information, Intelligence, Systems and Applications, IISA 2022",,13th International Conference on Information Intelligence Systems and Applications Iisa 2022,2022-01-01,,,,,,0,Conference Review,"https://api.elsevier.com/content/abstract/scopus_id/85141087077, https://api.elsevier.com/content/abstract/scopus_id/85141087077?field=author,affiliation, https://www.scopus.com/inward/record.uri?partnerID=HzOxMe3b&scp=85141087077&origin=inward, https://www.scopus.com/inward/citedby.uri?partnerID=HzOxMe3b&scp=85141087077&origin=inward","TITLE-ABS-KEY(""quantum machine learning"" AND healthcare)"
SCOPUS_ID:85146831455,2-s2.0-85146831455,Quantum Image Classification on NISQ Devices,Al-Ogbi S.,Proceedings 2022 14th IEEE International Conference on Computational Intelligence and Communication Networks Cicn 2022,2022-01-01,10.1109/CICN56167.2022.10008259,,,,83-89,5,Conference Paper,"https://api.elsevier.com/content/abstract/scopus_id/85146831455, https://api.elsevier.com/content/abstract/scopus_id/85146831455?field=author,affiliation, https://www.scopus.com/inward/record.uri?partnerID=HzOxMe3b&scp=85146831455&origin=inward, https://www.scopus.com/inward/citedby.uri?partnerID=HzOxMe3b&scp=85146831455&origin=inward","TITLE-ABS-KEY(""quantum machine learning"" AND healthcare)"
SCOPUS_ID:85119420122,2-s2.0-85119420122,Quantum-Enhanced Machine Learning,Rajeswari Satuluri V.K.R.,Proceedings 1st International Conference on Smart Technologies Communication and Robotics Stcr 2021,2021-10-09,10.1109/STCR51658.2021.9589016,,,,,8,Conference Paper,"https://api.elsevier.com/content/abstract/scopus_id/85119420122, https://api.elsevier.com/content/abstract/scopus_id/85119420122?field=author,affiliation, https://www.scopus.com/inward/record.uri?partnerID=HzOxMe3b&scp=85119420122&origin=inward, https://www.scopus.com/inward/citedby.uri?partnerID=HzOxMe3b&scp=85119420122&origin=inward","TITLE-ABS-KEY(""quantum machine learning"" AND healthcare)"
SCOPUS_ID:85125801942,2-s2.0-85125801942,Diabetes Prediction Using Quantum Neurons with Preprocessing Based on Hypercomplex Numbers,Monteiro C.A.,2021 IEEE Symposium Series on Computational Intelligence Ssci 2021 Proceedings,2021-01-01,10.1109/SSCI50451.2021.9660028,,,,,2,Conference Paper,"https://api.elsevier.com/content/abstract/scopus_id/85125801942, https://api.elsevier.com/content/abstract/scopus_id/85125801942?field=author,affiliation, https://www.scopus.com/inward/record.uri?partnerID=HzOxMe3b&scp=85125801942&origin=inward, https://www.scopus.com/inward/citedby.uri?partnerID=HzOxMe3b&scp=85125801942&origin=inward","TITLE-ABS-KEY(""quantum machine learning"" AND healthcare)"
SCOPUS_ID:85097504201,2-s2.0-85097504201,Towards quantum computing based community detection,Akbar S.,Computer Science Review,2020-11-01,10.1016/j.cosrev.2020.100313,15740137,38,,,23,Review,"https://api.elsevier.com/content/abstract/scopus_id/85097504201, https://api.elsevier.com/content/abstract/scopus_id/85097504201?field=author,affiliation, https://www.scopus.com/inward/record.uri?partnerID=HzOxMe3b&scp=85097504201&origin=inward, https://www.scopus.com/inward/citedby.uri?partnerID=HzOxMe3b&scp=85097504201&origin=inward, https://api.elsevier.com/content/article/eid/1-s2.0-S1574013720304135","TITLE-ABS-KEY(""quantum machine learning"" AND healthcare)"
SCOPUS_ID:85094788082,2-s2.0-85094788082,Efficient Discrete Feature Encoding for Variational Quantum Classifier,Yano H.,Proceedings IEEE International Conference on Quantum Computing and Engineering Qce 2020,2020-10-01,10.1109/QCE49297.2020.00012,,,,11-21,23,Conference Paper,"https://api.elsevier.com/content/abstract/scopus_id/85094788082, https://api.elsevier.com/content/abstract/scopus_id/85094788082?field=author,affiliation, https://www.scopus.com/inward/record.uri?partnerID=HzOxMe3b&scp=85094788082&origin=inward, https://www.scopus.com/inward/citedby.uri?partnerID=HzOxMe3b&scp=85094788082&origin=inward","TITLE-ABS-KEY(""quantum machine learning"" AND healthcare)"
SCOPUS_ID:85167839904,2-s2.0-85167839904,DTQFL: A Digital Twin-Assisted Quantum Federated Learning Algorithm for Intelligent Diagnosis in 5G Mobile Network,Qu Z.,IEEE Journal of Biomedical and Health Informatics,2026-01-01,10.1109/JBHI.2023.3303401,21682194,30,1,17-26,43,Article,"https://api.elsevier.com/content/abstract/scopus_id/85167839904, https://api.elsevier.com/content/abstract/scopus_id/85167839904?field=author,affiliation, https://www.scopus.com/inward/record.uri?partnerID=HzOxMe3b&scp=85167839904&origin=inward, https://www.scopus.com/inward/citedby.uri?partnerID=HzOxMe3b&scp=85167839904&origin=inward","TITLE-ABS-KEY(""variational quantum"" AND medicine)"
SCOPUS_ID:105007448382,2-s2.0-105007448382,Quantum-enhanced intelligent system for personalized adaptive radiotherapy dose estimation,Lal R.,Scientific Reports,2025-12-01,10.1038/s41598-025-05673-y,,15,1,,2,Article,"https://api.elsevier.com/content/abstract/scopus_id/105007448382, https://api.elsevier.com/content/abstract/scopus_id/105007448382?field=author,affiliation, https://www.scopus.com/inward/record.uri?partnerID=HzOxMe3b&scp=105007448382&origin=inward, https://www.scopus.com/inward/citedby.uri?partnerID=HzOxMe3b&scp=105007448382&origin=inward","TITLE-ABS-KEY(""variational quantum"" AND medicine)"
SCOPUS_ID:105026184089,2-s2.0-105026184089,Quantum-entangled neuro-symbolic swarm federation for privacy-preserving IoMT-driven multimodal healthcare,Ben Othman S.,Scientific Reports,2025-12-01,10.1038/s41598-025-31820-6,,15,1,,0,Article,"https://api.elsevier.com/content/abstract/scopus_id/105026184089, https://api.elsevier.com/content/abstract/scopus_id/105026184089?field=author,affiliation, https://www.scopus.com/inward/record.uri?partnerID=HzOxMe3b&scp=105026184089&origin=inward, https://www.scopus.com/inward/citedby.uri?partnerID=HzOxMe3b&scp=105026184089&origin=inward","TITLE-ABS-KEY(""variational quantum"" AND medicine)"
SCOPUS_ID:85216617997,2-s2.0-85216617997,QuantumNet: An enhanced diabetic retinopathy detection model using classical deep learning-quantum transfer learning,Bali M.,Methodsx,2025-06-01,10.1016/j.mex.2025.103185,,14,,,8,Article,"https://api.elsevier.com/content/abstract/scopus_id/85216617997, https://api.elsevier.com/content/abstract/scopus_id/85216617997?field=author,affiliation, https://www.scopus.com/inward/record.uri?partnerID=HzOxMe3b&scp=85216617997&origin=inward, https://www.scopus.com/inward/citedby.uri?partnerID=HzOxMe3b&scp=85216617997&origin=inward, https://api.elsevier.com/content/article/eid/1-s2.0-S2215016125000330","TITLE-ABS-KEY(""variational quantum"" AND medicine)"
SCOPUS_ID:85201699515,2-s2.0-85201699515,Insight into Quantum Computing and Deep Learning Approach for Drug Design,Paliwal D.,Letters in Drug Design and Discovery,2024-01-01,10.2174/1570180820666230427151812,15701808,21,10,1632-1651,3,Review,"https://api.elsevier.com/content/abstract/scopus_id/85201699515, https://api.elsevier.com/content/abstract/scopus_id/85201699515?field=author,affiliation, https://www.scopus.com/inward/record.uri?partnerID=HzOxMe3b&scp=85201699515&origin=inward, https://www.scopus.com/inward/citedby.uri?partnerID=HzOxMe3b&scp=85201699515&origin=inward","TITLE-ABS-KEY(""variational quantum"" AND medicine)"
SCOPUS_ID:85101077772,2-s2.0-85101077772,Resource-efficient quantum algorithm for protein folding,Robert A.,Npj Quantum Information,2021-12-01,10.1038/s41534-021-00368-4,,7,1,,143,Article,"https://api.elsevier.com/content/abstract/scopus_id/85101077772, https://api.elsevier.com/content/abstract/scopus_id/85101077772?field=author,affiliation, https://www.scopus.com/inward/record.uri?partnerID=HzOxMe3b&scp=85101077772&origin=inward, https://www.scopus.com/inward/citedby.uri?partnerID=HzOxMe3b&scp=85101077772&origin=inward","TITLE-ABS-KEY(""variational quantum"" AND medicine)"
SCOPUS_ID:105026658441,2-s2.0-105026658441,6G-Based Secure VR-Digital Twin Framework for Personalized Mental Health Care,Gowthaman N.,Signals and Communication Technology,2026-01-01,10.1007/978-981-95-1683-4_10,18604862,Part F1261,,143-169,0,Book Chapter,"https://api.elsevier.com/content/abstract/scopus_id/105026658441, https://api.elsevier.com/content/abstract/scopus_id/105026658441?field=author,affiliation, https://www.scopus.com/inward/record.uri?partnerID=HzOxMe3b&scp=105026658441&origin=inward, https://www.scopus.com/inward/citedby.uri?partnerID=HzOxMe3b&scp=105026658441&origin=inward","TITLE-ABS-KEY(""quantum neural network"" AND medicine)"
SCOPUS_ID:105026687691,2-s2.0-105026687691,Intelligent Retrieval and Secure Content Generation in Consumer Healthcare Electronics Using Quantum Blockchain and Edge-Fog-Cloud Intelligence,Thirunavukkarasan M.,IEEE Transactions on Consumer Electronics,2026-01-01,10.1109/TCE.2025.3650338,00983063,,,,0,Article,"https://api.elsevier.com/content/abstract/scopus_id/105026687691, https://api.elsevier.com/content/abstract/scopus_id/105026687691?field=author,affiliation, https://www.scopus.com/inward/record.uri?partnerID=HzOxMe3b&scp=105026687691&origin=inward, https://www.scopus.com/inward/citedby.uri?partnerID=HzOxMe3b&scp=105026687691&origin=inward","TITLE-ABS-KEY(""quantum neural network"" AND medicine)"
SCOPUS_ID:85208202519,2-s2.0-85208202519,Intelligent Generative Models for Quantum Neural Networks,Ding X.,Advanced Quantum Technologies,2025-12-01,10.1002/qute.202400178,,8,12,,1,Article,"https://api.elsevier.com/content/abstract/scopus_id/85208202519, https://api.elsevier.com/content/abstract/scopus_id/85208202519?field=author,affiliation, https://www.scopus.com/inward/record.uri?partnerID=HzOxMe3b&scp=85208202519&origin=inward, https://www.scopus.com/inward/citedby.uri?partnerID=HzOxMe3b&scp=85208202519&origin=inward","TITLE-ABS-KEY(""quantum neural network"" AND medicine)"
SCOPUS_ID:105025805194,2-s2.0-105025805194,Quantum Neural Networks in Magnetic Resonance Imaging: Advancing Diagnostic Precision Through Emerging Computational Paradigms,Rosa E.,Computers,2025-12-01,10.3390/computers14120529,,14,12,,0,Review,"https://api.elsevier.com/content/abstract/scopus_id/105025805194, https://api.elsevier.com/content/abstract/scopus_id/105025805194?field=author,affiliation, https://www.scopus.com/inward/record.uri?partnerID=HzOxMe3b&scp=105025805194&origin=inward, https://www.scopus.com/inward/citedby.uri?partnerID=HzOxMe3b&scp=105025805194&origin=inward","TITLE-ABS-KEY(""quantum neural network"" AND medicine)"
SCOPUS_ID:105014009631,2-s2.0-105014009631,Bi-directional semi-3D network for accurate epicardial fat segmentation and quantification using reflection equivariant quantum neural networks,S J.,Computers in Biology and Medicine,2025-10-01,10.1016/j.compbiomed.2025.110941,00104825,197,,,0,Article,"https://api.elsevier.com/content/abstract/scopus_id/105014009631, https://api.elsevier.com/content/abstract/scopus_id/105014009631?field=author,affiliation, https://www.scopus.com/inward/record.uri?partnerID=HzOxMe3b&scp=105014009631&origin=inward, https://www.scopus.com/inward/citedby.uri?partnerID=HzOxMe3b&scp=105014009631&origin=inward, https://api.elsevier.com/content/article/eid/1-s2.0-S0010482525012934","TITLE-ABS-KEY(""quantum neural network"" AND medicine)"
SCOPUS_ID:105010229819,2-s2.0-105010229819,QFMNet: Quantum fusion maxout network for brain activity detection using motor imagery of EEG signals,Mahalungkar S.P.,Intelligent Decision Technologies,2025-03-01,10.1177/18724981241292473,18724981,19,2,1209-1225,0,Article,"https://api.elsevier.com/content/abstract/scopus_id/105010229819, https://api.elsevier.com/content/abstract/scopus_id/105010229819?field=author,affiliation, https://www.scopus.com/inward/record.uri?partnerID=HzOxMe3b&scp=105010229819&origin=inward, https://www.scopus.com/inward/citedby.uri?partnerID=HzOxMe3b&scp=105010229819&origin=inward","TITLE-ABS-KEY(""quantum neural network"" AND medicine)"
SCOPUS_ID:105010205523,2-s2.0-105010205523,Quantum-Enhanced Deep Learning for Predictive Diagnostics and Personalized Treatment in Smart Healthcare Systems,Rajesh R.,Proceedings of 5th International Conference on Pervasive Computing and Social Networking Icpcsn 2025,2025-01-01,10.1109/ICPCSN65854.2025.11035338,,,,794-801,1,Conference Paper,"https://api.elsevier.com/content/abstract/scopus_id/105010205523, https://api.elsevier.com/content/abstract/scopus_id/105010205523?field=author,affiliation, https://www.scopus.com/inward/record.uri?partnerID=HzOxMe3b&scp=105010205523&origin=inward, https://www.scopus.com/inward/citedby.uri?partnerID=HzOxMe3b&scp=105010205523&origin=inward","TITLE-ABS-KEY(""quantum neural network"" AND medicine)"
SCOPUS_ID:85189533400,2-s2.0-85189533400,"International Workshop on Machine Learning and Quantum Computing Applications in Medicine and Physics, WMLQ 2022",,Aip Conference Proceedings,2024-03-15,,0094243X,3061,1,,0,Conference Review,"https://api.elsevier.com/content/abstract/scopus_id/85189533400, https://api.elsevier.com/content/abstract/scopus_id/85189533400?field=author,affiliation, https://www.scopus.com/inward/record.uri?partnerID=HzOxMe3b&scp=85189533400&origin=inward, https://www.scopus.com/inward/citedby.uri?partnerID=HzOxMe3b&scp=85189533400&origin=inward","TITLE-ABS-KEY(""quantum neural network"" AND medicine)"
SCOPUS_ID:85211506274,2-s2.0-85211506274,Integrating Deep Learning with Quantum Computing for Revolutionary Advancements in Computational Capabilities,Sudhamsu G.,2024 International Conference on Advances in Computing Research on Science Engineering and Technology Acroset 2024,2024-01-01,10.1109/ACROSET62108.2024.10743497,,,,,1,Conference Paper,"https://api.elsevier.com/content/abstract/scopus_id/85211506274, https://api.elsevier.com/content/abstract/scopus_id/85211506274?field=author,affiliation, https://www.scopus.com/inward/record.uri?partnerID=HzOxMe3b&scp=85211506274&origin=inward, https://www.scopus.com/inward/citedby.uri?partnerID=HzOxMe3b&scp=85211506274&origin=inward","TITLE-ABS-KEY(""quantum neural network"" AND medicine)"
SCOPUS_ID:85212337755,2-s2.0-85212337755,Big Data and AI Algorithms for Sustainable Development Goals: A Topic Modeling Analysis,Nedungadi P.,IEEE Access,2024-01-01,10.1109/ACCESS.2024.3516500,,12,,188519-188541,40,Article,"https://api.elsevier.com/content/abstract/scopus_id/85212337755, https://api.elsevier.com/content/abstract/scopus_id/85212337755?field=author,affiliation, https://www.scopus.com/inward/record.uri?partnerID=HzOxMe3b&scp=85212337755&origin=inward, https://www.scopus.com/inward/citedby.uri?partnerID=HzOxMe3b&scp=85212337755&origin=inward","TITLE-ABS-KEY(""quantum neural network"" AND medicine)"
SCOPUS_ID:85196067157,2-s2.0-85196067157,Revolutionizing Alzheimer's Diagnosis using Quantum Computing,Patil B.,7th International Conference on Inventive Computation Technologies Icict 2024,2024-01-01,10.1109/ICICT60155.2024.10544797,,,,479-485,1,Conference Paper,"https://api.elsevier.com/content/abstract/scopus_id/85196067157, https://api.elsevier.com/content/abstract/scopus_id/85196067157?field=author,affiliation, https://www.scopus.com/inward/record.uri?partnerID=HzOxMe3b&scp=85196067157&origin=inward, https://www.scopus.com/inward/citedby.uri?partnerID=HzOxMe3b&scp=85196067157&origin=inward","TITLE-ABS-KEY(""quantum neural network"" AND medicine)"
SCOPUS_ID:85152006603,2-s2.0-85152006603,Investigation of Early-Stage Breast Cancer Detection using Quantum Neural Network,Sahib A.Y.,International Journal of Online and Biomedical Engineering,2023-01-01,10.3991/ijoe.v19i03.37573,,19,3,61-81,10,Article,"https://api.elsevier.com/content/abstract/scopus_id/85152006603, https://api.elsevier.com/content/abstract/scopus_id/85152006603?field=author,affiliation, https://www.scopus.com/inward/record.uri?partnerID=HzOxMe3b&scp=85152006603&origin=inward, https://www.scopus.com/inward/citedby.uri?partnerID=HzOxMe3b&scp=85152006603&origin=inward","TITLE-ABS-KEY(""quantum neural network"" AND medicine)"
SCOPUS_ID:85173490051,2-s2.0-85173490051,A Hybrid QNN-Based Framework for Accurate Early Detection of HCV Liver Abnormalities from CT Scans Using Custom Transfer Learning and AI Edge Device,Vijayakumar S.,2023 IEEE Region 10 Symposium Tensymp 2023,2023-01-01,10.1109/TENSYMP55890.2023.10223624,,,,,3,Conference Paper,"https://api.elsevier.com/content/abstract/scopus_id/85173490051, https://api.elsevier.com/content/abstract/scopus_id/85173490051?field=author,affiliation, https://www.scopus.com/inward/record.uri?partnerID=HzOxMe3b&scp=85173490051&origin=inward, https://www.scopus.com/inward/citedby.uri?partnerID=HzOxMe3b&scp=85173490051&origin=inward","TITLE-ABS-KEY(""quantum neural network"" AND medicine)"
SCOPUS_ID:85104401979,2-s2.0-85104401979,Multi model implementation on general medicine prediction with quantum neural networks,Kumar S.A.,Proceedings of the 3rd International Conference on Intelligent Communication Technologies and Virtual Mobile Networks Icicv 2021,2021-02-04,10.1109/ICICV50876.2021.9388575,,,,1391-1395,67,Conference Paper,"https://api.elsevier.com/content/abstract/scopus_id/85104401979, https://api.elsevier.com/content/abstract/scopus_id/85104401979?field=author,affiliation, https://www.scopus.com/inward/record.uri?partnerID=HzOxMe3b&scp=85104401979&origin=inward, https://www.scopus.com/inward/citedby.uri?partnerID=HzOxMe3b&scp=85104401979&origin=inward","TITLE-ABS-KEY(""quantum neural network"" AND medicine)"
SCOPUS_ID:105013617762,2-s2.0-105013617762,Advanced Thyroid Disease Prediction Using a Quantum-Deep Hybrid Ensemble (QDHE) Machine Learning Approach,Sasikumar M.S.S.,2025 Global Conference in Emerging Technology Ginotech 2025,2025-01-01,10.1109/GINOTECH63460.2025.11076896,,,,,0,Conference Paper,"https://api.elsevier.com/content/abstract/scopus_id/105013617762, https://api.elsevier.com/content/abstract/scopus_id/105013617762?field=author,affiliation, https://www.scopus.com/inward/record.uri?partnerID=HzOxMe3b&scp=105013617762&origin=inward, https://www.scopus.com/inward/citedby.uri?partnerID=HzOxMe3b&scp=105013617762&origin=inward","TITLE-ABS-KEY(""quantum kernel"" AND medicine)"
SCOPUS_ID:85179965307,2-s2.0-85179965307,Quantum intelligence in medicine: Empowering thyroid disease prediction through advanced machine learning,Sha M.,Iet Quantum Communication,2024-06-01,10.1049/qtc2.12078,,5,2,123-139,12,Article,"https://api.elsevier.com/content/abstract/scopus_id/85179965307, https://api.elsevier.com/content/abstract/scopus_id/85179965307?field=author,affiliation, https://www.scopus.com/inward/record.uri?partnerID=HzOxMe3b&scp=85179965307&origin=inward, https://www.scopus.com/inward/citedby.uri?partnerID=HzOxMe3b&scp=85179965307&origin=inward","TITLE-ABS-KEY(""quantum kernel"" AND medicine)"
SCOPUS_ID:84864645134,2-s2.0-84864645134,Quantum kernel applications in medicinal chemistry,Huang L.,Future Medicinal Chemistry,2012-01-01,10.4155/fmc.12.92,17568919,4,11,1479-1494,12,Review,"https://api.elsevier.com/content/abstract/scopus_id/84864645134, https://api.elsevier.com/content/abstract/scopus_id/84864645134?field=author,affiliation, https://www.scopus.com/inward/record.uri?partnerID=HzOxMe3b&scp=84864645134&origin=inward, https://www.scopus.com/inward/citedby.uri?partnerID=HzOxMe3b&scp=84864645134&origin=inward","TITLE-ABS-KEY(""quantum kernel"" AND medicine)"
SCOPUS_ID:85151664759,2-s2.0-85151664759,Performance Evaluation of Quantum-Based Machine Learning Algorithms for Cardiac Arrhythmia Classification,Ozpolat Z.,Diagnostics,2023-03-01,10.3390/diagnostics13061099,,13,6,,45,Article,"https://api.elsevier.com/content/abstract/scopus_id/85151664759, https://api.elsevier.com/content/abstract/scopus_id/85151664759?field=author,affiliation, https://www.scopus.com/inward/record.uri?partnerID=HzOxMe3b&scp=85151664759&origin=inward, https://www.scopus.com/inward/citedby.uri?partnerID=HzOxMe3b&scp=85151664759&origin=inward",TITLE-ABS-KEY(QSVM AND medicine)
SCOPUS_ID:105009122103,2-s2.0-105009122103,Exploration of Optimization Algorithms for Brain-Computer Interfaces Combined with Quantum Computing,Jin H.,2025 8th International Conference on Advanced Algorithms and Control Engineering Icaace 2025,2025-01-01,10.1109/ICAACE65325.2025.11020514,,,,168-172,0,Conference Paper,"https://api.elsevier.com/content/abstract/scopus_id/105009122103, https://api.elsevier.com/content/abstract/scopus_id/105009122103?field=author,affiliation, https://www.scopus.com/inward/record.uri?partnerID=HzOxMe3b&scp=105009122103&origin=inward, https://www.scopus.com/inward/citedby.uri?partnerID=HzOxMe3b&scp=105009122103&origin=inward","TITLE-ABS-KEY(""quantum support vector machine"" AND medicine)"
SCOPUS_ID:105004214165,2-s2.0-105004214165,Generation of Quantum Software From Truth Tables,Polo M.,Software Practice and Experience,2025-08-01,10.1002/spe.3426,00380644,55,8,1389-1407,1,Article,"https://api.elsevier.com/content/abstract/scopus_id/105004214165, https://api.elsevier.com/content/abstract/scopus_id/105004214165?field=author,affiliation, https://www.scopus.com/inward/record.uri?partnerID=HzOxMe3b&scp=105004214165&origin=inward, https://www.scopus.com/inward/citedby.uri?partnerID=HzOxMe3b&scp=105004214165&origin=inward","TITLE-ABS-KEY(""quantum circuit"" AND medicine)"
SCOPUS_ID:105014163602,2-s2.0-105014163602,"Quantum Computing: Foundations, Architecture and Applications",Columbus Chinnappan C.,Engineering Reports,2025-08-01,10.1002/eng2.70337,,7,8,,5,Review,"https://api.elsevier.com/content/abstract/scopus_id/105014163602, https://api.elsevier.com/content/abstract/scopus_id/105014163602?field=author,affiliation, https://www.scopus.com/inward/record.uri?partnerID=HzOxMe3b&scp=105014163602&origin=inward, https://www.scopus.com/inward/citedby.uri?partnerID=HzOxMe3b&scp=105014163602&origin=inward","TITLE-ABS-KEY(""quantum circuit"" AND medicine)"
SCOPUS_ID:105008494943,2-s2.0-105008494943,"Quantum Informatics, Theory and Application",Tran C.,Lecture Notes in Networks and Systems,2025-01-01,10.1007/978-3-031-90606-0_45,23673370,1311 LNNS,,538-553,0,Conference Paper,"https://api.elsevier.com/content/abstract/scopus_id/105008494943, https://api.elsevier.com/content/abstract/scopus_id/105008494943?field=author,affiliation, https://www.scopus.com/inward/record.uri?partnerID=HzOxMe3b&scp=105008494943&origin=inward, https://www.scopus.com/inward/citedby.uri?partnerID=HzOxMe3b&scp=105008494943&origin=inward","TITLE-ABS-KEY(""quantum circuit"" AND medicine)"
SCOPUS_ID:105004333169,2-s2.0-105004333169,Quantum Computing Assays: Advancing Drug Metabolism Studies and Drug Delivery Design,Singh D.,Drug Metabolism and Bioanalysis Letters,2025-01-01,10.2174/0118723128358210250219103853,29496810,17,3,99-103,1,Editorial,"https://api.elsevier.com/content/abstract/scopus_id/105004333169, https://api.elsevier.com/content/abstract/scopus_id/105004333169?field=author,affiliation, https://www.scopus.com/inward/record.uri?partnerID=HzOxMe3b&scp=105004333169&origin=inward, https://www.scopus.com/inward/citedby.uri?partnerID=HzOxMe3b&scp=105004333169&origin=inward","TITLE-ABS-KEY(""quantum circuit"" AND medicine)"
SCOPUS_ID:85183576713,2-s2.0-85183576713,Precision medicine in sports application based on photonics and quantum computing with artificial intelligence,Yang K.,Optical and Quantum Electronics,2024-04-01,10.1007/s11082-023-06183-9,03068919,56,4,,2,Article,"https://api.elsevier.com/content/abstract/scopus_id/85183576713, https://api.elsevier.com/content/abstract/scopus_id/85183576713?field=author,affiliation, https://www.scopus.com/inward/record.uri?partnerID=HzOxMe3b&scp=85183576713&origin=inward, https://www.scopus.com/inward/citedby.uri?partnerID=HzOxMe3b&scp=85183576713&origin=inward","TITLE-ABS-KEY(""quantum circuit"" AND medicine)"
SCOPUS_ID:85188247658,2-s2.0-85188247658,Molecular docking via quantum approximate optimization algorithm,Ding Q.M.,Physical Review Applied,2024-03-01,10.1103/PhysRevApplied.21.034036,,21,3,,21,Article,"https://api.elsevier.com/content/abstract/scopus_id/85188247658, https://api.elsevier.com/content/abstract/scopus_id/85188247658?field=author,affiliation, https://www.scopus.com/inward/record.uri?partnerID=HzOxMe3b&scp=85188247658&origin=inward, https://www.scopus.com/inward/citedby.uri?partnerID=HzOxMe3b&scp=85188247658&origin=inward","TITLE-ABS-KEY(""quantum circuit"" AND medicine)"
SCOPUS_ID:85211182799,2-s2.0-85211182799,A framework for processing large-scale health data in medical higher-order correlation mining by quantum computing in smart healthcare,Mei P.,Frontiers in Digital Health,2024-01-01,10.3389/fdgth.2024.1502745,,6,,,8,Article,"https://api.elsevier.com/content/abstract/scopus_id/85211182799, https://api.elsevier.com/content/abstract/scopus_id/85211182799?field=author,affiliation, https://www.scopus.com/inward/record.uri?partnerID=HzOxMe3b&scp=85211182799&origin=inward, https://www.scopus.com/inward/citedby.uri?partnerID=HzOxMe3b&scp=85211182799&origin=inward","TITLE-ABS-KEY(""quantum circuit"" AND medicine)"
SCOPUS_ID:105000309702,2-s2.0-105000309702,Unitary Operator Based Quantum Secure Access Structure for Medical Image Sharing,Padulkar D.,IEEE Region 10 Annual International Conference Proceedings TENCON,2024-01-01,10.1109/TENCON61640.2024.10902792,21593442,,,141-146,0,Conference Paper,"https://api.elsevier.com/content/abstract/scopus_id/105000309702, https://api.elsevier.com/content/abstract/scopus_id/105000309702?field=author,affiliation, https://www.scopus.com/inward/record.uri?partnerID=HzOxMe3b&scp=105000309702&origin=inward, https://www.scopus.com/inward/citedby.uri?partnerID=HzOxMe3b&scp=105000309702&origin=inward","TITLE-ABS-KEY(""quantum circuit"" AND medicine)"
SCOPUS_ID:85166442754,2-s2.0-85166442754,Single-Molecule Identification of Nucleotides Using a Quantum Computer,Taniguchi M.,Journal of Physical Chemistry B,2023-08-03,10.1021/acs.jpcb.3c02918,15206106,127,30,6636-6642,5,Article,"https://api.elsevier.com/content/abstract/scopus_id/85166442754, https://api.elsevier.com/content/abstract/scopus_id/85166442754?field=author,affiliation, https://www.scopus.com/inward/record.uri?partnerID=HzOxMe3b&scp=85166442754&origin=inward, https://www.scopus.com/inward/citedby.uri?partnerID=HzOxMe3b&scp=85166442754&origin=inward","TITLE-ABS-KEY(""quantum circuit"" AND medicine)"
SCOPUS_ID:85174716597,2-s2.0-85174716597,Integrated Quantum Health Care with Predictive Intelligence Approach,Swain T.,Lecture Notes in Networks and Systems,2023-01-01,10.1007/978-981-99-3010-4_35,23673370,537 LNNS,,411-421,16,Conference Paper,"https://api.elsevier.com/content/abstract/scopus_id/85174716597, https://api.elsevier.com/content/abstract/scopus_id/85174716597?field=author,affiliation, https://www.scopus.com/inward/record.uri?partnerID=HzOxMe3b&scp=85174716597&origin=inward, https://www.scopus.com/inward/citedby.uri?partnerID=HzOxMe3b&scp=85174716597&origin=inward","TITLE-ABS-KEY(""quantum circuit"" AND medicine)"
SCOPUS_ID:85071427166,2-s2.0-85071427166,Quantum convolutional neural networks,Cong I.,Nature Physics,2019-12-01,10.1038/s41567-019-0648-8,17452473,15,12,1273-1278,1180,Article,"https://api.elsevier.com/content/abstract/scopus_id/85071427166, https://api.elsevier.com/content/abstract/scopus_id/85071427166?field=author,affiliation, https://www.scopus.com/inward/record.uri?partnerID=HzOxMe3b&scp=85071427166&origin=inward, https://www.scopus.com/inward/citedby.uri?partnerID=HzOxMe3b&scp=85071427166&origin=inward","TITLE-ABS-KEY(""quantum circuit"" AND medicine)"
SCOPUS_ID:105026961470,2-s2.0-105026961470,Revolutionizing Drug Discovery: The Transformative Role of Quantum Computing in Pharmaceutical Research,Kalpana P.,Studies in Big Data,2026-01-01,10.1007/978-3-032-00586-1_7,21976503,179,,147-169,0,Book Chapter,"https://api.elsevier.com/content/abstract/scopus_id/105026961470, https://api.elsevier.com/content/abstract/scopus_id/105026961470?field=author,affiliation, https://www.scopus.com/inward/record.uri?partnerID=HzOxMe3b&scp=105026961470&origin=inward, https://www.scopus.com/inward/citedby.uri?partnerID=HzOxMe3b&scp=105026961470&origin=inward","TITLE-ABS-KEY(""quantum annealing"" AND medicine)"
SCOPUS_ID:85191506202,2-s2.0-85191506202,Haplotype-resolved assembly of diploid and polyploid genomes using quantum computing,Chen Y.,Cell Reports Methods,2024-05-20,10.1016/j.crmeth.2024.100754,,4,5,,3,Article,"https://api.elsevier.com/content/abstract/scopus_id/85191506202, https://api.elsevier.com/content/abstract/scopus_id/85191506202?field=author,affiliation, https://www.scopus.com/inward/record.uri?partnerID=HzOxMe3b&scp=85191506202&origin=inward, https://www.scopus.com/inward/citedby.uri?partnerID=HzOxMe3b&scp=85191506202&origin=inward, https://api.elsevier.com/content/article/eid/1-s2.0-S2667237524000857","TITLE-ABS-KEY(""quantum annealing"" AND medicine)"
SCOPUS_ID:85181556203,2-s2.0-85181556203,Discrete Source Optimization for Microwave Hyperthermia Using Quantum Annealing,Lee S.,IEEE Antennas and Wireless Propagation Letters,2024-03-01,10.1109/LAWP.2023.3344792,15361225,23,3,1095-1099,7,Article,"https://api.elsevier.com/content/abstract/scopus_id/85181556203, https://api.elsevier.com/content/abstract/scopus_id/85181556203?field=author,affiliation, https://www.scopus.com/inward/record.uri?partnerID=HzOxMe3b&scp=85181556203&origin=inward, https://www.scopus.com/inward/citedby.uri?partnerID=HzOxMe3b&scp=85181556203&origin=inward","TITLE-ABS-KEY(""quantum annealing"" AND medicine)"
SCOPUS_ID:85108836338,2-s2.0-85108836338,Genome assembly using quantum and quantum-inspired annealing,Boev A.S.,Scientific Reports,2021-12-01,10.1038/s41598-021-88321-5,,11,1,,48,Article,"https://api.elsevier.com/content/abstract/scopus_id/85108836338, https://api.elsevier.com/content/abstract/scopus_id/85108836338?field=author,affiliation, https://www.scopus.com/inward/record.uri?partnerID=HzOxMe3b&scp=85108836338&origin=inward, https://www.scopus.com/inward/citedby.uri?partnerID=HzOxMe3b&scp=85108836338&origin=inward","TITLE-ABS-KEY(""quantum annealing"" AND medicine)"
SCOPUS_ID:85016507210,2-s2.0-85016507210,Quantum computing academy trains future researchers to optimize applications for spaceflight,Ebert M.,Proceedings of the International Astronautical Congress Iac,2016-01-01,,00741795,0,,,0,Conference Paper,"https://api.elsevier.com/content/abstract/scopus_id/85016507210, https://api.elsevier.com/content/abstract/scopus_id/85016507210?field=author,affiliation, https://www.scopus.com/inward/record.uri?partnerID=HzOxMe3b&scp=85016507210&origin=inward, https://www.scopus.com/inward/citedby.uri?partnerID=HzOxMe3b&scp=85016507210&origin=inward","TITLE-ABS-KEY(""quantum annealing"" AND medicine)"
SCOPUS_ID:85182946537,2-s2.0-85182946537,QAOA-based MRMR Algorithm for Feature Selection,Jiang X.,ACM International Conference Proceeding Series,2023-11-18,10.1145/3603273.3631193,,,,277-282,2,Conference Paper,"https://api.elsevier.com/content/abstract/scopus_id/85182946537, https://api.elsevier.com/content/abstract/scopus_id/85182946537?field=author,affiliation, https://www.scopus.com/inward/record.uri?partnerID=HzOxMe3b&scp=85182946537&origin=inward, https://www.scopus.com/inward/citedby.uri?partnerID=HzOxMe3b&scp=85182946537&origin=inward",TITLE-ABS-KEY(QAOA AND medicine)
SCOPUS_ID:105007699733,2-s2.0-105007699733,Multi-omic and quantum machine learning integration for lung subtypes classification,Saggi M.K.,Future Generation Computer Systems,2026-01-01,10.1016/j.future.2025.107905,0167739X,174,,,6,Article,"https://api.elsevier.com/content/abstract/scopus_id/105007699733, https://api.elsevier.com/content/abstract/scopus_id/105007699733?field=author,affiliation, https://www.scopus.com/inward/record.uri?partnerID=HzOxMe3b&scp=105007699733&origin=inward, https://www.scopus.com/inward/citedby.uri?partnerID=HzOxMe3b&scp=105007699733&origin=inward, https://api.elsevier.com/content/article/eid/1-s2.0-S0167739X25002006","TITLE-ABS-KEY(""quantum machine learning"" AND bioinformatics)"
SCOPUS_ID:105027942713,2-s2.0-105027942713,Quantum Clustering for Classification of DNA Sequences,Vancea V.,Communications in Computer and Information Science,2026-01-01,10.1007/978-3-032-12481-4_11,18650929,2794 CCIS,,170-193,0,Conference Paper,"https://api.elsevier.com/content/abstract/scopus_id/105027942713, https://api.elsevier.com/content/abstract/scopus_id/105027942713?field=author,affiliation, https://www.scopus.com/inward/record.uri?partnerID=HzOxMe3b&scp=105027942713&origin=inward, https://www.scopus.com/inward/citedby.uri?partnerID=HzOxMe3b&scp=105027942713&origin=inward","TITLE-ABS-KEY(""quantum machine learning"" AND bioinformatics)"
SCOPUS_ID:105030234392,2-s2.0-105030234392,Comparative Study of Classical and Hybrid Quantum Neural Networks in Protein Sequence Classification,Belekar G.S.,Lecture Notes in Electrical Engineering,2026-01-01,10.1007/978-981-95-2901-8_15,18761100,1492 LNEE,,191-202,0,Conference Paper,"https://api.elsevier.com/content/abstract/scopus_id/105030234392, https://api.elsevier.com/content/abstract/scopus_id/105030234392?field=author,affiliation, https://www.scopus.com/inward/record.uri?partnerID=HzOxMe3b&scp=105030234392&origin=inward, https://www.scopus.com/inward/citedby.uri?partnerID=HzOxMe3b&scp=105030234392&origin=inward","TITLE-ABS-KEY(""quantum machine learning"" AND bioinformatics)"
SCOPUS_ID:105019513892,2-s2.0-105019513892,Hybrid quantum neural networks for efficient protein-ligand binding affinity prediction,Jeong S.G.,EPJ Quantum Technology,2025-12-01,10.1140/epjqt/s40507-025-00419-1,,12,1,,0,Article,"https://api.elsevier.com/content/abstract/scopus_id/105019513892, https://api.elsevier.com/content/abstract/scopus_id/105019513892?field=author,affiliation, https://www.scopus.com/inward/record.uri?partnerID=HzOxMe3b&scp=105019513892&origin=inward, https://www.scopus.com/inward/citedby.uri?partnerID=HzOxMe3b&scp=105019513892&origin=inward","TITLE-ABS-KEY(""quantum machine learning"" AND bioinformatics)"
SCOPUS_ID:105023042021,2-s2.0-105023042021,QTFPred: robust high-performance quantum machine learning modeling that predicts main and cooperative transcription factor bindings with base resolution,Matsubara T.,Briefings in Bioinformatics,2025-11-01,10.1093/bib/bbaf604,14675463,26,6,,0,Article,"https://api.elsevier.com/content/abstract/scopus_id/105023042021, https://api.elsevier.com/content/abstract/scopus_id/105023042021?field=author,affiliation, https://www.scopus.com/inward/record.uri?partnerID=HzOxMe3b&scp=105023042021&origin=inward, https://www.scopus.com/inward/citedby.uri?partnerID=HzOxMe3b&scp=105023042021&origin=inward","TITLE-ABS-KEY(""quantum machine learning"" AND bioinformatics)"
SCOPUS_ID:105012387367,2-s2.0-105012387367,Alz-QNet: A quantum regression network for studying Alzheimer's gene interactions,Konar D.,Computers in Biology and Medicine,2025-09-01,10.1016/j.compbiomed.2025.110837,00104825,196,,,1,Article,"https://api.elsevier.com/content/abstract/scopus_id/105012387367, https://api.elsevier.com/content/abstract/scopus_id/105012387367?field=author,affiliation, https://www.scopus.com/inward/record.uri?partnerID=HzOxMe3b&scp=105012387367&origin=inward, https://www.scopus.com/inward/citedby.uri?partnerID=HzOxMe3b&scp=105012387367&origin=inward, https://api.elsevier.com/content/article/eid/1-s2.0-S0010482525011886","TITLE-ABS-KEY(""quantum machine learning"" AND bioinformatics)"
SCOPUS_ID:105014638795,2-s2.0-105014638795,Modeling T helper cell dynamics and cytokine profiles with quantum neural networks,Nguyen P.N.,International Journal of Modern Physics C,2025-01-01,10.1142/S012918312543003X,01291831,,,,0,Article,"https://api.elsevier.com/content/abstract/scopus_id/105014638795, https://api.elsevier.com/content/abstract/scopus_id/105014638795?field=author,affiliation, https://www.scopus.com/inward/record.uri?partnerID=HzOxMe3b&scp=105014638795&origin=inward, https://www.scopus.com/inward/citedby.uri?partnerID=HzOxMe3b&scp=105014638795&origin=inward","TITLE-ABS-KEY(""quantum machine learning"" AND bioinformatics)"
SCOPUS_ID:85195843520,2-s2.0-85195843520,Peptide binding classification on quantum computers,London C.,Quantum Machine Intelligence,2024-12-01,10.1007/s42484-024-00154-3,25244906,6,2,,0,Article,"https://api.elsevier.com/content/abstract/scopus_id/85195843520, https://api.elsevier.com/content/abstract/scopus_id/85195843520?field=author,affiliation, https://www.scopus.com/inward/record.uri?partnerID=HzOxMe3b&scp=85195843520&origin=inward, https://www.scopus.com/inward/citedby.uri?partnerID=HzOxMe3b&scp=85195843520&origin=inward","TITLE-ABS-KEY(""quantum machine learning"" AND bioinformatics)"
SCOPUS_ID:85209697824,2-s2.0-85209697824,Non-hemolytic peptide classification using a quantum support vector machine,Zhuang S.,Quantum Information Processing,2024-11-01,10.1007/s11128-024-04540-5,15700755,23,11,,4,Article,"https://api.elsevier.com/content/abstract/scopus_id/85209697824, https://api.elsevier.com/content/abstract/scopus_id/85209697824?field=author,affiliation, https://www.scopus.com/inward/record.uri?partnerID=HzOxMe3b&scp=85209697824&origin=inward, https://www.scopus.com/inward/citedby.uri?partnerID=HzOxMe3b&scp=85209697824&origin=inward","TITLE-ABS-KEY(""quantum machine learning"" AND bioinformatics)"
SCOPUS_ID:85197905471,2-s2.0-85197905471,Application of Quantum Tensor Networks for Protein Classification,Kundu D.,Proceedings of the ACM Great Lakes Symposium on VLSI Glsvlsi,2024-06-12,10.1145/3649476.3658701,,,,132-137,5,Conference Paper,"https://api.elsevier.com/content/abstract/scopus_id/85197905471, https://api.elsevier.com/content/abstract/scopus_id/85197905471?field=author,affiliation, https://www.scopus.com/inward/record.uri?partnerID=HzOxMe3b&scp=85197905471&origin=inward, https://www.scopus.com/inward/citedby.uri?partnerID=HzOxMe3b&scp=85197905471&origin=inward","TITLE-ABS-KEY(""quantum machine learning"" AND bioinformatics)"
SCOPUS_ID:85191045891,2-s2.0-85191045891,Variational shadow quantum neural network based on immune optimisation algorithm,Dong Y.,Quantum Information Processing,2024-05-01,10.1007/s11128-024-04363-4,15700755,23,5,,0,Article,"https://api.elsevier.com/content/abstract/scopus_id/85191045891, https://api.elsevier.com/content/abstract/scopus_id/85191045891?field=author,affiliation, https://www.scopus.com/inward/record.uri?partnerID=HzOxMe3b&scp=85191045891&origin=inward, https://www.scopus.com/inward/citedby.uri?partnerID=HzOxMe3b&scp=85191045891&origin=inward","TITLE-ABS-KEY(""quantum machine learning"" AND bioinformatics)"
SCOPUS_ID:85183581223,2-s2.0-85183581223,Decoding toxicological signatures through quantum computational paradigm,Bangroo I.S.,Optical and Quantum Electronics,2024-04-01,10.1007/s11082-023-06079-8,03068919,56,4,,1,Article,"https://api.elsevier.com/content/abstract/scopus_id/85183581223, https://api.elsevier.com/content/abstract/scopus_id/85183581223?field=author,affiliation, https://www.scopus.com/inward/record.uri?partnerID=HzOxMe3b&scp=85183581223&origin=inward, https://www.scopus.com/inward/citedby.uri?partnerID=HzOxMe3b&scp=85183581223&origin=inward","TITLE-ABS-KEY(""quantum machine learning"" AND bioinformatics)"
SCOPUS_ID:105003911614,2-s2.0-105003911614,Quantum Machine Learning for Prediction of Compound-Protein Interactions in Drug Discovery,Choppara P.,2024 12th International Conference on Intelligent Systems and Embedded Design Ised 2024,2024-01-01,10.1109/ISED63599.2024.10956316,,,,,1,Conference Paper,"https://api.elsevier.com/content/abstract/scopus_id/105003911614, https://api.elsevier.com/content/abstract/scopus_id/105003911614?field=author,affiliation, https://www.scopus.com/inward/record.uri?partnerID=HzOxMe3b&scp=105003911614&origin=inward, https://www.scopus.com/inward/citedby.uri?partnerID=HzOxMe3b&scp=105003911614&origin=inward","TITLE-ABS-KEY(""quantum machine learning"" AND bioinformatics)"
SCOPUS_ID:85180891417,2-s2.0-85180891417,"Bioinformatics and Computational Biology: Technological Advancements, Applications and Opportunities",Singh T.R.,Bioinformatics and Computational Biology Technological Advancements Applications and Opportunities,2023-01-01,10.1201/9781003331247,,,,1-357,0,Book,"https://api.elsevier.com/content/abstract/scopus_id/85180891417, https://api.elsevier.com/content/abstract/scopus_id/85180891417?field=author,affiliation, https://www.scopus.com/inward/record.uri?partnerID=HzOxMe3b&scp=85180891417&origin=inward, https://www.scopus.com/inward/citedby.uri?partnerID=HzOxMe3b&scp=85180891417&origin=inward","TITLE-ABS-KEY(""quantum machine learning"" AND bioinformatics)"
SCOPUS_ID:85144846980,2-s2.0-85144846980,Quantum computing algorithms: getting closer to critical problems in computational biology,Marchetti L.,Briefings in Bioinformatics,2022-11-01,10.1093/bib/bbac437,14675463,23,6,1-15,28,Review,"https://api.elsevier.com/content/abstract/scopus_id/85144846980, https://api.elsevier.com/content/abstract/scopus_id/85144846980?field=author,affiliation, https://www.scopus.com/inward/record.uri?partnerID=HzOxMe3b&scp=85144846980&origin=inward, https://www.scopus.com/inward/citedby.uri?partnerID=HzOxMe3b&scp=85144846980&origin=inward","TITLE-ABS-KEY(""quantum machine learning"" AND bioinformatics)"
SCOPUS_ID:85136267091,2-s2.0-85136267091,Quantum machine learning corrects classical forcefields: Stretching DNA base pairs in explicit solvent,Berryman J.T.,Journal of Chemical Physics,2022-08-14,10.1063/5.0094727,00219606,157,6,,2,Article,"https://api.elsevier.com/content/abstract/scopus_id/85136267091, https://api.elsevier.com/content/abstract/scopus_id/85136267091?field=author,affiliation, https://www.scopus.com/inward/record.uri?partnerID=HzOxMe3b&scp=85136267091&origin=inward, https://www.scopus.com/inward/citedby.uri?partnerID=HzOxMe3b&scp=85136267091&origin=inward","TITLE-ABS-KEY(""quantum machine learning"" AND bioinformatics)"
SCOPUS_ID:85143628139,2-s2.0-85143628139,Spin Chemistry Simulation via Hybrid-Quantum Machine Learning,Brokowski T.J.,Proceedings 2022 IEEE International Conference on Quantum Computing and Engineering Qce 2022,2022-01-01,10.1109/QCE53715.2022.00147,,,,867-868,7,Conference Paper,"https://api.elsevier.com/content/abstract/scopus_id/85143628139, https://api.elsevier.com/content/abstract/scopus_id/85143628139?field=author,affiliation, https://www.scopus.com/inward/record.uri?partnerID=HzOxMe3b&scp=85143628139&origin=inward, https://www.scopus.com/inward/citedby.uri?partnerID=HzOxMe3b&scp=85143628139&origin=inward","TITLE-ABS-KEY(""quantum machine learning"" AND bioinformatics)"
SCOPUS_ID:85146225678,2-s2.0-85146225678,A Fully Connected Quantum Convolutional Neural Network for Classifying Ischemic Cardiopathy,Ullah U.,IEEE Access,2022-01-01,10.1109/ACCESS.2022.3232307,,10,,134592-134605,33,Article,"https://api.elsevier.com/content/abstract/scopus_id/85146225678, https://api.elsevier.com/content/abstract/scopus_id/85146225678?field=author,affiliation, https://www.scopus.com/inward/record.uri?partnerID=HzOxMe3b&scp=85146225678&origin=inward, https://www.scopus.com/inward/citedby.uri?partnerID=HzOxMe3b&scp=85146225678&origin=inward","TITLE-ABS-KEY(""quantum machine learning"" AND bioinformatics)"
SCOPUS_ID:85114498265,2-s2.0-85114498265,Computational intelligence technologies stack for protecting the critical digital infrastructures against security intrusions,Kalinin M.O.,Proceedings of the 2021 5th World Conference on Smart Trends in Systems Security and Sustainability Worlds4 2021,2021-07-29,10.1109/WorldS451998.2021.9514004,,,,118-122,5,Conference Paper,"https://api.elsevier.com/content/abstract/scopus_id/85114498265, https://api.elsevier.com/content/abstract/scopus_id/85114498265?field=author,affiliation, https://www.scopus.com/inward/record.uri?partnerID=HzOxMe3b&scp=85114498265&origin=inward, https://www.scopus.com/inward/citedby.uri?partnerID=HzOxMe3b&scp=85114498265&origin=inward","TITLE-ABS-KEY(""quantum machine learning"" AND bioinformatics)"
SCOPUS_ID:85050879782,2-s2.0-85050879782,Quantum annealing versus classical machine learning applied to a simplified computational biology problem,Li R.Y.,Npj Quantum Information,2018-12-01,10.1038/s41534-018-0060-8,,4,1,,163,Article,"https://api.elsevier.com/content/abstract/scopus_id/85050879782, https://api.elsevier.com/content/abstract/scopus_id/85050879782?field=author,affiliation, https://www.scopus.com/inward/record.uri?partnerID=HzOxMe3b&scp=85050879782&origin=inward, https://www.scopus.com/inward/citedby.uri?partnerID=HzOxMe3b&scp=85050879782&origin=inward","TITLE-ABS-KEY(""quantum machine learning"" AND bioinformatics)"
SCOPUS_ID:84925842129,2-s2.0-84925842129,Entanglement-based machine learning on a quantum computer,Cai X.D.,Physical Review Letters,2015-03-19,10.1103/PhysRevLett.114.110504,00319007,114,11,,178,Article,"https://api.elsevier.com/content/abstract/scopus_id/84925842129, https://api.elsevier.com/content/abstract/scopus_id/84925842129?field=author,affiliation, https://www.scopus.com/inward/record.uri?partnerID=HzOxMe3b&scp=84925842129&origin=inward, https://www.scopus.com/inward/citedby.uri?partnerID=HzOxMe3b&scp=84925842129&origin=inward","TITLE-ABS-KEY(""quantum machine learning"" AND bioinformatics)"
SCOPUS_ID:105006937173,2-s2.0-105006937173,Modeling Deep Unfolded Quantum Machine Learning Framework,Nanayakkara S.I.,IEEE Transactions on Artificial Intelligence,2026-01-01,10.1109/TAI.2025.3573303,,7,1,321-331,0,Article,"https://api.elsevier.com/content/abstract/scopus_id/105006937173, https://api.elsevier.com/content/abstract/scopus_id/105006937173?field=author,affiliation, https://www.scopus.com/inward/record.uri?partnerID=HzOxMe3b&scp=105006937173&origin=inward, https://www.scopus.com/inward/citedby.uri?partnerID=HzOxMe3b&scp=105006937173&origin=inward","TITLE-ABS-KEY(""quantum machine learning"" AND genomics)"
SCOPUS_ID:85217175144,2-s2.0-85217175144,Quantum Circuit Complexity of Genomic Data Encoding,Ye O.,Proceedings IEEE Quantum Week 2024 Qce 2024,2024-01-01,10.1109/QCE60285.2024.10439,,2,,631-632,1,Conference Paper,"https://api.elsevier.com/content/abstract/scopus_id/85217175144, https://api.elsevier.com/content/abstract/scopus_id/85217175144?field=author,affiliation, https://www.scopus.com/inward/record.uri?partnerID=HzOxMe3b&scp=85217175144&origin=inward, https://www.scopus.com/inward/citedby.uri?partnerID=HzOxMe3b&scp=85217175144&origin=inward","TITLE-ABS-KEY(""quantum machine learning"" AND genomics)"
SCOPUS_ID:85124886734,2-s2.0-85124886734,Quantum Neurobiology,Swan M.,Quantum Reports,2022-03-01,10.3390/quantum4010008,,4,1,107-126,11,Review,"https://api.elsevier.com/content/abstract/scopus_id/85124886734, https://api.elsevier.com/content/abstract/scopus_id/85124886734?field=author,affiliation, https://www.scopus.com/inward/record.uri?partnerID=HzOxMe3b&scp=85124886734&origin=inward, https://www.scopus.com/inward/citedby.uri?partnerID=HzOxMe3b&scp=85124886734&origin=inward","TITLE-ABS-KEY(""quantum machine learning"" AND genomics)"
SCOPUS_ID:85166138942,2-s2.0-85166138942,Quantum Machine Learning with Python: Using Cirq from Google Research and IBM Qiskit,Pattanayak S.,Quantum Machine Learning with Python Using Cirq from Google Research and IBM Qiskit,2021-01-01,10.1007/978-1-4842-6522-2,,,,1-361,25,Book,"https://api.elsevier.com/content/abstract/scopus_id/85166138942, https://api.elsevier.com/content/abstract/scopus_id/85166138942?field=author,affiliation, https://www.scopus.com/inward/record.uri?partnerID=HzOxMe3b&scp=85166138942&origin=inward, https://www.scopus.com/inward/citedby.uri?partnerID=HzOxMe3b&scp=85166138942&origin=inward","TITLE-ABS-KEY(""quantum machine learning"" AND genomics)"
SCOPUS_ID:85106141927,2-s2.0-85106141927,Implementation of a Hamming distance–like genomic quantum classifier using inner products on ibmqx2 and ibmq_16_melbourne,Kathuria K.,Quantum Machine Intelligence,2020-06-01,10.1007/s42484-020-00017-7,25244906,2,1,,20,Article,"https://api.elsevier.com/content/abstract/scopus_id/85106141927, https://api.elsevier.com/content/abstract/scopus_id/85106141927?field=author,affiliation, https://www.scopus.com/inward/record.uri?partnerID=HzOxMe3b&scp=85106141927&origin=inward, https://www.scopus.com/inward/citedby.uri?partnerID=HzOxMe3b&scp=85106141927&origin=inward","TITLE-ABS-KEY(""quantum machine learning"" AND genomics)"
SCOPUS_ID:105031385071,2-s2.0-105031385071,Quantum neural networks for casting defect detection: a hybrid intelligence framework for smart manufacturing,Yousef N.,Quantum Information Processing,2026-03-01,10.1007/s11128-026-05113-4,15700755,25,3,,0,Article,"https://api.elsevier.com/content/abstract/scopus_id/105031385071, https://api.elsevier.com/content/abstract/scopus_id/105031385071?field=author,affiliation, https://www.scopus.com/inward/record.uri?partnerID=HzOxMe3b&scp=105031385071&origin=inward, https://www.scopus.com/inward/citedby.uri?partnerID=HzOxMe3b&scp=105031385071&origin=inward","TITLE-ABS-KEY(""quantum machine learning"" AND imaging)"
SCOPUS_ID:105022271190,2-s2.0-105022271190,Quantum convolutional neural network-based hybrid network for remote sensing image classification,Mahendra H.N.,Engineering Applications of Artificial Intelligence,2026-01-15,10.1016/j.engappai.2025.113195,09521976,164,,,0,Article,"https://api.elsevier.com/content/abstract/scopus_id/105022271190, https://api.elsevier.com/content/abstract/scopus_id/105022271190?field=author,affiliation, https://www.scopus.com/inward/record.uri?partnerID=HzOxMe3b&scp=105022271190&origin=inward, https://www.scopus.com/inward/citedby.uri?partnerID=HzOxMe3b&scp=105022271190&origin=inward, https://api.elsevier.com/content/article/eid/1-s2.0-S0952197625032269","TITLE-ABS-KEY(""quantum machine learning"" AND imaging)"
SCOPUS_ID:105013025552,2-s2.0-105013025552,Quantum-Circuit Inspired Hybrid QCNN for UAV Based Crop Classification,Singh I.,Communications in Computer and Information Science,2026-01-01,10.1007/978-3-031-93694-4_32,18650929,2475 CCIS,,453-467,0,Conference Paper,"https://api.elsevier.com/content/abstract/scopus_id/105013025552, https://api.elsevier.com/content/abstract/scopus_id/105013025552?field=author,affiliation, https://www.scopus.com/inward/record.uri?partnerID=HzOxMe3b&scp=105013025552&origin=inward, https://www.scopus.com/inward/citedby.uri?partnerID=HzOxMe3b&scp=105013025552&origin=inward","TITLE-ABS-KEY(""quantum machine learning"" AND imaging)"
SCOPUS_ID:105028203863,2-s2.0-105028203863,"Retraction note: Fat-based studies for computer-assisted screening of child obesity using thermal imaging based on deep learning techniques: a comparison with quantum machine learning approach (Soft Computing, (2023), 27, 18, (13093-13114), 10.1007/s00500-021-06668-3)",Rashmi R.,Soft Computing,2026-01-01,10.1007/s00500-026-11208-y,14327643,,,,0,Erratum,"https://api.elsevier.com/content/abstract/scopus_id/105028203863, https://api.elsevier.com/content/abstract/scopus_id/105028203863?field=author,affiliation, https://www.scopus.com/inward/record.uri?partnerID=HzOxMe3b&scp=105028203863&origin=inward, https://www.scopus.com/inward/citedby.uri?partnerID=HzOxMe3b&scp=105028203863&origin=inward","TITLE-ABS-KEY(""quantum machine learning"" AND imaging)"
SCOPUS_ID:105028415403,2-s2.0-105028415403,"Workshops and competitions hosted by the 23rd International Conference on Image Analysis and Processing, ICIAP 2025",,Lecture Notes in Computer Science,2026-01-01,,03029743,16170 LNCS,,,0,Conference Review,"https://api.elsevier.com/content/abstract/scopus_id/105028415403, https://api.elsevier.com/content/abstract/scopus_id/105028415403?field=author,affiliation, https://www.scopus.com/inward/record.uri?partnerID=HzOxMe3b&scp=105028415403&origin=inward, https://www.scopus.com/inward/citedby.uri?partnerID=HzOxMe3b&scp=105028415403&origin=inward","TITLE-ABS-KEY(""quantum machine learning"" AND imaging)"
SCOPUS_ID:105010546799,2-s2.0-105010546799,An integrated strategy based on radiomics and quantum machine learning: diagnosis and clinical interpretation of pulmonary ground-glass nodules,Huang X.,BMC Medical Imaging,2025-12-01,10.1186/s12880-025-01813-y,,25,1,,2,Article,"https://api.elsevier.com/content/abstract/scopus_id/105010546799, https://api.elsevier.com/content/abstract/scopus_id/105010546799?field=author,affiliation, https://www.scopus.com/inward/record.uri?partnerID=HzOxMe3b&scp=105010546799&origin=inward, https://www.scopus.com/inward/citedby.uri?partnerID=HzOxMe3b&scp=105010546799&origin=inward","TITLE-ABS-KEY(""quantum machine learning"" AND imaging)"
SCOPUS_ID:105021548941,2-s2.0-105021548941,An explainable hybrid deep learning system for tuberculosis detection with Grad-CAM,Ayalew A.M.,Discover Computing,2025-12-01,10.1007/s10791-025-09791-z,,28,1,,0,Article,"https://api.elsevier.com/content/abstract/scopus_id/105021548941, https://api.elsevier.com/content/abstract/scopus_id/105021548941?field=author,affiliation, https://www.scopus.com/inward/record.uri?partnerID=HzOxMe3b&scp=105021548941&origin=inward, https://www.scopus.com/inward/citedby.uri?partnerID=HzOxMe3b&scp=105021548941&origin=inward","TITLE-ABS-KEY(""quantum machine learning"" AND imaging)"
SCOPUS_ID:105026214196,2-s2.0-105026214196,Functional near-infrared spectroscopy for the detection of fear using parameterized quantum circuits,Gómez-Sirvent J.L.,Scientific Reports,2025-12-01,10.1038/s41598-025-28942-2,,15,1,,0,Article,"https://api.elsevier.com/content/abstract/scopus_id/105026214196, https://api.elsevier.com/content/abstract/scopus_id/105026214196?field=author,affiliation, https://www.scopus.com/inward/record.uri?partnerID=HzOxMe3b&scp=105026214196&origin=inward, https://www.scopus.com/inward/citedby.uri?partnerID=HzOxMe3b&scp=105026214196&origin=inward","TITLE-ABS-KEY(""quantum machine learning"" AND imaging)"
SCOPUS_ID:105005507687,2-s2.0-105005507687,Quantum machine learning-based electrokinetic mining for the identification of nanoparticles and exosomes with minimal training data,Thakur A.,Bioactive Materials,2025-09-01,10.1016/j.bioactmat.2025.03.023,2452199X,51,,414-430,6,Article,"https://api.elsevier.com/content/abstract/scopus_id/105005507687, https://api.elsevier.com/content/abstract/scopus_id/105005507687?field=author,affiliation, https://www.scopus.com/inward/record.uri?partnerID=HzOxMe3b&scp=105005507687&origin=inward, https://www.scopus.com/inward/citedby.uri?partnerID=HzOxMe3b&scp=105005507687&origin=inward, https://api.elsevier.com/content/article/eid/1-s2.0-S2452199X25001331","TITLE-ABS-KEY(""quantum machine learning"" AND imaging)"
SCOPUS_ID:105013642347,2-s2.0-105013642347,Approaches and challenges in machine learning for monitoring agricultural products and predicting plant physiological responses to biotic and abiotic stresses,Zarbakhsh S.,Current Plant Biology,2025-09-01,10.1016/j.cpb.2025.100535,,43,,,10,Review,"https://api.elsevier.com/content/abstract/scopus_id/105013642347, https://api.elsevier.com/content/abstract/scopus_id/105013642347?field=author,affiliation, https://www.scopus.com/inward/record.uri?partnerID=HzOxMe3b&scp=105013642347&origin=inward, https://www.scopus.com/inward/citedby.uri?partnerID=HzOxMe3b&scp=105013642347&origin=inward, https://api.elsevier.com/content/article/eid/1-s2.0-S2214662825001033","TITLE-ABS-KEY(""quantum machine learning"" AND imaging)"
SCOPUS_ID:105002006220,2-s2.0-105002006220,Artificial intelligence and blockchain for quantum satellites and UAV-based communications: a review,Kumar A.,Quantum Machine Intelligence,2025-06-01,10.1007/s42484-025-00271-7,25244906,7,1,,1,Review,"https://api.elsevier.com/content/abstract/scopus_id/105002006220, https://api.elsevier.com/content/abstract/scopus_id/105002006220?field=author,affiliation, https://www.scopus.com/inward/record.uri?partnerID=HzOxMe3b&scp=105002006220&origin=inward, https://www.scopus.com/inward/citedby.uri?partnerID=HzOxMe3b&scp=105002006220&origin=inward","TITLE-ABS-KEY(""quantum machine learning"" AND imaging)"
SCOPUS_ID:85218358476,2-s2.0-85218358476,Classification and reconstruction for single-pixel imaging with classical and quantum neural networks,Manko S.,Signal Image and Video Processing,2025-04-01,10.1007/s11760-025-03875-5,18631703,19,4,,2,Article,"https://api.elsevier.com/content/abstract/scopus_id/85218358476, https://api.elsevier.com/content/abstract/scopus_id/85218358476?field=author,affiliation, https://www.scopus.com/inward/record.uri?partnerID=HzOxMe3b&scp=85218358476&origin=inward, https://www.scopus.com/inward/citedby.uri?partnerID=HzOxMe3b&scp=85218358476&origin=inward","TITLE-ABS-KEY(""quantum machine learning"" AND imaging)"
SCOPUS_ID:85210285486,2-s2.0-85210285486,Quantum machine learning for recognition of defects in ultrasonic imaging,Dubey A.,NDT and E International,2025-03-01,10.1016/j.ndteint.2024.103262,09638695,150,,,3,Article,"https://api.elsevier.com/content/abstract/scopus_id/85210285486, https://api.elsevier.com/content/abstract/scopus_id/85210285486?field=author,affiliation, https://www.scopus.com/inward/record.uri?partnerID=HzOxMe3b&scp=85210285486&origin=inward, https://www.scopus.com/inward/citedby.uri?partnerID=HzOxMe3b&scp=85210285486&origin=inward, https://api.elsevier.com/content/article/eid/1-s2.0-S0963869524002275","TITLE-ABS-KEY(""quantum machine learning"" AND imaging)"
SCOPUS_ID:85213279881,2-s2.0-85213279881,Early-stage detection of cognitive impairment by hybrid quantum-classical algorithm using resting-state functional MRI time-series,Choi J.,Knowledge Based Systems,2025-02-15,10.1016/j.knosys.2024.112922,09507051,310,,,11,Article,"https://api.elsevier.com/content/abstract/scopus_id/85213279881, https://api.elsevier.com/content/abstract/scopus_id/85213279881?field=author,affiliation, https://www.scopus.com/inward/record.uri?partnerID=HzOxMe3b&scp=85213279881&origin=inward, https://www.scopus.com/inward/citedby.uri?partnerID=HzOxMe3b&scp=85213279881&origin=inward, https://api.elsevier.com/content/article/eid/1-s2.0-S0950705124015569","TITLE-ABS-KEY(""quantum machine learning"" AND imaging)"
SCOPUS_ID:105007557733,2-s2.0-105007557733,Quantum Machine Learning in Crop Disease Monitoring: Opportunities and Challenges to Practical Implementation,Wu Y.,Iccc 2025 IEEE 12th International Joint Conference on Cybernetics and Computational Cybernetics Cyber Medical Systems Proceedings,2025-01-01,10.1109/ICCC64928.2025.10999141,,,,59-63,5,Conference Paper,"https://api.elsevier.com/content/abstract/scopus_id/105007557733, https://api.elsevier.com/content/abstract/scopus_id/105007557733?field=author,affiliation, https://www.scopus.com/inward/record.uri?partnerID=HzOxMe3b&scp=105007557733&origin=inward, https://www.scopus.com/inward/citedby.uri?partnerID=HzOxMe3b&scp=105007557733&origin=inward","TITLE-ABS-KEY(""quantum machine learning"" AND imaging)"
SCOPUS_ID:105024429307,2-s2.0-105024429307,Quantum AI for psychiatric diagnosis: enhancing dementia classification with quantum machine learning,Amin J.,Frontiers in Psychiatry,2025-01-01,10.3389/fpsyt.2025.1648060,,16,,,0,Article,"https://api.elsevier.com/content/abstract/scopus_id/105024429307, https://api.elsevier.com/content/abstract/scopus_id/105024429307?field=author,affiliation, https://www.scopus.com/inward/record.uri?partnerID=HzOxMe3b&scp=105024429307&origin=inward, https://www.scopus.com/inward/citedby.uri?partnerID=HzOxMe3b&scp=105024429307&origin=inward","TITLE-ABS-KEY(""quantum machine learning"" AND imaging)"
SCOPUS_ID:105020382774,2-s2.0-105020382774,Seismic Fault Detection Using Quantum Machine Learning,Ananos G.,SPE Middle East Oil and Gas Show and Conference Meos Proceedings,2025-01-01,10.2118/227685-MS,,,,,0,Conference Paper,"https://api.elsevier.com/content/abstract/scopus_id/105020382774, https://api.elsevier.com/content/abstract/scopus_id/105020382774?field=author,affiliation, https://www.scopus.com/inward/record.uri?partnerID=HzOxMe3b&scp=105020382774&origin=inward, https://www.scopus.com/inward/citedby.uri?partnerID=HzOxMe3b&scp=105020382774&origin=inward","TITLE-ABS-KEY(""quantum machine learning"" AND imaging)"
SCOPUS_ID:85214407587,2-s2.0-85214407587,Quantum neural compressive sensing for ghost imaging,Zhai X.,Physical Review Applied,2025-01-01,10.1103/PhysRevApplied.23.014018,,23,1,,4,Article,"https://api.elsevier.com/content/abstract/scopus_id/85214407587, https://api.elsevier.com/content/abstract/scopus_id/85214407587?field=author,affiliation, https://www.scopus.com/inward/record.uri?partnerID=HzOxMe3b&scp=85214407587&origin=inward, https://www.scopus.com/inward/citedby.uri?partnerID=HzOxMe3b&scp=85214407587&origin=inward","TITLE-ABS-KEY(""quantum machine learning"" AND imaging)"
SCOPUS_ID:105010292846,2-s2.0-105010292846,Hybrid quantum-classical solution for automated labeling and validation,Lalwani J.,Proceedings of SPIE the International Society for Optical Engineering,2025-01-01,10.1117/12.3053743,0277786X,13451,,,0,Conference Paper,"https://api.elsevier.com/content/abstract/scopus_id/105010292846, https://api.elsevier.com/content/abstract/scopus_id/105010292846?field=author,affiliation, https://www.scopus.com/inward/record.uri?partnerID=HzOxMe3b&scp=105010292846&origin=inward, https://www.scopus.com/inward/citedby.uri?partnerID=HzOxMe3b&scp=105010292846&origin=inward","TITLE-ABS-KEY(""quantum machine learning"" AND imaging)"
SCOPUS_ID:105030138005,2-s2.0-105030138005,Stochastic Entanglement Configuration for Constructive Entanglement Topologies in Quantum Machine Learning with Application to Cardiac MRI,Mehrnia M.,Proceedings IEEE Quantum Week 2025 Qce 2025,2025-01-01,10.1109/QCE65121.2025.00221,,1,,2021-2030,0,Conference Paper,"https://api.elsevier.com/content/abstract/scopus_id/105030138005, https://api.elsevier.com/content/abstract/scopus_id/105030138005?field=author,affiliation, https://www.scopus.com/inward/record.uri?partnerID=HzOxMe3b&scp=105030138005&origin=inward, https://www.scopus.com/inward/citedby.uri?partnerID=HzOxMe3b&scp=105030138005&origin=inward","TITLE-ABS-KEY(""quantum machine learning"" AND imaging)"
SCOPUS_ID:85196378188,2-s2.0-85196378188,Deep Ensemble learning and quantum machine learning approach for Alzheimer’s disease detection,Jenber Belay A.,Scientific Reports,2024-12-01,10.1038/s41598-024-61452-1,,14,1,,32,Article,"https://api.elsevier.com/content/abstract/scopus_id/85196378188, https://api.elsevier.com/content/abstract/scopus_id/85196378188?field=author,affiliation, https://www.scopus.com/inward/record.uri?partnerID=HzOxMe3b&scp=85196378188&origin=inward, https://www.scopus.com/inward/citedby.uri?partnerID=HzOxMe3b&scp=85196378188&origin=inward","TITLE-ABS-KEY(""quantum machine learning"" AND imaging)"
SCOPUS_ID:85209359507,2-s2.0-85209359507,Quantum machine learning enhanced laser speckle analysis for precise speed prediction,Chen Y.X.,Scientific Reports,2024-12-01,10.1038/s41598-024-78884-4,,14,1,,3,Article,"https://api.elsevier.com/content/abstract/scopus_id/85209359507, https://api.elsevier.com/content/abstract/scopus_id/85209359507?field=author,affiliation, https://www.scopus.com/inward/record.uri?partnerID=HzOxMe3b&scp=85209359507&origin=inward, https://www.scopus.com/inward/citedby.uri?partnerID=HzOxMe3b&scp=85209359507&origin=inward","TITLE-ABS-KEY(""quantum machine learning"" AND imaging)"
SCOPUS_ID:85201398387,2-s2.0-85201398387,Quantum deep generative prior with programmable quantum circuits,Xiao T.,Communications Physics,2024-12-01,10.1038/s42005-024-01765-9,,7,1,,8,Article,"https://api.elsevier.com/content/abstract/scopus_id/85201398387, https://api.elsevier.com/content/abstract/scopus_id/85201398387?field=author,affiliation, https://www.scopus.com/inward/record.uri?partnerID=HzOxMe3b&scp=85201398387&origin=inward, https://www.scopus.com/inward/citedby.uri?partnerID=HzOxMe3b&scp=85201398387&origin=inward","TITLE-ABS-KEY(""quantum machine learning"" AND imaging)"
SCOPUS_ID:85207629211,2-s2.0-85207629211,On-board classification of underwater images using hybrid classical-quantum CNN-based method,Warrier S.R.,Quantum Machine Intelligence,2024-12-01,10.1007/s42484-024-00206-8,25244906,6,2,,3,Article,"https://api.elsevier.com/content/abstract/scopus_id/85207629211, https://api.elsevier.com/content/abstract/scopus_id/85207629211?field=author,affiliation, https://www.scopus.com/inward/record.uri?partnerID=HzOxMe3b&scp=85207629211&origin=inward, https://www.scopus.com/inward/citedby.uri?partnerID=HzOxMe3b&scp=85207629211&origin=inward","TITLE-ABS-KEY(""quantum machine learning"" AND imaging)"
SCOPUS_ID:85202457652,2-s2.0-85202457652,Breast Cancer Detection with Quanvolutional Neural Networks,Matondo-Mvula N.,Entropy,2024-08-01,10.3390/e26080630,,26,8,,13,Article,"https://api.elsevier.com/content/abstract/scopus_id/85202457652, https://api.elsevier.com/content/abstract/scopus_id/85202457652?field=author,affiliation, https://www.scopus.com/inward/record.uri?partnerID=HzOxMe3b&scp=85202457652&origin=inward, https://www.scopus.com/inward/citedby.uri?partnerID=HzOxMe3b&scp=85202457652&origin=inward","TITLE-ABS-KEY(""quantum machine learning"" AND imaging)"
SCOPUS_ID:85191657456,2-s2.0-85191657456,Predicting Brain Age and Gender from Brain Volume Data Using Variational Quantum Circuits,Jeon Y.J.,Brain Sciences,2024-04-01,10.3390/brainsci14040401,,14,4,,5,Article,"https://api.elsevier.com/content/abstract/scopus_id/85191657456, https://api.elsevier.com/content/abstract/scopus_id/85191657456?field=author,affiliation, https://www.scopus.com/inward/record.uri?partnerID=HzOxMe3b&scp=85191657456&origin=inward, https://www.scopus.com/inward/citedby.uri?partnerID=HzOxMe3b&scp=85191657456&origin=inward","TITLE-ABS-KEY(""quantum machine learning"" AND imaging)"
SCOPUS_ID:85210102374,2-s2.0-85210102374,Hyperspectral Image Classification Using Quantum Machine Learning,Priyanka G.S.,2024 1st International Conference on Advanced Computing and Emerging Technologies Acet 2024,2024-01-01,10.1109/ACET61898.2024.10730182,,,,,1,Conference Paper,"https://api.elsevier.com/content/abstract/scopus_id/85210102374, https://api.elsevier.com/content/abstract/scopus_id/85210102374?field=author,affiliation, https://www.scopus.com/inward/record.uri?partnerID=HzOxMe3b&scp=85210102374&origin=inward, https://www.scopus.com/inward/citedby.uri?partnerID=HzOxMe3b&scp=85210102374&origin=inward","TITLE-ABS-KEY(""quantum machine learning"" AND imaging)"
SCOPUS_ID:85192966255,2-s2.0-85192966255,Applications of Deep Learning in Computational Imaging with Structured Illumination,Wang J.,Proceedings of SPIE the International Society for Optical Engineering,2024-01-01,10.1117/12.3017729,0277786X,13156,,,0,Conference Paper,"https://api.elsevier.com/content/abstract/scopus_id/85192966255, https://api.elsevier.com/content/abstract/scopus_id/85192966255?field=author,affiliation, https://www.scopus.com/inward/record.uri?partnerID=HzOxMe3b&scp=85192966255&origin=inward, https://www.scopus.com/inward/citedby.uri?partnerID=HzOxMe3b&scp=85192966255&origin=inward","TITLE-ABS-KEY(""quantum machine learning"" AND imaging)"
SCOPUS_ID:85213780695,2-s2.0-85213780695,Automated detection of brain disease using quantum machine learning,Shahwar T.,Brain Computer Interfaces,2024-01-01,10.1016/B978-0-323-95439-6.00022-3,,,,91-114,3,Book Chapter,"https://api.elsevier.com/content/abstract/scopus_id/85213780695, https://api.elsevier.com/content/abstract/scopus_id/85213780695?field=author,affiliation, https://www.scopus.com/inward/record.uri?partnerID=HzOxMe3b&scp=85213780695&origin=inward, https://www.scopus.com/inward/citedby.uri?partnerID=HzOxMe3b&scp=85213780695&origin=inward, https://api.elsevier.com/content/article/eid/3-s2.0-B9780323954396000223","TITLE-ABS-KEY(""quantum machine learning"" AND imaging)"
SCOPUS_ID:85210264962,2-s2.0-85210264962,"Quantum Computing, Communication, and Simulation IV",,Proceedings of SPIE the International Society for Optical Engineering,2024-01-01,,0277786X,12911,,,0,Conference Review,"https://api.elsevier.com/content/abstract/scopus_id/85210264962, https://api.elsevier.com/content/abstract/scopus_id/85210264962?field=author,affiliation, https://www.scopus.com/inward/record.uri?partnerID=HzOxMe3b&scp=85210264962&origin=inward, https://www.scopus.com/inward/citedby.uri?partnerID=HzOxMe3b&scp=85210264962&origin=inward","TITLE-ABS-KEY(""quantum machine learning"" AND imaging)"
SCOPUS_ID:85208636353,2-s2.0-85208636353,A Survey on Brain Tumor Segmentation and Techniques,Gayathri N.,10th International Conference on Advanced Computing and Communication Systems Icaccs 2024,2024-01-01,10.1109/ICACCS60874.2024.10717108,,,,1853-1858,0,Conference Paper,"https://api.elsevier.com/content/abstract/scopus_id/85208636353, https://api.elsevier.com/content/abstract/scopus_id/85208636353?field=author,affiliation, https://www.scopus.com/inward/record.uri?partnerID=HzOxMe3b&scp=85208636353&origin=inward, https://www.scopus.com/inward/citedby.uri?partnerID=HzOxMe3b&scp=85208636353&origin=inward","TITLE-ABS-KEY(""quantum machine learning"" AND imaging)"
SCOPUS_ID:85202349323,2-s2.0-85202349323,Quantum Classification for Synthetic Aperture Radar,Naik S.,Proceedings of SPIE the International Society for Optical Engineering,2024-01-01,10.1117/12.3016462,0277786X,13039,,,2,Conference Paper,"https://api.elsevier.com/content/abstract/scopus_id/85202349323, https://api.elsevier.com/content/abstract/scopus_id/85202349323?field=author,affiliation, https://www.scopus.com/inward/record.uri?partnerID=HzOxMe3b&scp=85202349323&origin=inward, https://www.scopus.com/inward/citedby.uri?partnerID=HzOxMe3b&scp=85202349323&origin=inward","TITLE-ABS-KEY(""quantum machine learning"" AND imaging)"
SCOPUS_ID:105005953278,2-s2.0-105005953278,Development of a Model for Detection of Brain Tumor Using Deep Learning,Aweh O.M.,IEEE International Conference on Emerging and Sustainable Technologies for Power and ICT in A Developing Society Nigercon,2024-01-01,10.1109/NIGERCON62786.2024.10927075,23772689,,2024,,0,Conference Paper,"https://api.elsevier.com/content/abstract/scopus_id/105005953278, https://api.elsevier.com/content/abstract/scopus_id/105005953278?field=author,affiliation, https://www.scopus.com/inward/record.uri?partnerID=HzOxMe3b&scp=105005953278&origin=inward, https://www.scopus.com/inward/citedby.uri?partnerID=HzOxMe3b&scp=105005953278&origin=inward","TITLE-ABS-KEY(""quantum machine learning"" AND imaging)"
SCOPUS_ID:85206102939,2-s2.0-85206102939,Design and Analysis for Advancements in Brain Tumor Detection Model by using Machine Learning Techniques,Gulhane A.,Proceedings 2024 8th International Conference on Inventive Systems and Control Icisc 2024,2024-01-01,10.1109/ICISC62624.2024.00010,,,,13-18,0,Conference Paper,"https://api.elsevier.com/content/abstract/scopus_id/85206102939, https://api.elsevier.com/content/abstract/scopus_id/85206102939?field=author,affiliation, https://www.scopus.com/inward/record.uri?partnerID=HzOxMe3b&scp=85206102939&origin=inward, https://www.scopus.com/inward/citedby.uri?partnerID=HzOxMe3b&scp=85206102939&origin=inward","TITLE-ABS-KEY(""quantum machine learning"" AND imaging)"
SCOPUS_ID:85204894659,2-s2.0-85204894659,Detection of Bare Soil in Hyperspectral Images Using Quantum-Kernel Support Vector Machines,Wijata A.M.,International Geoscience and Remote Sensing Symposium IGARSS,2024-01-01,10.1109/IGARSS53475.2024.10641442,,,,817-822,5,Conference Paper,"https://api.elsevier.com/content/abstract/scopus_id/85204894659, https://api.elsevier.com/content/abstract/scopus_id/85204894659?field=author,affiliation, https://www.scopus.com/inward/record.uri?partnerID=HzOxMe3b&scp=85204894659&origin=inward, https://www.scopus.com/inward/citedby.uri?partnerID=HzOxMe3b&scp=85204894659&origin=inward","TITLE-ABS-KEY(""quantum machine learning"" AND imaging)"
SCOPUS_ID:85215794470,2-s2.0-85215794470,Image Fusion and Quantum Machine Learning for Remote Sensing Applications,Miller L.,15th International Conference on Information Intelligence Systems and Applications Iisa 2024,2024-01-01,10.1109/IISA62523.2024.10786643,,,,,3,Conference Paper,"https://api.elsevier.com/content/abstract/scopus_id/85215794470, https://api.elsevier.com/content/abstract/scopus_id/85215794470?field=author,affiliation, https://www.scopus.com/inward/record.uri?partnerID=HzOxMe3b&scp=85215794470&origin=inward, https://www.scopus.com/inward/citedby.uri?partnerID=HzOxMe3b&scp=85215794470&origin=inward","TITLE-ABS-KEY(""quantum machine learning"" AND imaging)"
SCOPUS_ID:85179827629,2-s2.0-85179827629,Exploiting the Quantum Advantage for Satellite Image Processing: Review and Assessment,Otgonbaatar S.,IEEE Transactions on Quantum Engineering,2024-01-01,10.1109/TQE.2023.3338970,,5,,,14,Article,"https://api.elsevier.com/content/abstract/scopus_id/85179827629, https://api.elsevier.com/content/abstract/scopus_id/85179827629?field=author,affiliation, https://www.scopus.com/inward/record.uri?partnerID=HzOxMe3b&scp=85179827629&origin=inward, https://www.scopus.com/inward/citedby.uri?partnerID=HzOxMe3b&scp=85179827629&origin=inward","TITLE-ABS-KEY(""quantum machine learning"" AND imaging)"
SCOPUS_ID:85193792433,2-s2.0-85193792433,Quantum Image Fusion Methods for Remote Sensing,Miller L.,IEEE Aerospace Conference Proceedings,2024-01-01,10.1109/AERO58975.2024.10521113,1095323X,,,,6,Conference Paper,"https://api.elsevier.com/content/abstract/scopus_id/85193792433, https://api.elsevier.com/content/abstract/scopus_id/85193792433?field=author,affiliation, https://www.scopus.com/inward/record.uri?partnerID=HzOxMe3b&scp=85193792433&origin=inward, https://www.scopus.com/inward/citedby.uri?partnerID=HzOxMe3b&scp=85193792433&origin=inward","TITLE-ABS-KEY(""quantum machine learning"" AND imaging)"
SCOPUS_ID:85164283221,2-s2.0-85164283221,Practical advantage of quantum machine learning in ghost imaging,Xiao T.,Communications Physics,2023-12-01,10.1038/s42005-023-01290-1,,6,1,,37,Article,"https://api.elsevier.com/content/abstract/scopus_id/85164283221, https://api.elsevier.com/content/abstract/scopus_id/85164283221?field=author,affiliation, https://www.scopus.com/inward/record.uri?partnerID=HzOxMe3b&scp=85164283221&origin=inward, https://www.scopus.com/inward/citedby.uri?partnerID=HzOxMe3b&scp=85164283221&origin=inward","TITLE-ABS-KEY(""quantum machine learning"" AND imaging)"
SCOPUS_ID:85173143577,2-s2.0-85173143577,Advances in Quantum Machine Learning and Deep Learning for Image Classification: A Survey,Kharsa R.,Neurocomputing,2023-12-01,10.1016/j.neucom.2023.126843,09252312,560,,,43,Short Survey,"https://api.elsevier.com/content/abstract/scopus_id/85173143577, https://api.elsevier.com/content/abstract/scopus_id/85173143577?field=author,affiliation, https://www.scopus.com/inward/record.uri?partnerID=HzOxMe3b&scp=85173143577&origin=inward, https://www.scopus.com/inward/citedby.uri?partnerID=HzOxMe3b&scp=85173143577&origin=inward, https://api.elsevier.com/content/article/eid/1-s2.0-S0925231223009669","TITLE-ABS-KEY(""quantum machine learning"" AND imaging)"
SCOPUS_ID:85123824447,2-s2.0-85123824447,Fat-based studies for computer-assisted screening of child obesity using thermal imaging based on deep learning techniques: a comparison with quantum machine learning approach,Rashmi R.,Soft Computing,2023-09-01,10.1007/s00500-021-06668-3,14327643,27,18,13093-13114,18,Article,"https://api.elsevier.com/content/abstract/scopus_id/85123824447, https://api.elsevier.com/content/abstract/scopus_id/85123824447?field=author,affiliation, https://www.scopus.com/inward/record.uri?partnerID=HzOxMe3b&scp=85123824447&origin=inward, https://www.scopus.com/inward/citedby.uri?partnerID=HzOxMe3b&scp=85123824447&origin=inward","TITLE-ABS-KEY(""quantum machine learning"" AND imaging)"
SCOPUS_ID:85162849723,2-s2.0-85162849723,Detection of brain space-occupying lesions using quantum machine learning,Amin J.,Neural Computing and Applications,2023-09-01,10.1007/s00521-023-08717-4,09410643,35,26,19279-19295,14,Article,"https://api.elsevier.com/content/abstract/scopus_id/85162849723, https://api.elsevier.com/content/abstract/scopus_id/85162849723?field=author,affiliation, https://www.scopus.com/inward/record.uri?partnerID=HzOxMe3b&scp=85162849723&origin=inward, https://www.scopus.com/inward/citedby.uri?partnerID=HzOxMe3b&scp=85162849723&origin=inward","TITLE-ABS-KEY(""quantum machine learning"" AND imaging)"
SCOPUS_ID:85148422779,2-s2.0-85148422779,An improved hybrid quantum-classical convolutional neural network for multi-class brain tumor MRI classification,Dong Y.,Journal of Applied Physics,2023-02-14,10.1063/5.0138021,00218979,133,6,,19,Article,"https://api.elsevier.com/content/abstract/scopus_id/85148422779, https://api.elsevier.com/content/abstract/scopus_id/85148422779?field=author,affiliation, https://www.scopus.com/inward/record.uri?partnerID=HzOxMe3b&scp=85148422779&origin=inward, https://www.scopus.com/inward/citedby.uri?partnerID=HzOxMe3b&scp=85148422779&origin=inward","TITLE-ABS-KEY(""quantum machine learning"" AND imaging)"
SCOPUS_ID:85145424693,2-s2.0-85145424693,Automated segmentation and classification of hand thermal images in rheumatoid arthritis using machine learning algorithms: A comparison with quantum machine learning technique,Ahalya R.K.,Journal of Thermal Biology,2023-01-01,10.1016/j.jtherbio.2022.103404,03064565,111,,,36,Article,"https://api.elsevier.com/content/abstract/scopus_id/85145424693, https://api.elsevier.com/content/abstract/scopus_id/85145424693?field=author,affiliation, https://www.scopus.com/inward/record.uri?partnerID=HzOxMe3b&scp=85145424693&origin=inward, https://www.scopus.com/inward/citedby.uri?partnerID=HzOxMe3b&scp=85145424693&origin=inward, https://api.elsevier.com/content/article/eid/1-s2.0-S0306456522002182","TITLE-ABS-KEY(""quantum machine learning"" AND imaging)"
SCOPUS_ID:85181770157,2-s2.0-85181770157,Quantum Computing Technologies to Accelerate 6G and CONASENSE Integration Beyond 2030,Henrique P.S.R.,International Symposium on Wireless Personal Multimedia Communications Wpmc,2023-01-01,10.1109/WPMC59531.2023.10338974,13476890,,,260-265,2,Conference Paper,"https://api.elsevier.com/content/abstract/scopus_id/85181770157, https://api.elsevier.com/content/abstract/scopus_id/85181770157?field=author,affiliation, https://www.scopus.com/inward/record.uri?partnerID=HzOxMe3b&scp=85181770157&origin=inward, https://www.scopus.com/inward/citedby.uri?partnerID=HzOxMe3b&scp=85181770157&origin=inward","TITLE-ABS-KEY(""quantum machine learning"" AND imaging)"
SCOPUS_ID:85156253933,2-s2.0-85156253933,Hybrid Quantum-Classical Machine Learning for Near Real-time Space to Ground Communication of ISS Lightning Imaging Sensor Data,Fadli S.,2023 IEEE 13th Annual Computing and Communication Workshop and Conference Ccwc 2023,2023-01-01,10.1109/CCWC57344.2023.10099338,,,,114-122,4,Conference Paper,"https://api.elsevier.com/content/abstract/scopus_id/85156253933, https://api.elsevier.com/content/abstract/scopus_id/85156253933?field=author,affiliation, https://www.scopus.com/inward/record.uri?partnerID=HzOxMe3b&scp=85156253933&origin=inward, https://www.scopus.com/inward/citedby.uri?partnerID=HzOxMe3b&scp=85156253933&origin=inward","TITLE-ABS-KEY(""quantum machine learning"" AND imaging)"
SCOPUS_ID:85163305570,2-s2.0-85163305570,Empirical Analysis of Hybrid Classical Variational Quantum Neural Networks for Target Classification from SAR Data,Gajjar P.,Lecture Notes in Electrical Engineering,2023-01-01,10.1007/978-981-99-0085-5_39,18761100,997 LNEE,,483-491,3,Conference Paper,"https://api.elsevier.com/content/abstract/scopus_id/85163305570, https://api.elsevier.com/content/abstract/scopus_id/85163305570?field=author,affiliation, https://www.scopus.com/inward/record.uri?partnerID=HzOxMe3b&scp=85163305570&origin=inward, https://www.scopus.com/inward/citedby.uri?partnerID=HzOxMe3b&scp=85163305570&origin=inward","TITLE-ABS-KEY(""quantum machine learning"" AND imaging)"
SCOPUS_ID:85165453348,2-s2.0-85165453348,Quantum Machine Learning for Optical and SAR Classification,Miller L.,International Conference on Digital Signal Processing DSP,2023-01-01,10.1109/DSP58604.2023.10167979,,2023-June,,,6,Conference Paper,"https://api.elsevier.com/content/abstract/scopus_id/85165453348, https://api.elsevier.com/content/abstract/scopus_id/85165453348?field=author,affiliation, https://www.scopus.com/inward/record.uri?partnerID=HzOxMe3b&scp=85165453348&origin=inward, https://www.scopus.com/inward/citedby.uri?partnerID=HzOxMe3b&scp=85165453348&origin=inward","TITLE-ABS-KEY(""quantum machine learning"" AND imaging)"
SCOPUS_ID:85144076289,2-s2.0-85144076289,Fundamentals of Quantum Fourier Optics,Rezai M.,IEEE Transactions on Quantum Engineering,2023-01-01,10.1109/TQE.2022.3224799,,4,,,15,Article,"https://api.elsevier.com/content/abstract/scopus_id/85144076289, https://api.elsevier.com/content/abstract/scopus_id/85144076289?field=author,affiliation, https://www.scopus.com/inward/record.uri?partnerID=HzOxMe3b&scp=85144076289&origin=inward, https://www.scopus.com/inward/citedby.uri?partnerID=HzOxMe3b&scp=85144076289&origin=inward","TITLE-ABS-KEY(""quantum machine learning"" AND imaging)"
SCOPUS_ID:85133904013,2-s2.0-85133904013,Brain tumor detection and classification using machine learning: a comprehensive survey,Amin J.,Complex and Intelligent Systems,2022-08-01,10.1007/s40747-021-00563-y,21994536,8,4,3161-3183,346,Article,"https://api.elsevier.com/content/abstract/scopus_id/85133904013, https://api.elsevier.com/content/abstract/scopus_id/85133904013?field=author,affiliation, https://www.scopus.com/inward/record.uri?partnerID=HzOxMe3b&scp=85133904013&origin=inward, https://www.scopus.com/inward/citedby.uri?partnerID=HzOxMe3b&scp=85133904013&origin=inward","TITLE-ABS-KEY(""quantum machine learning"" AND imaging)"
SCOPUS_ID:85139833644,2-s2.0-85139833644,Quantum Feature Extraction for THz Multi-Layer Imaging,Koike-Akino T.,International Conference on Infrared Millimeter and Terahertz Waves Irmmw Thz,2022-01-01,10.1109/IRMMW-THz50927.2022.9896037,21622027,2022-August,,,3,Conference Paper,"https://api.elsevier.com/content/abstract/scopus_id/85139833644, https://api.elsevier.com/content/abstract/scopus_id/85139833644?field=author,affiliation, https://www.scopus.com/inward/record.uri?partnerID=HzOxMe3b&scp=85139833644&origin=inward, https://www.scopus.com/inward/citedby.uri?partnerID=HzOxMe3b&scp=85139833644&origin=inward","TITLE-ABS-KEY(""quantum machine learning"" AND imaging)"
SCOPUS_ID:85136596391,2-s2.0-85136596391,Towards Bundle Adjustment for Satellite Imaging via Quantum Machine Learning,Piatkowski N.,2022 25th International Conference on Information Fusion Fusion 2022,2022-01-01,10.23919/FUSION49751.2022.9841388,,,,,8,Conference Paper,"https://api.elsevier.com/content/abstract/scopus_id/85136596391, https://api.elsevier.com/content/abstract/scopus_id/85136596391?field=author,affiliation, https://www.scopus.com/inward/record.uri?partnerID=HzOxMe3b&scp=85136596391&origin=inward, https://www.scopus.com/inward/citedby.uri?partnerID=HzOxMe3b&scp=85136596391&origin=inward","TITLE-ABS-KEY(""quantum machine learning"" AND imaging)"
SCOPUS_ID:85141593973,2-s2.0-85141593973,Hyperspectral Anomaly Detection Using Quantum Potential Clustering,Tu B.,IEEE Transactions on Instrumentation and Measurement,2022-01-01,10.1109/TIM.2022.3218561,00189456,71,,,15,Article,"https://api.elsevier.com/content/abstract/scopus_id/85141593973, https://api.elsevier.com/content/abstract/scopus_id/85141593973?field=author,affiliation, https://www.scopus.com/inward/record.uri?partnerID=HzOxMe3b&scp=85141593973&origin=inward, https://www.scopus.com/inward/citedby.uri?partnerID=HzOxMe3b&scp=85141593973&origin=inward","TITLE-ABS-KEY(""quantum machine learning"" AND imaging)"
SCOPUS_ID:85140387347,2-s2.0-85140387347,Coreset of Hyperspectral Images on a Small Quantum Computer,Otgonbaatar S.,International Geoscience and Remote Sensing Symposium IGARSS,2022-01-01,10.1109/IGARSS46834.2022.9884273,,2022-July,,4923-4926,4,Conference Paper,"https://api.elsevier.com/content/abstract/scopus_id/85140387347, https://api.elsevier.com/content/abstract/scopus_id/85140387347?field=author,affiliation, https://www.scopus.com/inward/record.uri?partnerID=HzOxMe3b&scp=85140387347&origin=inward, https://www.scopus.com/inward/citedby.uri?partnerID=HzOxMe3b&scp=85140387347&origin=inward","TITLE-ABS-KEY(""quantum machine learning"" AND imaging)"
SCOPUS_ID:85115123805,2-s2.0-85115123805,Natural Embedding of the Stokes Parameters of Polarimetric Synthetic Aperture Radar Images in a Gate-Based Quantum Computer,Otgonbaatar S.,IEEE Transactions on Geoscience and Remote Sensing,2022-01-01,10.1109/TGRS.2021.3110056,01962892,60,,,13,Article,"https://api.elsevier.com/content/abstract/scopus_id/85115123805, https://api.elsevier.com/content/abstract/scopus_id/85115123805?field=author,affiliation, https://www.scopus.com/inward/record.uri?partnerID=HzOxMe3b&scp=85115123805&origin=inward, https://www.scopus.com/inward/citedby.uri?partnerID=HzOxMe3b&scp=85115123805&origin=inward","TITLE-ABS-KEY(""quantum machine learning"" AND imaging)"
SCOPUS_ID:85100271887,2-s2.0-85100271887,A quantum-inspired classifier for clonogenic assay evaluations,Sergioli G.,Scientific Reports,2021-12-01,10.1038/s41598-021-82085-8,,11,1,,29,Article,"https://api.elsevier.com/content/abstract/scopus_id/85100271887, https://api.elsevier.com/content/abstract/scopus_id/85100271887?field=author,affiliation, https://www.scopus.com/inward/record.uri?partnerID=HzOxMe3b&scp=85100271887&origin=inward, https://www.scopus.com/inward/citedby.uri?partnerID=HzOxMe3b&scp=85100271887&origin=inward","TITLE-ABS-KEY(""quantum machine learning"" AND imaging)"
SCOPUS_ID:85111303333,2-s2.0-85111303333,Anomaly detection with variational quantum generative adversarial networks,Herr D.,Quantum Science and Technology,2021-10-01,10.1088/2058-9565/ac0d4d,,6,4,,56,Review,"https://api.elsevier.com/content/abstract/scopus_id/85111303333, https://api.elsevier.com/content/abstract/scopus_id/85111303333?field=author,affiliation, https://www.scopus.com/inward/record.uri?partnerID=HzOxMe3b&scp=85111303333&origin=inward, https://www.scopus.com/inward/citedby.uri?partnerID=HzOxMe3b&scp=85111303333&origin=inward","TITLE-ABS-KEY(""quantum machine learning"" AND imaging)"
SCOPUS_ID:85090416970,2-s2.0-85090416970,High-Dimensional Similarity Search with Quantum-Assisted Variational Autoencoder,Gao N.,Proceedings of the ACM SIGKDD International Conference on Knowledge Discovery and Data Mining,2020-08-23,10.1145/3394486.3403138,,,,956-964,15,Conference Paper,"https://api.elsevier.com/content/abstract/scopus_id/85090416970, https://api.elsevier.com/content/abstract/scopus_id/85090416970?field=author,affiliation, https://www.scopus.com/inward/record.uri?partnerID=HzOxMe3b&scp=85090416970&origin=inward, https://www.scopus.com/inward/citedby.uri?partnerID=HzOxMe3b&scp=85090416970&origin=inward","TITLE-ABS-KEY(""quantum machine learning"" AND imaging)"
