search_query,identifier,title,authors,publication_name,publication_date,doi,url,abstract,content_type
"(""quantum machine learning"" OR QML OR ""variational quantum"" OR VQC OR QNN OR ""quantum neural network"" OR ""quantum kernel"" OR QSVM OR ""quantum support vector"" OR ""quantum circuit"" OR ""parameterized quantum circuit"" OR PQC OR ""quantum annealing"" OR QAOA OR ""quantum classifier"") AND (medicine OR medical OR healthcare OR clinical OR diagnosis OR prognosis OR radiology OR imaging OR MRI OR CT OR ultrasound OR pathology OR histopathology OR ECG OR EEG OR genomics OR proteomics OR bioinformatics OR ""electronic health record"" OR EHR OR drug OR pharmacology)",doi:10.1007/s44174-025-00429-8,VF-QCNN: Diabetic Retinopathy Detection Using Volans Finch Optimization-Based Quantum Convolutional Neural Network Model,"Kalkonde, L. S., Kasat, K. N., Videkar, Chetan K., Kalkonde, K. S., S.Chandak, D.",Biomedical Materials & Devices,2026-06-01,10.1007/s44174-025-00429-8,"http://link.springer.com/openurl/fulltext?id=doi:10.1007/s44174-025-00429-8, http://link.springer.com/openurl/pdf?id=doi:10.1007/s44174-025-00429-8, http://dx.doi.org/10.1007/s44174-025-00429-8","Diabetic retinopathy (DR) detection focuses on identifying and diagnosing retinal damage caused by prolonged high blood sugar levels in individuals with diabetes. This condition affects the delicate blood vessels in the retina, leading to potential complications such as vision impairment and even blindness if left untreated. Early detection and timely intervention are essential to prevent severe vision loss and improve patient outcomes.Existing models face challenges in handling the noise and image quality variations, and dealing with high-dimensional data. Nevertheless, the existing techniques fail to extract the highly nonlinear featuresoften resulting in misdetections.Hence, the Volans Finch Optimization-based Quantum Convolutional Neural Network (VF-QCNN) is proposed for effective DR detection. The VF-QCNN encodes retinal image data into quantum states, leveraging quantum superposition and entanglement for efficient parallel processing, which enhances the extraction of intricate features crucial for identifying early Diabetic Retinopathy indicators.More specifically, the Volans Finch optimization inherits the adaptive learning and memory-based search capabilities to reach theoptimal solution, ensuring optimal tuning of network parameters and improving the segmentation of retinal structures. Consequently, the VF-QCNN model captures and preserves subtle spatial and textural patterns during diagnosis, leading to improved accuracy and reliability. The proposed model achieves impressive performance metrics, with an accuracy of 96.47%, an F1 score of 96.33%, a precision of 95.27%, and a recall of 97.43%.",Article
"(""quantum machine learning"" OR QML OR ""variational quantum"" OR VQC OR QNN OR ""quantum neural network"" OR ""quantum kernel"" OR QSVM OR ""quantum support vector"" OR ""quantum circuit"" OR ""parameterized quantum circuit"" OR PQC OR ""quantum annealing"" OR QAOA OR ""quantum classifier"") AND (medicine OR medical OR healthcare OR clinical OR diagnosis OR prognosis OR radiology OR imaging OR MRI OR CT OR ultrasound OR pathology OR histopathology OR ECG OR EEG OR genomics OR proteomics OR bioinformatics OR ""electronic health record"" OR EHR OR drug OR pharmacology)",doi:10.1007/s10853-025-12116-6,Energy-efficient fabrication of Cu/Al_2O_3 metal–ceramic composites with enhanced mechanical performance via 3D printing and electrodeposition,"Yu, Jiarui, Vermol, Verly Veto, Ayob, Salwa, Zhang, Wei, Hussain, Saddam",Journal of Materials Science,2026-04-01,10.1007/s10853-025-12116-6,"http://link.springer.com/openurl/fulltext?id=doi:10.1007/s10853-025-12116-6, http://link.springer.com/openurl/pdf?id=doi:10.1007/s10853-025-12116-6, http://dx.doi.org/10.1007/s10853-025-12116-6","Although metal–ceramic composites possess high strength, stiffness, and toughness, their engineering applications remain limited owing to multifaceted engineering requirements. Scaffold engineering offers potential for fabricating such composites, yet it often relies on advanced specialized printers. In this study, we present a novel composite engineering strategy for producing copper-alumina (Cu/Al_2O_3) metal–ceramic composites by integrating vat photopolymerization 3D printing with pulsed electrodeposition. This process enables efficient copper infiltration into the complex channels of a 3D-printed ceramic scaffold, yielding composites with exceptional mechanical performance. Unlike conventional high-temperature infiltration techniques, our method operates at room temperature, requires no external pressure, and reduces energy consumption by more than 47-fold. The fabricated composite demonstrates remarkable enhancements, including a 24-fold increase in strength and a 64-fold increase in mechanical energy absorption compared to the ceramic preform. These improvements are attributed to the synergistic interaction between the infiltrated metal and the architected ceramic scaffold, as confirmed by micro-computed tomography, digital image correlation, and microstructural analysis. Overall, this approach establishes an energy-efficient pathway for manufacturing high-strength, tough metal–ceramic composites with broad engineering applicability.",Article
"(""quantum machine learning"" OR QML OR ""variational quantum"" OR VQC OR QNN OR ""quantum neural network"" OR ""quantum kernel"" OR QSVM OR ""quantum support vector"" OR ""quantum circuit"" OR ""parameterized quantum circuit"" OR PQC OR ""quantum annealing"" OR QAOA OR ""quantum classifier"") AND (medicine OR medical OR healthcare OR clinical OR diagnosis OR prognosis OR radiology OR imaging OR MRI OR CT OR ultrasound OR pathology OR histopathology OR ECG OR EEG OR genomics OR proteomics OR bioinformatics OR ""electronic health record"" OR EHR OR drug OR pharmacology)",doi:10.1007/s00500-025-11150-5,"A quantization training based deep learning for plant disease detections, severity and yield-loss prediction in sustainable agriculture","Suhani, Silla, Gopi, Arepalli Peda, Naik, K. Jairam",Soft Computing,2026-04-01,10.1007/s00500-025-11150-5,"http://link.springer.com/openurl/fulltext?id=doi:10.1007/s00500-025-11150-5, http://link.springer.com/openurl/pdf?id=doi:10.1007/s00500-025-11150-5, http://dx.doi.org/10.1007/s00500-025-11150-5","In the agricultural practices, ensuring the optimal production and quality is essential for promptly and accurately identify diseases that harm crops. The traditional approaches of diseases identification are error prone, costly, and labour-incentive. Deep learning approaches are employed in this research to address the issue of disease detection and classification in sugarcane plant leaves. Shortcomings of the existing traditional, imaging and AI based practices are examined and proposed innovative approach that pools the benefits of Quantization-Aware Training (QAT) and the MobileNetV3 architecture. Most existing models’ intricate resource-intensive architectures, that pose challenges of computational efficiency and real-time applications, especially in resource-constrained environments. The proposed QAT-MobileNetV3 model overcomes these limitations by leveraging advantages of QAT with the lightweight design of MobileNetV3. The QAT-MobileNetV3 allows for significant reductions in model size and inference time without compromising accuracy. Jupyter Notebook environment with TensorFlow QAT-MobileNetV3 is used that includes preprocessing the collection of sugarcane leaf images with augmentation strategies such as rotation, flipping, and brightness adjustment to increase model robustness. Proposed QAT-MobileNetV3 model attained 92% accuracy for the sugarcane dataset, whereas the existing ResNet50 model’s 88.5%. To validate the generalizability of the proposed model, we further tested it on the tomato leaf dataset. The QAT-MobileNetV3 achieved 98% accuracy compared to 91% for ResNet50, highlighting its robustness across different crops. These developments highlight the applicability of proposed method for on-the-spot disease detection in agricultural environments, offering a scalable and efficient solution to the challenge of sugarcane and other plant leaf disease detection.",Article
"(""quantum machine learning"" OR QML OR ""variational quantum"" OR VQC OR QNN OR ""quantum neural network"" OR ""quantum kernel"" OR QSVM OR ""quantum support vector"" OR ""quantum circuit"" OR ""parameterized quantum circuit"" OR PQC OR ""quantum annealing"" OR QAOA OR ""quantum classifier"") AND (medicine OR medical OR healthcare OR clinical OR diagnosis OR prognosis OR radiology OR imaging OR MRI OR CT OR ultrasound OR pathology OR histopathology OR ECG OR EEG OR genomics OR proteomics OR bioinformatics OR ""electronic health record"" OR EHR OR drug OR pharmacology)",doi:10.1007/s00500-025-11045-5,Explainable AI framework and quantum machine learning classifier based brain connectivity-feature classification for MI-EEG BCI applications,"Kaur, Manvir, Kumar, Vinay, Upadhyay, Rahul",Soft Computing,2026-04-01,10.1007/s00500-025-11045-5,"http://link.springer.com/openurl/fulltext?id=doi:10.1007/s00500-025-11045-5, http://link.springer.com/openurl/pdf?id=doi:10.1007/s00500-025-11045-5, http://dx.doi.org/10.1007/s00500-025-11045-5","In recent years, decoding of brain activity using Motor Imagery Electroencephalogram (MI-EEG) signals has gained substantial interest in the development of Brain Computer Interface (BCI). However, classification of MI-EEG signals remains challenging due to their non-linear, non-stationary characteristics and inherently low signal-to-noise ratio. Approach : The present work proposes a novel channel selection technique, the Stockwell Transform-based Phase Lag Index-Wilcoxon signed-rank test (S-PLI-WT), to discard MI-EEG channels containing noisy and redundant information. In this method, the PLI is computed using the S-transform, which enhances time–frequency resolution, thereby capturing inter-channel MI-EEG information across both frequency and time points. A weighting procedure is incorporated into the phase lag computation, which eliminates the effects of volume conduction and noise. The Wilcoxon signed-rank test is used to identify statistically significant connections. By leveraging graph theory, brain functional networks are constructed from the selected MI-EEG channels. The global and local topologies attributes are computed to extract MI features. An explainable feature selection framework, RFE-ELI5, is proposed to identify the most significant features. It employs the Explain Like I’m 5 (ELI-5) framework of Explainable Artificial Intelligence (XAI) to gain insights into the features that contribute significantly to the decision-making process of the proposed framework. Finally, a Quantum Support Vector Classifier (SVC) is developed to classify MI-EEG signals into four classes: left-hand, right-hand, feet, and tongue. Main results: The proposed methodology outperforms many existing state-of-the-art models developed for classifying MI-EEG signals and achieves an average classification accuracy of 91.71% using the BCI competition IV: dataset 2A.",Article
"(""quantum machine learning"" OR QML OR ""variational quantum"" OR VQC OR QNN OR ""quantum neural network"" OR ""quantum kernel"" OR QSVM OR ""quantum support vector"" OR ""quantum circuit"" OR ""parameterized quantum circuit"" OR PQC OR ""quantum annealing"" OR QAOA OR ""quantum classifier"") AND (medicine OR medical OR healthcare OR clinical OR diagnosis OR prognosis OR radiology OR imaging OR MRI OR CT OR ultrasound OR pathology OR histopathology OR ECG OR EEG OR genomics OR proteomics OR bioinformatics OR ""electronic health record"" OR EHR OR drug OR pharmacology)",doi:10.1007/s00500-025-11052-6,Quantum reinforcement learning for resilient cloud service composition,"Shahab, Erfan, Taghipour, Sharareh",Soft Computing,2026-04-01,10.1007/s00500-025-11052-6,"http://link.springer.com/openurl/fulltext?id=doi:10.1007/s00500-025-11052-6, http://link.springer.com/openurl/pdf?id=doi:10.1007/s00500-025-11052-6, http://dx.doi.org/10.1007/s00500-025-11052-6","Resilient service composition in cloud networks is essential for ensuring continuous and reliable service delivery amid failures and dynamic conditions. Traditional approaches often face scalability and adaptability challenges, particularly when implementing complex resilience strategies like load balancing and anti-affinity rules. In this study, a novel Quantum Reinforcement Learning (QRL) framework is proposed to enhance cloud service resilience. Leveraging quantum computational principles via the PennyLane framework, the QRL agent effectively learns optimal task allocation strategies, integrating anti-affinity constraints to mitigate single points of failure and enhance robustness. The approach is validated against classical reinforcement learning (RL) methods through a comprehensive case study. Results demonstrate that the QRL agent achieves significant improvements, reducing training time by approximately 29% and memory usage by 51% compared to the classical RL baseline, while also generating more diverse and resilient service compositions. These quantitative enhancements underline the potential of quantum computational intelligence for efficient, scalable, and resilient cloud service composition.",Article
"(""quantum machine learning"" OR QML OR ""variational quantum"" OR VQC OR QNN OR ""quantum neural network"" OR ""quantum kernel"" OR QSVM OR ""quantum support vector"" OR ""quantum circuit"" OR ""parameterized quantum circuit"" OR PQC OR ""quantum annealing"" OR QAOA OR ""quantum classifier"") AND (medicine OR medical OR healthcare OR clinical OR diagnosis OR prognosis OR radiology OR imaging OR MRI OR CT OR ultrasound OR pathology OR histopathology OR ECG OR EEG OR genomics OR proteomics OR bioinformatics OR ""electronic health record"" OR EHR OR drug OR pharmacology)",doi:10.1007/s11053-025-10596-6,Quantifying and Predicting Heterogeneity in Marine Clastic Reservoirs Through Machine Learning: Methodology and Applications,"Ye, Yu, Cheng, Chao, Chen, Jie, Liu, Xiangjun, Li, Xi, Chen, Guo, Cheng, Liang, Fang, Jie, Li, Peiyan",Natural Resources Research,2026-04-01,10.1007/s11053-025-10596-6,"http://link.springer.com/openurl/fulltext?id=doi:10.1007/s11053-025-10596-6, http://link.springer.com/openurl/pdf?id=doi:10.1007/s11053-025-10596-6, http://dx.doi.org/10.1007/s11053-025-10596-6","In tide-dominated marine environments, clastic reservoir sand bodies exhibit rapid vertical and lateral variability, making quantitative heterogeneity characterization essential for precise reservoir evaluation. By integrating core thin sections analysis, petrophysical data, production dynamics, and conventional well logs, a method was developed for quantitatively characterizing and predicting clastic reservoir heterogeneity using Pearson correlation, adaptive multi-dimensional kernel principal components analysis (AM-KPCA) for data integration, and stochastic gradient boosting decision tree (SGBDT) for prediction: (1) Nine heterogeneity-sensitive factors were identified at both macro- and microscales: Face , Kaot , Glau , Cal , Por , Perm , FZI _ m , R _ 35 , and σ , corresponding to sedimentary environments, rock types, and microstructural. (2) AM-KPCA eliminated redundant information and mitigated dimensionality issues, allowing for the integrated construction of the homogeneous composite factor (HCF), which effectively addressed nonlinear characterization challenges. (3) Pearson correlation analysis guided the selection of conventional heterogeneity-sensitive logging curves. When combined with SGBDT, these inputs formed a comprehensive model for heterogeneity prediction. This approach effectively integrates geological and geophysical knowledge and holds promising prospects for application, as evidenced by recent drilling activities in the T sandstone reservoirs of the Napo Formation in the Cretaceous Napo Formation of the Oriente Basin, South America. The evaluation results closely matched mercury injection test data, thereby enhancing the accuracy of complex reservoir structure characterization. The predicted favorable zones and remaining hydrocarbon distributions were confirmed through drilling, demonstrating significant potential for broader application.",Article
"(""quantum machine learning"" OR QML OR ""variational quantum"" OR VQC OR QNN OR ""quantum neural network"" OR ""quantum kernel"" OR QSVM OR ""quantum support vector"" OR ""quantum circuit"" OR ""parameterized quantum circuit"" OR PQC OR ""quantum annealing"" OR QAOA OR ""quantum classifier"") AND (medicine OR medical OR healthcare OR clinical OR diagnosis OR prognosis OR radiology OR imaging OR MRI OR CT OR ultrasound OR pathology OR histopathology OR ECG OR EEG OR genomics OR proteomics OR bioinformatics OR ""electronic health record"" OR EHR OR drug OR pharmacology)",doi:10.1007/s11426-025-2931-0,An adaptive metal-organic cage for mutually induced recognition,"Song, Danhua, Jiang, Zhuoling, Liu, Caiping, Chen, Qihui, Sun, Qing-Fu, Hong, Maochun",Science China Chemistry,2026-04-01,10.1007/s11426-025-2931-0,"http://link.springer.com/openurl/fulltext?id=doi:10.1007/s11426-025-2931-0, http://link.springer.com/openurl/pdf?id=doi:10.1007/s11426-025-2931-0, http://dx.doi.org/10.1007/s11426-025-2931-0","Preparing artificial hosts that can realize enzyme-like mutual induced-fit recognition remains a challenge. Herein, an adaptive metal-organic cage based on a flexible tri-((pyridin-4-yloxy)methyl)ethane ligand and cis-blocked palladium nodes was prepared. Upon complexation with different guests, the cage can realize sophisticated mutual induction behaviours, including expansion of host and compression of guest, stretching of host and distortion of guest, compression of host and stretching of guest, and distortion of host and distortion of guest. For the Z/E isomers of azobenzene/stilbene with similar size, the cage shows selective pick-up of ( E )-azobenzene over ( Z )-azobenzene, but ( Z )-stilbene over ( E )-stilbene; while the poor encapsulation capacity for ( E )-stilbene can be further enhanced by a guest- driven allosteric control. Inside the cage, the Z → E photoisomerization of stilbene can be significantly improved while the E → Z photoisomerization of azobenzene tends to be inhibited. Direct conversion of crude ( E )-stilbene (about 90%) into pure ( E )-stilbene (>99%) can be achieved through the synergy of selective binding and photoisomerization.",Article
"(""quantum machine learning"" OR QML OR ""variational quantum"" OR VQC OR QNN OR ""quantum neural network"" OR ""quantum kernel"" OR QSVM OR ""quantum support vector"" OR ""quantum circuit"" OR ""parameterized quantum circuit"" OR PQC OR ""quantum annealing"" OR QAOA OR ""quantum classifier"") AND (medicine OR medical OR healthcare OR clinical OR diagnosis OR prognosis OR radiology OR imaging OR MRI OR CT OR ultrasound OR pathology OR histopathology OR ECG OR EEG OR genomics OR proteomics OR bioinformatics OR ""electronic health record"" OR EHR OR drug OR pharmacology)",doi:10.1007/s42496-025-00269-1,"A Review of the Current State-of-the-Art of Quantum Computing for CFD: Approaches, Advantages, and Limitations","Malinverno, Giulio, Blasco Alberto, Javier",Aerotecnica Missili & Spazio,2026-04-01,10.1007/s42496-025-00269-1,"http://link.springer.com/openurl/fulltext?id=doi:10.1007/s42496-025-00269-1, http://link.springer.com/openurl/pdf?id=doi:10.1007/s42496-025-00269-1, http://dx.doi.org/10.1007/s42496-025-00269-1","This article is meant to review of current state-of-the-art of quantum computing applied to computational fluid dynamics and discuss possible applications of Quantum computing technologies in the area of thermofluid-dynamics. Quantum computers are devices that use quantum mechanical phenomena like superposition, entanglement and interference to perform calculations, with a theoretical high speed-up compared with traditional computing solutions, especially for computer science applications but also for engineering applications, like structural optimization, resolution of linear system and analysis of complex dynamics. Beside the consideration about the hardware implementation of these type of devices, this article propose a simplified taxonomy of the technologies that can be currently envisioned for the resolution of thermofluid dynamics problems, identifying the three main approaches, i.e., the traditional algorithmic or circuital approach (with the use of serval algorithms dedicated to the resolution of partial differential equations as well as algorithms dedicated to optimization and search), the analog approach (with the development of direct simulations given the analogy between quantum mechanical systems, like the Schrödinger flow or the Dirac Majorana formulation, and fluid problems, like the inviscid flow or the Lattice Boltzmann model), and the applications based on machine learning techniques. The article discusses practical examples which highlight the flexibility of the methods as well as their intrinsic limitations that hinder the application to many industrial problems, i.e. the simplifications requires to manage physical non-linearities, or the absence of a general purpose algorithm, indicating, beside the intrinsic properties of each method, the technology readiness level (TRL) of this type of approach and the required level of modelling.",Article
"(""quantum machine learning"" OR QML OR ""variational quantum"" OR VQC OR QNN OR ""quantum neural network"" OR ""quantum kernel"" OR QSVM OR ""quantum support vector"" OR ""quantum circuit"" OR ""parameterized quantum circuit"" OR PQC OR ""quantum annealing"" OR QAOA OR ""quantum classifier"") AND (medicine OR medical OR healthcare OR clinical OR diagnosis OR prognosis OR radiology OR imaging OR MRI OR CT OR ultrasound OR pathology OR histopathology OR ECG OR EEG OR genomics OR proteomics OR bioinformatics OR ""electronic health record"" OR EHR OR drug OR pharmacology)",doi:10.1007/s42947-024-00492-2,Thermal Characteristics of Fly Ash-Slag Based Geopolymer Concrete for Sustainable Road Construction in Tropical Region,"Girish, M. G., Shetty, Kiran K., Nayak, Gopinatha",International Journal of Pavement Research and Technology,2026-04-01,10.1007/s42947-024-00492-2,"http://link.springer.com/openurl/fulltext?id=doi:10.1007/s42947-024-00492-2, http://link.springer.com/openurl/pdf?id=doi:10.1007/s42947-024-00492-2, http://dx.doi.org/10.1007/s42947-024-00492-2","Geopolymer cement is an emerging eco-friendly alternative to traditional Portland cement that offers a lower carbon footprint and the opportunity to use of industrial by-products such as fly ash and slag in its production. Although acknowledged as a dependable structural material in various studies, the potential of Geopolymer Concrete for paving applications remains under-explored. This research aimed to address this gap by developing Paving Quality Geopolymer Concrete (PQGC) and examining its mechanical and thermal properties. For applications in tropical climates, where the pavement surface may be subjected to temperatures in the range 30–60 °C, studies on thermal conductivity (λ), coefficient of thermal expansion (α), and stresses caused by daily and seasonal temperature changes in PQGC slabs need to be essentially studied. The study revealed that thermal conductivity of PQGC ranged from λ = 0.82 W/(m°C) to 0.71 W/(m°C) within the temperature range of 30–60 °C. The coefficient of thermal expansion for PQGC was evaluated using a setup based on AASHTO T 336–15 recommendations, and it was found, α = 8 × 10^–6/°C, to be lower than that of Pavement Quality Concrete (PQC). Furthermore, stresses resulting from temperature fluctuations in PQGC, when computed using closed form solution and EverFe 2.26, were observed to be lower than those in PQC. Finally, PQGC has the potential to contribute to a cooler environment by emitting less heat into its surroundings and promotes the utilisation of fly ash and slag, making it a promising material for paving applications.",Article
"(""quantum machine learning"" OR QML OR ""variational quantum"" OR VQC OR QNN OR ""quantum neural network"" OR ""quantum kernel"" OR QSVM OR ""quantum support vector"" OR ""quantum circuit"" OR ""parameterized quantum circuit"" OR PQC OR ""quantum annealing"" OR QAOA OR ""quantum classifier"") AND (medicine OR medical OR healthcare OR clinical OR diagnosis OR prognosis OR radiology OR imaging OR MRI OR CT OR ultrasound OR pathology OR histopathology OR ECG OR EEG OR genomics OR proteomics OR bioinformatics OR ""electronic health record"" OR EHR OR drug OR pharmacology)",doi:10.1140/epjqt/s40507-026-00500-3,DuoQ-EpiNet: a dual-track quantum–classical convolutional neural network for EEG-based epilepsy seizure detection,"Dutta, Shivanya Shomir, Sawant, Ishaan Milind, S, Sridevi, Randhawa, Gurjit S., Mistry, Rajiv, Ortega, Jonathan, P, Anandan, B, Indira",EPJ Quantum Technology,2026-03-31,10.1140/epjqt/s40507-026-00500-3,"https://www.biomedcentral.com/openurl?doi=10.1140/epjqt/s40507-026-00500-3, https://www.biomedcentral.com/openurl/pdf?id=doi:10.1140/epjqt/s40507-026-00500-3, http://dx.doi.org/10.1140/epjqt/s40507-026-00500-3","Epileptic seizure detection remains a critical challenge in clinical neurodiagnostics, particularly in low-data settings where EEG recordings are scarce. To address this, we propose DuoQ-EpiNet a dual-track hybrid framework that integrates quantum and classical deep learning models for robust seizure classification using the University of Bonn EEG dataset. In the first track, handcrafted statistical and spectral descriptors are extracted from the raw EEG signals and subsequently analyzed using a 1D Convolutional Neural Network (CNN) to learn discriminative temporal representations. In parallel, the second track with wavelet approach transforms the EEG signals into scalogram images, which are processed through a Hybrid Quanvolutional Classical Convolutional Neural Network (HQCNN) equipped with a Fixed Quantum Filter Circuit to generate expressive quantum feature maps followed by classical CNN. The latent representations obtained from both tracks are then fused and passed through fully connected layers to perform the final binary classification. Systematic comparison of the proposed DuoQ-EpiNet model by tweaking quantum hyperparameter based variants, state-of-the-art HQCNN architectures, as well as the best classical transfer learning models have demonstrated that the proposed model performs better than all evaluated variants. Among all evaluated configurations, the proposed DuoQ-EpiNet Binary Dual-Track (P-B-D) model achieved outstanding performance of 98.50% accuracy with its FQFC employed in Track 2 contrived with quantum hyperparameters of n s h o t s = 1000 $n_{shots} = 1000$ and n l a y e r s = 1 $n_{layers} = 1$ . Performance in data-scale studies ranging from 5% to 100% shows that DuoQ-EpiNet outperforms traditional baselines. Its generalization ability is confirmed by evaluation on the CHB-MIT scalp EEG dataset. The model maintains its stability at low noise densities with only slight performance deterioration, according to NISQ robustness study employing density matrix simulations with depolarizing, amplitude damping, phase damping, and readout noise.",Article
"(""quantum machine learning"" OR QML OR ""variational quantum"" OR VQC OR QNN OR ""quantum neural network"" OR ""quantum kernel"" OR QSVM OR ""quantum support vector"" OR ""quantum circuit"" OR ""parameterized quantum circuit"" OR PQC OR ""quantum annealing"" OR QAOA OR ""quantum classifier"") AND (medicine OR medical OR healthcare OR clinical OR diagnosis OR prognosis OR radiology OR imaging OR MRI OR CT OR ultrasound OR pathology OR histopathology OR ECG OR EEG OR genomics OR proteomics OR bioinformatics OR ""electronic health record"" OR EHR OR drug OR pharmacology)",doi:10.1038/s44310-026-00114-8,Recent progress towards large-scale integrated photonic quantum computation,"Zhu, Huihui, Chen, Tian, Ma, Haoran, Zhao, Zichao, Guo, Jia, Liang, Qishen, Tu, Yawen, He, Tao, Luo, Wei, Wang, Bo, Song, Qinghua, Jin, Chaoyuan, Liu, Feng, Yang, Yihao, Wang, Yuehai, Leong, Kwek Chuan, Wang, Dawei, Yang, Jianyi",npj Nanophotonics,2026-03-31,10.1038/s44310-026-00114-8,"https://www.nature.com/articles/s44310-026-00114-8, https://www.nature.com/articles/s44310-026-00114-8.pdf, http://dx.doi.org/10.1038/s44310-026-00114-8","Recent years have witnessed significant progress in quantum computing and its applications, driven by the emergence of integrated quantum photonic chips. These chips offer significant advantages of scalability, stability, and low-cost advantages, enabling new possibilities in miniaturized quantum systems. Here, we provide an overview of the advances in integrated photonic chips for quantum computing, beginning with a summary of the prevalent photonic integrated platforms and key components for quantum computing systems. We then discuss a range of quantum computing applications, which are divided into two main directions: one is the Noisy Intermediate Scale Quantum (NISQ) era, and the other is towards the future universal quantum computing. Finally, the review culminates in a perspective on the challenges of high-performance chip-based quantum computing, as well as a prospect for future opportunities in integrated quantum networks.",Article
"(""quantum machine learning"" OR QML OR ""variational quantum"" OR VQC OR QNN OR ""quantum neural network"" OR ""quantum kernel"" OR QSVM OR ""quantum support vector"" OR ""quantum circuit"" OR ""parameterized quantum circuit"" OR PQC OR ""quantum annealing"" OR QAOA OR ""quantum classifier"") AND (medicine OR medical OR healthcare OR clinical OR diagnosis OR prognosis OR radiology OR imaging OR MRI OR CT OR ultrasound OR pathology OR histopathology OR ECG OR EEG OR genomics OR proteomics OR bioinformatics OR ""electronic health record"" OR EHR OR drug OR pharmacology)",doi:10.1007/s10822-026-00798-2,"AI-driven drug–target interaction prediction: current progress, challenges, and future roadmap for precision medicine","Mondal, Hiranmoy, Bishal, Amlan, Debnath, Biplab, Patel, Aakriti, Das, Joy, Taj, Tahreen",Journal of Computer-Aided Molecular Design,2026-03-31,10.1007/s10822-026-00798-2,"http://link.springer.com/openurl/fulltext?id=doi:10.1007/s10822-026-00798-2, http://link.springer.com/openurl/pdf?id=doi:10.1007/s10822-026-00798-2, http://dx.doi.org/10.1007/s10822-026-00798-2","Drug–target interactions (DTIs) are fundamental to drug discovery, development, and repositioning. However, experimental methods for DTI identification are often constrained by high costs, time demands, and scalability issues, prompting a shift toward computational approaches. This review systematically explores recent advancements in computational DTI prediction, encompassing ligand-based, target-based, network-based, machine learning (ML), deep learning (DL), and hybrid multi-omics models. Ligand-based techniques, such as QSAR and pharmacophore modeling, offer structure–activity insights but require known ligands. Target-based methods rely on molecular docking and binding site prediction, yet often suffer from incomplete or unknown protein structures. Network-based strategies utilize bipartite and heterogeneous graphs integrated with protein–protein interaction (PPI) networks to infer novel DTIs. ML and DL methods especially graph neural networks and Transformer-based models have significantly improved prediction accuracy by leveraging chemical, biological, and omics features. Notably, hybrid models that integrate genomics, transcriptomics, proteomics, and interactomics data offer a systems biology perspective, enabling context-specific and personalized predictions. Key databases, like DrugBank, ChEMBL, and Binding DB, and computational tools such as Deep Purpose, NeoDTI, and FusionDTI, exemplify the latest advances in DTI prediction. Validation strategies are discussed through contemporary case studies. While substantial progress has been made, key challenges remain, including data sparsity, model interpretability, and generalization. Looking forward, emerging trends such as federated learning, AlphaFold-based docking, and quantum simulations are poised to further transform the field. This review emphasizes the importance of interdisciplinary integration and ethical frameworks, charting a roadmap for future DTI research and its translational applications in precision medicine. Graphical abstract Overview of machine-learning based approaches for predicting drug–target interactions using integrated drug, target, and interaction databases, highlighting supervised and semi-supervised learning frameworks and their key methodological subclasses",Article
"(""quantum machine learning"" OR QML OR ""variational quantum"" OR VQC OR QNN OR ""quantum neural network"" OR ""quantum kernel"" OR QSVM OR ""quantum support vector"" OR ""quantum circuit"" OR ""parameterized quantum circuit"" OR PQC OR ""quantum annealing"" OR QAOA OR ""quantum classifier"") AND (medicine OR medical OR healthcare OR clinical OR diagnosis OR prognosis OR radiology OR imaging OR MRI OR CT OR ultrasound OR pathology OR histopathology OR ECG OR EEG OR genomics OR proteomics OR bioinformatics OR ""electronic health record"" OR EHR OR drug OR pharmacology)",doi:10.1007/s11128-026-05134-z,Quantum convolutional neural network for slum classification using sentinel-2 imagery,"Pai, Archana G., Mediboyina, Rupesh Kumar Yadav, Buddhiraju, Krishna M., Durbha, Surya S.",Quantum Information Processing,2026-03-31,10.1007/s11128-026-05134-z,"http://link.springer.com/openurl/fulltext?id=doi:10.1007/s11128-026-05134-z, http://link.springer.com/openurl/pdf?id=doi:10.1007/s11128-026-05134-z, http://dx.doi.org/10.1007/s11128-026-05134-z","Mumbai, a coastal megacity with a tropical climate and hilly topography, is one of the most populated cities in the world with a sizeable portion of its population living in slums. The continual expansion of slum areas places significant strain on the government’s capacity to provide essential services and also challenges efforts of urban planning. This study explores the novel application of Multi-channel Quantum Convolutional Neural Networks (MQCNNs) for slum classification using Sentinel-2 satellite imagery. While traditional machine learning models and deep CNNs have been employed for informal settlement detection, they often struggle with class imbalance, high intra-class variability, and limited training data. We propose a hybrid quantum–classical model based on Multi-Channel Quantum Image (MCQI) encoding and evaluate its performance against a structurally analogous classical CNN. To address the significant class imbalance in the dataset, we apply a stratified sampling strategy based on spectral intensity binning. Our results demonstrate that the MQCNN achieves superior performance, particularly on the minority (slum) class, with a test accuracy of 94.8% and an F1 score of 0.933, outperforming the classical CNN baseline. Ablation studies confirm the importance of sampling strategy and label purity thresholds. Comparable improvements have also been reported for the Jakarta dataset. These findings underscore the potential of quantum learning architectures in remote sensing tasks with limited or imbalanced data.",Article
"(""quantum machine learning"" OR QML OR ""variational quantum"" OR VQC OR QNN OR ""quantum neural network"" OR ""quantum kernel"" OR QSVM OR ""quantum support vector"" OR ""quantum circuit"" OR ""parameterized quantum circuit"" OR PQC OR ""quantum annealing"" OR QAOA OR ""quantum classifier"") AND (medicine OR medical OR healthcare OR clinical OR diagnosis OR prognosis OR radiology OR imaging OR MRI OR CT OR ultrasound OR pathology OR histopathology OR ECG OR EEG OR genomics OR proteomics OR bioinformatics OR ""electronic health record"" OR EHR OR drug OR pharmacology)",doi:10.1007/s10791-026-10057-5,Quantum inspired algorithms for sustainable artificial intelligence and energy efficient machine learning optimisation,"Reddy, Nalavala Ramanjaneya, Sangisetti, Bhagya Rekha, Rao, M. Varaprasad, Netala, Suneeta, Kumari, P. Prasanna, Subrahmanyam, Dasaka V. S. S.",Discover Computing,2026-03-31,10.1007/s10791-026-10057-5,"http://link.springer.com/openurl/fulltext?id=doi:10.1007/s10791-026-10057-5, http://link.springer.com/openurl/pdf?id=doi:10.1007/s10791-026-10057-5, http://dx.doi.org/10.1007/s10791-026-10057-5","The growing scale of artificial intelligence (AI) and machine learning (ML) has sparked public discussion about their energy use and environmental impacts — especially during training and deployment of large, deep-learning models. Existing approaches, such as Bayesian optimisation, evolutionary algorithms, and pruning or quantisation alone, provide minimal energy savings and do not account for multiple optimisation stages. This paper presents a Quantum-Inspired Algorithm (QIA) for sustainable machine learning that overcomes these limitations by jointly optimising hyperparameters, model compression, and scheduling in a single framework. To answer that, QIA uses tunnelling-based search and amplitude reweighting to find energy-efficient configurations faster, and builds a metric comparison to evaluate trade-offs among accuracy, energy consumption, and carbon footprint using a new Quantum-Sustainable AI (Q-SAI) index. QIA reduces training energy consumption by 20–30% compared to several baseline optimisation methods while keeping accuracy losses under 1.5% across experiments on CIFAR-10, ImageNet, IMDB, and GLUE. Optimised inference latency and per-query energy consumption are demonstrated, along with tangible reductions in carbon footprint in deployment regions. Our results show that QIA offers a scalable, domain-agnostic solution for embedding sustainability considerations into contemporary machine learning workflows.",Article
"(""quantum machine learning"" OR QML OR ""variational quantum"" OR VQC OR QNN OR ""quantum neural network"" OR ""quantum kernel"" OR QSVM OR ""quantum support vector"" OR ""quantum circuit"" OR ""parameterized quantum circuit"" OR PQC OR ""quantum annealing"" OR QAOA OR ""quantum classifier"") AND (medicine OR medical OR healthcare OR clinical OR diagnosis OR prognosis OR radiology OR imaging OR MRI OR CT OR ultrasound OR pathology OR histopathology OR ECG OR EEG OR genomics OR proteomics OR bioinformatics OR ""electronic health record"" OR EHR OR drug OR pharmacology)",doi:10.1007/s11128-026-05136-x,Co-design threading model and circuit cutting for static and adaptive quantum circuits,"Cambiucci, Waldemir, Silveira, Regina Melo, Ruggiero, Wilson Vicente",Quantum Information Processing,2026-03-31,10.1007/s11128-026-05136-x,"http://link.springer.com/openurl/fulltext?id=doi:10.1007/s11128-026-05136-x, http://link.springer.com/openurl/pdf?id=doi:10.1007/s11128-026-05136-x, http://dx.doi.org/10.1007/s11128-026-05136-x","As quantum computing rapidly evolves, scaling quantum algorithms to utilize multiple quantum processing units (QPUs) becomes crucial for overcoming the limitations of current noisy intermediate-scale quantum (NISQ) devices. This paper focuses on distributed quantum computing (DQC), specifically targeting the challenges associated with circuit cutting and circuit distribution in multi-QPU environments. By leveraging techniques such as hypergraph partitioning and threading models, this paper presents alternative strategies for dividing and managing both static and adaptive quantum circuits across multiple QPUs. A central research question is how the partitioning and distribution of quantum circuits can be optimized to minimize communication overhead and maximize computational performance in multi-QPU systems, for static and adaptive quantum circuits. To answer this question, a hypergraph partitioning method is proposed to effectively segment large static quantum circuits into manageable subcircuits, ensuring minimal inter-QPU gate operations and reduced time for the partitioning process. Additionally, a co-design threading model is presented, tailored for adaptive quantum circuits. This category of circuits can dynamically adjust their sequence of gates in runtime, based on intermediate measurements and classical control flows, creating unique challenges for circuit partition. Finally, to support the coordination between circuit partitions with static and adaptive circuits, we propose a quantum resource manager (QRM) architecture, bridging the gap between partitioning techniques and practical coordination for a scalable quantum computing system with multi-QPU architecture.",Article
"(""quantum machine learning"" OR QML OR ""variational quantum"" OR VQC OR QNN OR ""quantum neural network"" OR ""quantum kernel"" OR QSVM OR ""quantum support vector"" OR ""quantum circuit"" OR ""parameterized quantum circuit"" OR PQC OR ""quantum annealing"" OR QAOA OR ""quantum classifier"") AND (medicine OR medical OR healthcare OR clinical OR diagnosis OR prognosis OR radiology OR imaging OR MRI OR CT OR ultrasound OR pathology OR histopathology OR ECG OR EEG OR genomics OR proteomics OR bioinformatics OR ""electronic health record"" OR EHR OR drug OR pharmacology)",doi:10.1007/s12035-026-05834-8,Extracellular Protein Quality Control in Tau Pathology,"Bhunia, Prasun Kumar, Verma, Deepanshu, Vimal, Priyanka, Kasturi, Prasad",Molecular Neurobiology,2026-03-31,10.1007/s12035-026-05834-8,"http://link.springer.com/openurl/fulltext?id=doi:10.1007/s12035-026-05834-8, http://link.springer.com/openurl/pdf?id=doi:10.1007/s12035-026-05834-8, http://dx.doi.org/10.1007/s12035-026-05834-8","Aging is the primary risk factor for neurodegenerative diseases that are marked by the accumulation of misfolded and aggregated proteins, commonly known as proteinopathies. Among these, tauopathies are the disorders characterized by abnormal tau protein aggregation that are particularly significant in Alzheimer’s Disease. Tau protein undergoes pathological post-translational modifications that promote its aggregation into neurofibrillary tangles, which disrupt neuronal function and cognitive decline. Tau can also spread between neurons via extracellular pathways in a prion-like manner, accelerating disease progression. Extracellular protein quality control (PQC) mechanisms modulate this process by balancing tau stability and clearance. However, age-related decline in these PQC systems enhances toxic tau assemblies, their extracellular accumulation and widespread dissemination. This review explores tau secretion, propagation, and extracellular protein quality control (PQC) in maintaining tau homeostasis, aiming to identify therapeutic strategies for tauopathies.",Article
"(""quantum machine learning"" OR QML OR ""variational quantum"" OR VQC OR QNN OR ""quantum neural network"" OR ""quantum kernel"" OR QSVM OR ""quantum support vector"" OR ""quantum circuit"" OR ""parameterized quantum circuit"" OR PQC OR ""quantum annealing"" OR QAOA OR ""quantum classifier"") AND (medicine OR medical OR healthcare OR clinical OR diagnosis OR prognosis OR radiology OR imaging OR MRI OR CT OR ultrasound OR pathology OR histopathology OR ECG OR EEG OR genomics OR proteomics OR bioinformatics OR ""electronic health record"" OR EHR OR drug OR pharmacology)",doi:10.1038/s42004-026-01965-0,Unprecedented robustness of physics-informed atomic energy models at and beyond room temperature,"Isamura, Bienfait Kabuyaya, Aten, Olivia, Nosratjoo, Mohamadhosein, Popelier, Paul Lode Albert",Communications Chemistry,2026-03-31,10.1038/s42004-026-01965-0,"https://www.nature.com/articles/s42004-026-01965-0, https://www.nature.com/articles/s42004-026-01965-0.pdf, http://dx.doi.org/10.1038/s42004-026-01965-0","Machine-learned potentials (MLPs) have become widely adopted alternatives to traditional electronic structure and molecular mechanics methods. However, despite excelling on fixed test sets, most MLPs remain prone to instability when deployed in molecular dynamics simulations, particularly at elevated temperatures. Here, we present the first physics-informed Gaussian process (GP)-based atomic energy models that achieve practically unlimited stability in NVT simulations at temperatures as high as 1000 K. Our findings highlight the importance of the GP prior mean function and demonstrate the models’ ability to predict restoring forces that preserve the system’s physical integrity. The quantum chemical topology information embedded in these models acts as an inductive bias to mitigate arbitrary fluctuations in the predicted atomic energies. Finally, the models’ robustness is evidenced by 50 successful simulations of four flexible organic molecules (peptide-capped glycine and serine, malondialdehyde, and aspirin), yielding a cumulative simulation time of 0.5 microseconds completed within two CPU days. Machine-learned potentials (MLPs) have become widely adopted alternatives to traditional electronic structure and molecular mechanics methods; however, most MLPs remain prone to instability when deployed in molecular dynamics simulations, particularly at elevated temperatures. Here, the authors present physics-informed Gaussian process (GP)-based atomic energy models that achieve enhanced stability in NVT simulations at temperatures as high as 1000 K, demonstrating their robustness in simulations of flexible organic molecules (peptide-capped glycine and serine, malondialdehyde, and aspirin) with a cumulative simulation time of 0.5 microseconds completed within two CPU days.",Article
"(""quantum machine learning"" OR QML OR ""variational quantum"" OR VQC OR QNN OR ""quantum neural network"" OR ""quantum kernel"" OR QSVM OR ""quantum support vector"" OR ""quantum circuit"" OR ""parameterized quantum circuit"" OR PQC OR ""quantum annealing"" OR QAOA OR ""quantum classifier"") AND (medicine OR medical OR healthcare OR clinical OR diagnosis OR prognosis OR radiology OR imaging OR MRI OR CT OR ultrasound OR pathology OR histopathology OR ECG OR EEG OR genomics OR proteomics OR bioinformatics OR ""electronic health record"" OR EHR OR drug OR pharmacology)",doi:10.1007/s11229-026-05540-x,Social groups and classical extensional mereology,"Schirripa, Giulia",Synthese,2026-03-31,10.1007/s11229-026-05540-x,"http://link.springer.com/openurl/fulltext?id=doi:10.1007/s11229-026-05540-x, http://link.springer.com/openurl/pdf?id=doi:10.1007/s11229-026-05540-x, http://dx.doi.org/10.1007/s11229-026-05540-x","The mereological account of social groups based on Classical Extensional Mereology (CEM) is notoriously associated with the reductionist stance that social groups are regular fusions identified by mereological conditions alone. This approach has many limitations and has suffered knock-down objections due to its transitive and coextensional features. The reaction to this impasse has been twofold. Philosophers have either moved away from CEM-based accounts altogether or attempted to resist these objections by appealing to extra-ontological explanations while retaining the reductive qualification of social groups. In this paper, I develop a non-reductive yet CEM-based framework that employs the notion of φ -parthood to restrict the interpretation of parthood simpliciter through extra-mereological, socially relevant conditions. Social groups turn out to be specified fusions and, depending on how the extra-mereological conditions are interpreted, the resulting account can be extensional or intensional. I show that both accounts successfully handle transitivity and coextensionality objections, and argue that long-standing objections from modal and temporal inflexibility are misguided for any CEM-based account.",Article
"(""quantum machine learning"" OR QML OR ""variational quantum"" OR VQC OR QNN OR ""quantum neural network"" OR ""quantum kernel"" OR QSVM OR ""quantum support vector"" OR ""quantum circuit"" OR ""parameterized quantum circuit"" OR PQC OR ""quantum annealing"" OR QAOA OR ""quantum classifier"") AND (medicine OR medical OR healthcare OR clinical OR diagnosis OR prognosis OR radiology OR imaging OR MRI OR CT OR ultrasound OR pathology OR histopathology OR ECG OR EEG OR genomics OR proteomics OR bioinformatics OR ""electronic health record"" OR EHR OR drug OR pharmacology)",doi:10.1007/s11831-026-10567-x,"A Survey of Structural Attacks on Post-Quantum Cryptosystems Based on Goppa Codes: Evolution, Scope, and Impact on their Variants in the Hamming Metric","Mostari, Latifa, Goupil, Alban, Taleb-Ahmed, Abdelmalik",Archives of Computational Methods in Engineering,2026-03-31,10.1007/s11831-026-10567-x,"http://link.springer.com/openurl/fulltext?id=doi:10.1007/s11831-026-10567-x, http://link.springer.com/openurl/pdf?id=doi:10.1007/s11831-026-10567-x, http://dx.doi.org/10.1007/s11831-026-10567-x","With the advent of quantum computing, public-key cryptographic systems such as RSA (Rivest–Shamir–Adleman) and ECC (Elliptic Curve Cryptography) have become vulnerable to Shor’s quantum algorithm, leading to a growing interest in post-quantum cryptography. Among the post-quantum approaches, code-based cryptography stands out for its strong theoretical foundations and proven resistance to both classical and quantum attacks. The McEliece cryptosystem is the most emblematic example. It is based on binary Goppa codes, which are algebraic block codes defined in the Hamming metric. However, it suffers from a major limitation due to the large size of its public keys, which restricts its practical applicability. To overcome this limitation, several variants of the original scheme have been introduced. Nevertheless, these new cryptographic schemes often introduce additional algebraic structures that attackers can exploit, thereby enabling new forms of structural attacks and, in some cases, weakening the robustness of the original scheme. This work presents a survey of the approaches proposed with the aim of developing structural attacks against systems based on Goppa codes. It highlights their theoretical foundations, the algorithmic methods employed, as well as their practical scope and limitations, particularly in the context of compact variants of the McEliece cryptosystem. This study also traces the evolution of these approaches toward certain variants of the McEliece scheme and analyzes how they have led to more targeted and efficient attacks. These generalizations have often made it possible to simplify or optimize earlier, more complex attacks.",Article
"(""quantum machine learning"" OR QML OR ""variational quantum"" OR VQC OR QNN OR ""quantum neural network"" OR ""quantum kernel"" OR QSVM OR ""quantum support vector"" OR ""quantum circuit"" OR ""parameterized quantum circuit"" OR PQC OR ""quantum annealing"" OR QAOA OR ""quantum classifier"") AND (medicine OR medical OR healthcare OR clinical OR diagnosis OR prognosis OR radiology OR imaging OR MRI OR CT OR ultrasound OR pathology OR histopathology OR ECG OR EEG OR genomics OR proteomics OR bioinformatics OR ""electronic health record"" OR EHR OR drug OR pharmacology)",doi:10.1007/s11128-026-05126-z,Coherence restoring in communication line via controlled interaction with environment,"Fel’dman, E. B., Lazarev, I. D., Pechen, A. N., Zenchuk, A. I.",Quantum Information Processing,2026-03-31,10.1007/s11128-026-05126-z,"http://link.springer.com/openurl/fulltext?id=doi:10.1007/s11128-026-05126-z, http://link.springer.com/openurl/pdf?id=doi:10.1007/s11128-026-05126-z, http://dx.doi.org/10.1007/s11128-026-05126-z","We consider the state-restoring protocol based on the controlled interaction of a linear chain with environment through incoherent control by the specially adjusted step-wise time-dependent Lindblad operators. We show that the best restoring result (maximal scale factors in the restored state) corresponds to the symmetrical Lindblad equation. (0, 1)-excitation dynamics is considered numerically, and restoring protocol for the 1-order coherence matrix is proposed for the case of the two-qubit sender (receiver). The state-restoring with equal scale factors is also considered reflecting the uniform scaling of the restored information.",Article
"(""quantum machine learning"" OR QML OR ""variational quantum"" OR VQC OR QNN OR ""quantum neural network"" OR ""quantum kernel"" OR QSVM OR ""quantum support vector"" OR ""quantum circuit"" OR ""parameterized quantum circuit"" OR PQC OR ""quantum annealing"" OR QAOA OR ""quantum classifier"") AND (medicine OR medical OR healthcare OR clinical OR diagnosis OR prognosis OR radiology OR imaging OR MRI OR CT OR ultrasound OR pathology OR histopathology OR ECG OR EEG OR genomics OR proteomics OR bioinformatics OR ""electronic health record"" OR EHR OR drug OR pharmacology)",doi:10.1007/s11831-026-10562-2,Quantum Kernel Layered Inception ResNet-Based Optimization Techniques for Early Detection of Diabetic Retinopathy and Liver Disease,"Henge, Santosh Kumar, Mehta, Deepak, Chintala, Sridhar, Nandan, Durgesh, Suneetha, K., Hinge, Chanakya Kumar",Archives of Computational Methods in Engineering,2026-03-30,10.1007/s11831-026-10562-2,"http://link.springer.com/openurl/fulltext?id=doi:10.1007/s11831-026-10562-2, http://link.springer.com/openurl/pdf?id=doi:10.1007/s11831-026-10562-2, http://dx.doi.org/10.1007/s11831-026-10562-2","Not applicable. The rapid convergence of quantum computing and deep learning is reshaping medical image analysis, enabling more accurate, interpretable, and computationally efficient diagnostic systems. This review, Analytical Study: Quantum Layered Inception ResNet-Based Optimization Techniques for Early Detection of Diabetic Retinopathy and Liver Disease, synthesizes insights from 100 peer-reviewed publications from 2017 to 2025 spanning Quantum Machine Learning (QML), Inception-ResNet architectures, and hybrid quantum-layered models in healthcare. The study identifies persistent challenges including dataset imbalance and heterogeneity, non-standardized preprocessing pipelines, limited cross-organ generalization, weak radiogenomic interpretability, and insufficient clinically explainable AI frameworks. To address these gaps, four key objectives are proposed: evaluating quantum-layered optimization within Inception-ResNet models, analysing trends in segmentation and classification performance, constructing a dataset–metric–hardware integration matrix, and defining a clinically interpretable quantum–deep learning framework. A central contribution of the review is its two-disease comparative paradigm, unifying ophthalmic fundus imaging and hepatic CT/MRI imaging within a single Quantum Layered Inception ResNet (QLIR) framework. The analysis demonstrates that QLIR effectively learns from 2D retinal images and 3D hepatic scans, outperforming classical architectures in generalization and training stability, supported by Quantum Natural Gradient (QNG) optimization. The study also introduces a Quantum Explainability Stack leveraging SHAP and LIME which achieves over 90% alignment with clinical interpretation, marking meaningful progress toward regulatory-compliant AI. An Integrated Analytical Data Mapping Table further organizes modality-specific preprocessing, segmentation, architectural tuning, and accuracy benchmarks across datasets such as EyePACS, Messidor, IDRiD, LiTS, and CHAOS. Using comparative meta-analysis and cross-modal benchmarking, the review shows that QLIR surpasses classical CNN and ResNet models, achieving 95 to 98% accuracy for diabetic retinopathy, 92–94% for liver disease, AUCs of 0.97 and 0.94, segmentation gains of 5 to 7%, and 8 to 10% improvements in prognostic modeling and radiomic feature learning. Hybrid GPU to QPU execution also converges 30 to 40% faster, confirming computational sustainability. Overall, the findings establish QLIR as a paradigm shift toward quantum-enabled precision healthcare which enhancing accuracy, interpretability, generalizability, and radiogenomic integration for clinically deployable AI systems.",Article
"(""quantum machine learning"" OR QML OR ""variational quantum"" OR VQC OR QNN OR ""quantum neural network"" OR ""quantum kernel"" OR QSVM OR ""quantum support vector"" OR ""quantum circuit"" OR ""parameterized quantum circuit"" OR PQC OR ""quantum annealing"" OR QAOA OR ""quantum classifier"") AND (medicine OR medical OR healthcare OR clinical OR diagnosis OR prognosis OR radiology OR imaging OR MRI OR CT OR ultrasound OR pathology OR histopathology OR ECG OR EEG OR genomics OR proteomics OR bioinformatics OR ""electronic health record"" OR EHR OR drug OR pharmacology)",doi:10.1007/s10791-026-10078-0,Machine learning in cancer imaging for enhanced precision in diagnosis and therapy,"Chow, James C. L.",Discover Computing,2026-03-30,10.1007/s10791-026-10078-0,"http://link.springer.com/openurl/fulltext?id=doi:10.1007/s10791-026-10078-0, http://link.springer.com/openurl/pdf?id=doi:10.1007/s10791-026-10078-0, http://dx.doi.org/10.1007/s10791-026-10078-0","Machine learning (ML) is transforming cancer imaging by enhancing diagnosis, automating image analysis, and improving treatment planning. This review explores key ML applications, including tumor detection, radiomics, multi-modal imaging, and therapy monitoring. We discuss fundamental ML techniques, deep learning architectures, and data preprocessing strategies essential for medical imaging. ML-driven approaches have improved tumor segmentation, feature extraction, and computer-aided diagnosis across various cancer types. In cancer therapy, artificial intelligence (AI) aids radiotherapy planning, treatment response prediction, and real-time image-guided interventions. However, challenges such as data scarcity, model bias, and regulatory hurdles limit clinical adoption. Emerging solutions include explainable AI, federated learning for data privacy, and quantum computing for advanced imaging. Addressing these challenges through interdisciplinary collaboration will accelerate AI integration into clinical practice, enhancing cancer diagnosis and treatment.",Article
"(""quantum machine learning"" OR QML OR ""variational quantum"" OR VQC OR QNN OR ""quantum neural network"" OR ""quantum kernel"" OR QSVM OR ""quantum support vector"" OR ""quantum circuit"" OR ""parameterized quantum circuit"" OR PQC OR ""quantum annealing"" OR QAOA OR ""quantum classifier"") AND (medicine OR medical OR healthcare OR clinical OR diagnosis OR prognosis OR radiology OR imaging OR MRI OR CT OR ultrasound OR pathology OR histopathology OR ECG OR EEG OR genomics OR proteomics OR bioinformatics OR ""electronic health record"" OR EHR OR drug OR pharmacology)",doi:10.1007/s44464-026-00013-z,Hybrid quantum-classical machine learning with SABHQ for groundwater quality assessment,"Mogaraju, Jagadish Kumar",Discover Quantum Science,2026-03-30,10.1007/s44464-026-00013-z,"http://link.springer.com/openurl/fulltext?id=doi:10.1007/s44464-026-00013-z, http://link.springer.com/openurl/pdf?id=doi:10.1007/s44464-026-00013-z, http://dx.doi.org/10.1007/s44464-026-00013-z","Quantum Machine Learning is a growing field with the potential to unlock several opportunities in groundwater management. A novel approach integrating advanced quantum machine learning (QML) models with classical machine learning (ML) algorithms for robust groundwater quality assessment, using the SABHQ (Systematically Averaged Battery Hybrid Quantum) method, is proposed. We attempted to reduce noise and enhance generalization by stimulating composite sampling across both ML and QML pipelines. Accuracy, precision, recall, and F_1 scores were calculated across all models, using normalization and aggregation strategies to achieve relatively unbiased benchmarking. We observed that the dominant predictors, such as EC, Cl, HCO_3, SO_4, Na, TH, Latitude, and Longitude, reflect both spatial variability and anthropogenic influences on groundwater quality. The systematic averaging method yielded noticeable improvements for QML models, with QCNN achieving accuracy and F_1 scores of up to 0.95 and 0.98, respectively, outperforming classical machine learning models. We report that QCNN metrics improved due to aggregation, noise reduction, and possibly quantum entanglement effects, leading to better generalization, whereas VQC showed gradual but minor improvements. We believe our work can be extended to other environmental domains, not only to refine the method we proposed but also to enhance its adaptability.",Article
"(""quantum machine learning"" OR QML OR ""variational quantum"" OR VQC OR QNN OR ""quantum neural network"" OR ""quantum kernel"" OR QSVM OR ""quantum support vector"" OR ""quantum circuit"" OR ""parameterized quantum circuit"" OR PQC OR ""quantum annealing"" OR QAOA OR ""quantum classifier"") AND (medicine OR medical OR healthcare OR clinical OR diagnosis OR prognosis OR radiology OR imaging OR MRI OR CT OR ultrasound OR pathology OR histopathology OR ECG OR EEG OR genomics OR proteomics OR bioinformatics OR ""electronic health record"" OR EHR OR drug OR pharmacology)",doi:10.1007/s42484-026-00367-8,Quantum simulation of single-server Markovian queues: a dynamic amplification approach,"Peretz, Or, Koren, Michal",Quantum Machine Intelligence,2026-03-30,10.1007/s42484-026-00367-8,"http://link.springer.com/openurl/fulltext?id=doi:10.1007/s42484-026-00367-8, http://link.springer.com/openurl/pdf?id=doi:10.1007/s42484-026-00367-8, http://dx.doi.org/10.1007/s42484-026-00367-8","Quantum computing is revolutionizing various fields, including operations research and queueing theory. This work presents a transformative quantum simulation framework that addresses the long-standing challenge of accurately modeling single-server Markovian queues, a fundamental problem in both quantum computing and stochastic modeling. Our approach introduces a dynamic amplitude amplification technique that leverages custom parameterized quantum gates to model Poisson arrivals and exponential service times in real time. The core innovation lies in the adaptive adjustment of these gate parameters, which selectively amplifies critical quantum states based on evolving queue conditions. This dynamic mechanism not only accelerates convergence towards theoretical predictions but also significantly reduces computational overhead compared to static quantum methods. Empirical evaluations demonstrate accuracy across diverse traffic scenarios, with relative errors dropping below 0.002 in high-traffic regimes. By effectively bridging the gap between classical queueing theory and quantum simulation, our method opens new avenues for leveraging quantum resources to tackle complex stochastic processes in operations research.",Article
"(""quantum machine learning"" OR QML OR ""variational quantum"" OR VQC OR QNN OR ""quantum neural network"" OR ""quantum kernel"" OR QSVM OR ""quantum support vector"" OR ""quantum circuit"" OR ""parameterized quantum circuit"" OR PQC OR ""quantum annealing"" OR QAOA OR ""quantum classifier"") AND (medicine OR medical OR healthcare OR clinical OR diagnosis OR prognosis OR radiology OR imaging OR MRI OR CT OR ultrasound OR pathology OR histopathology OR ECG OR EEG OR genomics OR proteomics OR bioinformatics OR ""electronic health record"" OR EHR OR drug OR pharmacology)",doi:10.1038/s41598-026-44068-5,A quantum-inspired classification for random mixed states,"Sergioli, Giuseppe, Cuccu, Carlo, Rieger, Carla Sophie, Granda Arango, Andrés Camilo, Behera, Bikash Kumar, Era, Riccardo, Giuntini, Roberto",Scientific Reports,2026-03-30,10.1038/s41598-026-44068-5,"https://www.nature.com/articles/s41598-026-44068-5, https://www.nature.com/articles/s41598-026-44068-5.pdf, http://dx.doi.org/10.1038/s41598-026-44068-5","We present a quantum-inspired classification framework designed to identify correlation structures: product, separable, and entangled, in random mixed quantum states. Building on previous work where the Pretty-Good-Measurement (PGM) classifier demonstrated a competitive performance on pure-state ensembles, we extend this method to the more challenging domain of mixed states. We apply our quantum-inspired classifier to randomly generated ensembles of two- and three-qubit mixed states, encompassing all possible varieties of subsystem correlations while ensuring statistical neutrality. The results indicate that learning architectures inspired by quantum state discrimination can offer scalable and physically grounded tools for the characterization of entanglement and separability even in the mixed-state regime.",Article
"(""quantum machine learning"" OR QML OR ""variational quantum"" OR VQC OR QNN OR ""quantum neural network"" OR ""quantum kernel"" OR QSVM OR ""quantum support vector"" OR ""quantum circuit"" OR ""parameterized quantum circuit"" OR PQC OR ""quantum annealing"" OR QAOA OR ""quantum classifier"") AND (medicine OR medical OR healthcare OR clinical OR diagnosis OR prognosis OR radiology OR imaging OR MRI OR CT OR ultrasound OR pathology OR histopathology OR ECG OR EEG OR genomics OR proteomics OR bioinformatics OR ""electronic health record"" OR EHR OR drug OR pharmacology)",doi:10.1007/s10586-026-06045-5,Deep learning approaches in computer vision: a comprehensive survey,"Reshadi, Shilan, TaghipourEivazi, Shiva, Ghaffari, Ali, Seyyedabbasi, Amir",Cluster Computing,2026-03-30,10.1007/s10586-026-06045-5,"http://link.springer.com/openurl/fulltext?id=doi:10.1007/s10586-026-06045-5, http://link.springer.com/openurl/pdf?id=doi:10.1007/s10586-026-06045-5, http://dx.doi.org/10.1007/s10586-026-06045-5","Deep learning now underpins modern computer vision across various applications, including classification, detection, segmentation, retrieval, and generation. This survey first revisits foundational architectures—CNNs, early RNN-based vision pipelines, GANs, and the first Vision Transformers—then traces the shift to today’s practice (2023–2025): vision-language models (e.g., CLIP), large-scale self-supervised pretraining (e.g., DINOv2), promptable foundation segmentation (SAM), and diffusion-based generators (DDPM, latent diffusion). We distill the core design principles and training patterns behind these systems, analyze their strengths and limitations relative to classical approaches, and identify deployment-relevant concerns: compute efficiency, data governance, safety, and evaluation rigor. Looking ahead, we highlight parameter-efficient adaptation of vision foundation models (prompting/adapters), reliable few-shot protocols, and hardware-aware neural architecture search that meets latency and energy budgets. These priorities define concrete knowledge gaps that delineate the current research frontier. In this 2025 update, we introduce a concise survey of quantum–classical hybrids for vision, covering QCNNs, QViTs, and QGANs, and highlight their promise in small-data or tight-parameter regimes.",Article
"(""quantum machine learning"" OR QML OR ""variational quantum"" OR VQC OR QNN OR ""quantum neural network"" OR ""quantum kernel"" OR QSVM OR ""quantum support vector"" OR ""quantum circuit"" OR ""parameterized quantum circuit"" OR PQC OR ""quantum annealing"" OR QAOA OR ""quantum classifier"") AND (medicine OR medical OR healthcare OR clinical OR diagnosis OR prognosis OR radiology OR imaging OR MRI OR CT OR ultrasound OR pathology OR histopathology OR ECG OR EEG OR genomics OR proteomics OR bioinformatics OR ""electronic health record"" OR EHR OR drug OR pharmacology)",doi:10.1007/s40042-026-01627-3,Designing minimalistic variational quantum ansatz inspired by algorithmic cooling,"Shin, Soyoung, Kim, Ha Eum, Kim, Jaewan, Yeo, Hyeonjun, Jhe, Wonho, Jeong, Kabgyun",Journal of the Korean Physical Society,2026-03-30,10.1007/s40042-026-01627-3,"http://link.springer.com/openurl/fulltext?id=doi:10.1007/s40042-026-01627-3, http://link.springer.com/openurl/pdf?id=doi:10.1007/s40042-026-01627-3, http://dx.doi.org/10.1007/s40042-026-01627-3","Variational quantum algorithms offer a practical route to low-energy state preparation on near-term hardware, but performance depends strongly on ansatz design. We introduce the Heat-Exchange (HE) ansatz, a compact circuit family inspired by heat-bath algorithmic cooling and built from a tunable exchange interaction between a system qubit and an auxiliary bath qubit. On superconducting processors the exchange evolution $$U_{\textrm{HE}}(\theta )=\exp [-i\theta (XX+YY)/2]$$ U HE ( θ ) = exp [ - i θ ( X X + Y Y ) / 2 ] is implemented digitally as a shallow compiled gate sequence, requiring no mid-circuit reset, measurement, or feedback. We benchmark HE on two complementary tasks: weighted MaxCut on random complete graphs (noise-free simulation and hardware runs on ibm_strasbourg with readout error mitigation) and a one-dimensional Heisenberg chain with a pinned site within a dissipative-VQE-style workflow (noise-free simulation). HE increases the probability of sampling the best cut compared with a hardware-efficient baseline and QAOA under limited evaluation budgets and yields ground-state energies with sub-percent relative error for the impurity chain. These results highlight exchange-driven cooling blocks as compact, parameter-efficient, hardware-compatible primitives for near-term variational workflows.",Article
"(""quantum machine learning"" OR QML OR ""variational quantum"" OR VQC OR QNN OR ""quantum neural network"" OR ""quantum kernel"" OR QSVM OR ""quantum support vector"" OR ""quantum circuit"" OR ""parameterized quantum circuit"" OR PQC OR ""quantum annealing"" OR QAOA OR ""quantum classifier"") AND (medicine OR medical OR healthcare OR clinical OR diagnosis OR prognosis OR radiology OR imaging OR MRI OR CT OR ultrasound OR pathology OR histopathology OR ECG OR EEG OR genomics OR proteomics OR bioinformatics OR ""electronic health record"" OR EHR OR drug OR pharmacology)",doi:10.1007/s40009-026-02061-6,Enhancing Cybersecurity Through Explainable AI: A Hybrid CNN-Reinforcement Learning Framework for Intelligent Threat Detection,"Tripathi, Srijan, Chauhan, Nidhika",National Academy Science Letters,2026-03-30,10.1007/s40009-026-02061-6,"http://link.springer.com/openurl/fulltext?id=doi:10.1007/s40009-026-02061-6, http://link.springer.com/openurl/pdf?id=doi:10.1007/s40009-026-02061-6, http://dx.doi.org/10.1007/s40009-026-02061-6","Modern cyber systems face unprecedented challenges where cyber threats are developing at increasingly higher rates and are causing losses exceeding US$10 billion every year. Signature-based intrusion detection systems (IDS) perform poorly against zero-day attacks. These systems are reactive and depend on predetermined patterns. Recent AI-driven IDS models offer enhanced detection performance, but they still exhibit crucial shortcomings. These include weakness in adapting to emerging trends, black-box processes that undermine operational trust, and lack of real-time learning. This paper proposes a hybrid deep learning framework. The system integrates CNNs for feature extraction with reinforcement learning for decision optimization. SHAP analysis provides model interpretability. Within this framework, CNN spatial pattern identifications are used to extract complicated threat patterns and RL algorithms are used to continuously improve detection strategies as threat patterns change. When compared against several benchmark cybersecurity datasets such as UNSW-NB15 and CSE-CIC-IDS2018, excellent performance is observed with 88.51% accuracy and 88.21% F1-score and a micro-average ROC–AUC of 0.9938. This integration of SHAP explanations helps give feature-level insight into model decisions, which proves highly consistent with cybersecurity professional threat assessment practices. The suggested framework, therefore, goes beyond the classic signature-based IDS and the existing AI based methods in providing a better detection accuracy, explainability in many aspects of its operation, and adaptive learning ability that scales with the ever-changing nature of the emergent threats. Future work will focus on integrating federated learning for collaborative threat intelligence and edge computing optimization for distributed security architectures.",Article
"(""quantum machine learning"" OR QML OR ""variational quantum"" OR VQC OR QNN OR ""quantum neural network"" OR ""quantum kernel"" OR QSVM OR ""quantum support vector"" OR ""quantum circuit"" OR ""parameterized quantum circuit"" OR PQC OR ""quantum annealing"" OR QAOA OR ""quantum classifier"") AND (medicine OR medical OR healthcare OR clinical OR diagnosis OR prognosis OR radiology OR imaging OR MRI OR CT OR ultrasound OR pathology OR histopathology OR ECG OR EEG OR genomics OR proteomics OR bioinformatics OR ""electronic health record"" OR EHR OR drug OR pharmacology)",doi:10.1038/s41467-026-71128-1,A parallel magnetic tunnel junction-based probabilistic Ising processor for efficient quadratic optimization,"Yang, Shuhan, Bao, Youwei, Humianto, Edward, Prabhakar, Anil, Yang, Hyunsoo",Nature Communications,2026-03-30,10.1038/s41467-026-71128-1,"https://www.nature.com/articles/s41467-026-71128-1.pdf, http://dx.doi.org/10.1038/s41467-026-71128-1","Solving computationally demanding combinatorial optimization problems using conventional computing architectures is slow and energy intensive. Quantum computing could improve optimization efficiency but remains at an early stage. Probabilistic computing offers a practical near-term approach to faster optimization through stochastic techniques. Here, we experimentally demonstrate a scalable spin-transfer-torque-magnetic-tunnel-junction based probabilistic processor for efficiently solving all-to-all connected quadratic assignment problems. Our system integrates 144 compact spintronics tunable random number generators with a massively parallel architecture, achieving a high Monte-Carlo sampling throughput of 14.4 million flips per second. We co-design a parallel trial annealing scheme, and the integrated system achieves a 123× speedup with 98.3% energy savings over conventional Gibbs sampling, and a 3.2× speedup with 58.3% energy savings relative to the central processing unit implementation based on a compiled language. We further benchmark performance across graphics processing unit, and D-Wave quantum annealers, showing gains in solution quality, speed, and energy efficiency. Combinatorial optimization challenges conventional computing due to high computational costs. Here, Yang et al. demonstrate a probabilistic processor for quadratic assignment problems, achieving fast and energy-efficient stochastic optimization.",Article
"(""quantum machine learning"" OR QML OR ""variational quantum"" OR VQC OR QNN OR ""quantum neural network"" OR ""quantum kernel"" OR QSVM OR ""quantum support vector"" OR ""quantum circuit"" OR ""parameterized quantum circuit"" OR PQC OR ""quantum annealing"" OR QAOA OR ""quantum classifier"") AND (medicine OR medical OR healthcare OR clinical OR diagnosis OR prognosis OR radiology OR imaging OR MRI OR CT OR ultrasound OR pathology OR histopathology OR ECG OR EEG OR genomics OR proteomics OR bioinformatics OR ""electronic health record"" OR EHR OR drug OR pharmacology)",doi:10.1038/s41534-026-01201-6,Scalable conflict-free bandit algorithm using a quantum optical setup,"Konaka, Kohei, Röhm, André, Mihana, Takatomo, Horisaki, Ryoichi",npj Quantum Information,2026-03-30,10.1038/s41534-026-01201-6,"https://www.nature.com/articles/s41534-026-01201-6, https://www.nature.com/articles/s41534-026-01201-6.pdf, http://dx.doi.org/10.1038/s41534-026-01201-6","Quantum optics utilizes the unique properties of light for computation or communication. In this work, we explore its ability to solve certain reinforcement learning tasks, with a particular view towards the scalability of the approach. Our method utilizes the Orbital Angular Momentum (OAM) of photons to solve the Competitive Multi-Armed Bandit (CMAB) problem while maximizing rewards. In particular, we encode each player’s preferences in the OAM amplitudes, while the phases are optimized to avoid conflicts. We find that the proposed system is capable of solving the CMAB problem with a scalable number of options and demonstrates improved performance over existing techniques. Our method utilizes quantum interference to guarantee conflict avoidance using purely physical attributes of light in a way impossible for a classical setup. As an example of a system with simple rules for solving complex tasks, our OAM-based method adds to the repertoire of functionality of quantum optics.",Article
"(""quantum machine learning"" OR QML OR ""variational quantum"" OR VQC OR QNN OR ""quantum neural network"" OR ""quantum kernel"" OR QSVM OR ""quantum support vector"" OR ""quantum circuit"" OR ""parameterized quantum circuit"" OR PQC OR ""quantum annealing"" OR QAOA OR ""quantum classifier"") AND (medicine OR medical OR healthcare OR clinical OR diagnosis OR prognosis OR radiology OR imaging OR MRI OR CT OR ultrasound OR pathology OR histopathology OR ECG OR EEG OR genomics OR proteomics OR bioinformatics OR ""electronic health record"" OR EHR OR drug OR pharmacology)",doi:10.1007/s44443-026-00492-1,A unified and resource-efficient polynomial multiplication architecture for fully homomorphic encryption,"Qiu, Junbin, Huang, Ruwei, Shen, Jiang, Lin, Bin",Journal of King Saud University Computer and Information Sciences,2026-03-30,10.1007/s44443-026-00492-1,"http://link.springer.com/openurl/pdf?id=doi:10.1007/s44443-026-00492-1, http://dx.doi.org/10.1007/s44443-026-00492-1","Fully Homomorphic Encryption (FHE) plays a critical role in privacy-preserving computation; however, its performance is still largely constrained by the high latency and substantial hardware overhead introduced by the Number Theoretic Transform (NTT) and Inverse Number Theoretic Transform (INTT) operations in polynomial multiplication. Although existing unified or reconfigurable NTT/INTT accelerators alleviate control complexity to some extent, they commonly suffer from excessive multiplier consumption, low hardware utilization, and limited scalability when supporting varying polynomial sizes and modulus bit-widths, which is particularly unfavorable for resource-constrained FPGA platforms. To address this challenge, we propose a high-performance, reconfigurable NTT/INTT accelerator that can flexibly adapt to different polynomial sizes, modulus widths, and numbers of processing units. The architecture incorporates a bit-reversal-free memory access scheme to eliminate read–write conflicts and leverages a shift-optimized Montgomery reduction technique, which significantly reduces multiplier and Digital Signal Processor(DSP) resource consumption while maintaining support for multiple parameter configurations. Experimental results on a Xilinx Zynq-7000 FPGA (XC7Z100FFG900-2) demonstrate that the proposed design achieves notable improvements in latency, throughput, and area efficiency over prior works, confirming its feasibility and strong potential for accelerating FHE in resource-constrained environments.",Article
"(""quantum machine learning"" OR QML OR ""variational quantum"" OR VQC OR QNN OR ""quantum neural network"" OR ""quantum kernel"" OR QSVM OR ""quantum support vector"" OR ""quantum circuit"" OR ""parameterized quantum circuit"" OR PQC OR ""quantum annealing"" OR QAOA OR ""quantum classifier"") AND (medicine OR medical OR healthcare OR clinical OR diagnosis OR prognosis OR radiology OR imaging OR MRI OR CT OR ultrasound OR pathology OR histopathology OR ECG OR EEG OR genomics OR proteomics OR bioinformatics OR ""electronic health record"" OR EHR OR drug OR pharmacology)",doi:10.1007/s43673-026-00182-0,News and Views (1&2),AAPPS Bulletin,AAPPS Bulletin,2026-03-30,10.1007/s43673-026-00182-0,"http://link.springer.com/openurl/fulltext?id=doi:10.1007/s43673-026-00182-0, http://link.springer.com/openurl/pdf?id=doi:10.1007/s43673-026-00182-0, http://dx.doi.org/10.1007/s43673-026-00182-0",,Article
"(""quantum machine learning"" OR QML OR ""variational quantum"" OR VQC OR QNN OR ""quantum neural network"" OR ""quantum kernel"" OR QSVM OR ""quantum support vector"" OR ""quantum circuit"" OR ""parameterized quantum circuit"" OR PQC OR ""quantum annealing"" OR QAOA OR ""quantum classifier"") AND (medicine OR medical OR healthcare OR clinical OR diagnosis OR prognosis OR radiology OR imaging OR MRI OR CT OR ultrasound OR pathology OR histopathology OR ECG OR EEG OR genomics OR proteomics OR bioinformatics OR ""electronic health record"" OR EHR OR drug OR pharmacology)",doi:10.1038/s41598-026-44119-x,Quantum-resilient cross-trust evaluation for zero trust 5G security,"Jeysuriya, K., Renjith, P. N., Sudhakaran, G.",Scientific Reports,2026-03-29,10.1038/s41598-026-44119-x,"https://www.nature.com/articles/s41598-026-44119-x, https://www.nature.com/articles/s41598-026-44119-x.pdf, http://dx.doi.org/10.1038/s41598-026-44119-x","The growing complexity of multi-domain 5G networks exposes critical trust and authentication vulnerabilities that traditional security models cannot address, especially against emerging quantum-era threats. In this paper, we propose the Quantum-Resilient Cross Domain Trust Zero Trust Architecture (QCT-ZTA) model to address end-to-end resilience. Integrating blockchain-based federated trust management systems, cross-chain trust negotiations, and post-quantum cryptography will ensure optimal interoperability and resilience. This framework introduces a Quantum-Resilient Proof-of-Trust (QR-PoT) and dynamic cross domain trust scoring systems that mitigate Sybil, Denial of Service, and poisoning attacks. We utilized OMNeT++, Hyperledger Fabric, and liboqs for post-quantum cryptography to implement and evaluate the model on the 5G-NIDD dataset. The results show 88% accuracy in trust detection, a three-fold decrease in unauthorized access, and 35% better throughput stability, compared to the state-of-the-art models Zero-X and TQFL. This proves that QCT-ZTA provides a scalable and quantum-secure trust architecture that is compliant with the 5G and next-generation 6G infrastructures.",Article
"(""quantum machine learning"" OR QML OR ""variational quantum"" OR VQC OR QNN OR ""quantum neural network"" OR ""quantum kernel"" OR QSVM OR ""quantum support vector"" OR ""quantum circuit"" OR ""parameterized quantum circuit"" OR PQC OR ""quantum annealing"" OR QAOA OR ""quantum classifier"") AND (medicine OR medical OR healthcare OR clinical OR diagnosis OR prognosis OR radiology OR imaging OR MRI OR CT OR ultrasound OR pathology OR histopathology OR ECG OR EEG OR genomics OR proteomics OR bioinformatics OR ""electronic health record"" OR EHR OR drug OR pharmacology)",doi:10.1038/s41598-026-45738-0,Few-shot android malware classification with quantum-enhanced prototypical learning and drift detection,"Tawfik, Mohammed, Tarazi, Hussam, Dalalah, Ahmad, Bajeszeyadaljunaeidia, Shaban, Warda M., Fathi, Islam S.",Scientific Reports,2026-03-28,10.1038/s41598-026-45738-0,"https://www.nature.com/articles/s41598-026-45738-0, https://www.nature.com/articles/s41598-026-45738-0.pdf, http://dx.doi.org/10.1038/s41598-026-45738-0","Android malware detection systems face critical challenges including data scarcity for emerging threat families, high-dimensional feature spaces, and concept drift caused by evolving attack techniques. Traditional machine learning approaches require extensive labeled datasets and frequent retraining, limiting their practical deployment against rapidly emerging threats. This paper proposes an adaptive few-shot malware classification framework that integrates CatBoost-based feature selection, prototypical networks with episodic meta-learning, quantum-enhanced classification, concept drift detection, and explainable AI (XAI) analysis using SHAP and LIME. The CatBoost feature selection reduces dimensionality by 99.46% on CCCS-CIC-AndMal-2020 (9,503 to 51 features) and 94.07% on KronoDroid (489 to 29 features) while preserving discriminative information. The prototypical network learns metric-based representations enabling classification with only 5 support samples per class. Extensive experiments demonstrate state-of-the-art performance with 99.70% accuracy on CCCS-CIC-AndMal-2020 (15 malware families) and 99.33% accuracy on KronoDroid (binary classification), outperforming existing methods by 0.70–9.70%. The framework exhibits robust temporal stability with maximum accuracy degradation of 0.24% across evaluation periods. XAI analysis reveals that file descriptor manipulation and file system operations are the most discriminative features for malware detection. These results establish few-shot prototypical learning with intelligent feature selection as an effective paradigm for practical malware detection requiring minimal annotation, interpretable decisions, and stable long-term performance.",Article
"(""quantum machine learning"" OR QML OR ""variational quantum"" OR VQC OR QNN OR ""quantum neural network"" OR ""quantum kernel"" OR QSVM OR ""quantum support vector"" OR ""quantum circuit"" OR ""parameterized quantum circuit"" OR PQC OR ""quantum annealing"" OR QAOA OR ""quantum classifier"") AND (medicine OR medical OR healthcare OR clinical OR diagnosis OR prognosis OR radiology OR imaging OR MRI OR CT OR ultrasound OR pathology OR histopathology OR ECG OR EEG OR genomics OR proteomics OR bioinformatics OR ""electronic health record"" OR EHR OR drug OR pharmacology)",doi:10.1038/s41534-026-01226-x,On the constant depth implementation of Pauli exponentials,"Moflic, Ioana, Paler, Alexandru",npj Quantum Information,2026-03-28,10.1038/s41534-026-01226-x,"https://www.nature.com/articles/s41534-026-01226-x.pdf, http://dx.doi.org/10.1038/s41534-026-01226-x","We decompose, under the very restrictive linear nearest-neighbour connectivity, Z ^⊗ n exponentials of arbitrary length into circuits of constant depth using $${\mathcal{O}}(n)$$ O ( n ) ancillae and two-body XX and ZZ interactions. Consequently, a similar method works for arbitrary Pauli exponentials. We prove the correctness of our approach after introducing novel rewrite rules for circuits that benefit from qubit recycling. The decomposition has a wide variety of applications, ranging from the efficient implementation of practical fault-tolerant lattice surgery computations to expressing arbitrary stabilizer circuits via two-body interactions only and parallel decoding of quantum error-correcting computations.",Article
"(""quantum machine learning"" OR QML OR ""variational quantum"" OR VQC OR QNN OR ""quantum neural network"" OR ""quantum kernel"" OR QSVM OR ""quantum support vector"" OR ""quantum circuit"" OR ""parameterized quantum circuit"" OR PQC OR ""quantum annealing"" OR QAOA OR ""quantum classifier"") AND (medicine OR medical OR healthcare OR clinical OR diagnosis OR prognosis OR radiology OR imaging OR MRI OR CT OR ultrasound OR pathology OR histopathology OR ECG OR EEG OR genomics OR proteomics OR bioinformatics OR ""electronic health record"" OR EHR OR drug OR pharmacology)",doi:10.1186/s13677-026-00857-x,Transformative impact of edge computing with 6G network using cloud computing,"Chaurasia, Brijesh Kumar, Shukla, Man Mohan, Vishwakarma, Vidisha, Tiwari, Babita",Journal of Cloud Computing,2026-03-28,10.1186/s13677-026-00857-x,"https://www.biomedcentral.com/openurl/pdf?id=doi:10.1186/s13677-026-00857-x, http://dx.doi.org/10.1186/s13677-026-00857-x","The upcoming 6G network and the quick development of edge computing promise to completely change the cloud computing market by meeting the increasing needs for real-time analytics, ultra-low latency, and huge data processing. Edge computing allows for the distribution of processing resources closer to the data source, hence reducing bottlenecks in centralized cloud infrastructures. For the upcoming generation of applications, such as autonomous systems, immersive AR/VR, and IoT-driven smart environments, the 6G network will provide a smooth, fast environment with its expected high bandwidth, low latency, and ubiquitous connection. The disruptive synergy between edge computing and 6G technology is examined in this essay, along with its significant impact on cloud computing. We look at the possibilities and difficulties of increasing the effectiveness of data processing, boosting security, and opening up new business models in cloud services. This study explores how edge computing, when combined with 6G networks, can revolutionize the well-established field of cloud computing.",Article
"(""quantum machine learning"" OR QML OR ""variational quantum"" OR VQC OR QNN OR ""quantum neural network"" OR ""quantum kernel"" OR QSVM OR ""quantum support vector"" OR ""quantum circuit"" OR ""parameterized quantum circuit"" OR PQC OR ""quantum annealing"" OR QAOA OR ""quantum classifier"") AND (medicine OR medical OR healthcare OR clinical OR diagnosis OR prognosis OR radiology OR imaging OR MRI OR CT OR ultrasound OR pathology OR histopathology OR ECG OR EEG OR genomics OR proteomics OR bioinformatics OR ""electronic health record"" OR EHR OR drug OR pharmacology)",doi:10.1007/s12134-026-01374-1,“You Should Rely On Your Own Strengths”: Coping Mechanisms and Resilience Among Older Immigrants During the COVID-19 Pandemic,"Dolberg, Pnina, Lev, Sagit",Journal of International Migration and Integration,2026-03-28,10.1007/s12134-026-01374-1,"http://link.springer.com/openurl/fulltext?id=doi:10.1007/s12134-026-01374-1, http://link.springer.com/openurl/pdf?id=doi:10.1007/s12134-026-01374-1, http://dx.doi.org/10.1007/s12134-026-01374-1","Older immigrants occupy intersecting social positions shaped by aging and migration, influencing their experiences and coping during crises. This qualitative study examines how structural barriers and personal resources shape older immigrants' coping experiences, and contributes to understanding resilience and vulnerability within immigrant communities. Drawing on ideas from an intersectional life course perspective, the study is based on in-depth interviews with 21 older immigrants from the Former Soviet Union who experienced the COVID-19 crisis in Israel after migrating in midlife and aging in place. Thematic analysis identified three main categories: coping strategies, tensions between independence and receiving assistance, and personal and cultural resources. Participants often combined disciplined adherence to public-health guidelines with proactive self-management, while expressing ambivalence toward formal assistance and muted expressions of vulnerability despite heightened risk. The findings illustrate how life-course resources and culturally shaped norms of self-reliance inform later-life coping. The study also highlights implications for culturally sensitive policies and practices that improve access to information and services in immigrants’ native language, and promote respectful facilitation of assistance while recognizing older immigrants’ strengths and agency.",Article
"(""quantum machine learning"" OR QML OR ""variational quantum"" OR VQC OR QNN OR ""quantum neural network"" OR ""quantum kernel"" OR QSVM OR ""quantum support vector"" OR ""quantum circuit"" OR ""parameterized quantum circuit"" OR PQC OR ""quantum annealing"" OR QAOA OR ""quantum classifier"") AND (medicine OR medical OR healthcare OR clinical OR diagnosis OR prognosis OR radiology OR imaging OR MRI OR CT OR ultrasound OR pathology OR histopathology OR ECG OR EEG OR genomics OR proteomics OR bioinformatics OR ""electronic health record"" OR EHR OR drug OR pharmacology)",doi:10.1007/s11269-026-04599-y,Hybrid Approaches in Water Quality Monitoring: A Study of the Integration of Machine Learning and Classical Analytical Methods,"Saab, Christine, Zéhil, Gérard-Philippe",Water Resources Management,2026-03-28,10.1007/s11269-026-04599-y,"http://link.springer.com/openurl/fulltext?id=doi:10.1007/s11269-026-04599-y, http://link.springer.com/openurl/pdf?id=doi:10.1007/s11269-026-04599-y, http://dx.doi.org/10.1007/s11269-026-04599-y","The growing complexity and volume of water quality data—driven by environmental challenges, and high-resolution monitoring technologies—has necessitated the development of advanced analytical frameworks for water quality monitoring (WQM). In response, hybrid approaches that integrate machine learning (ML) with classical analytical methods have emerged as promising tools for handling multidimensional data and improving forecasting accuracy. This paper presents a systematic review of such hybrid approaches in WQM, based on a bibliometric analysis of 4,590 publications indexed in the Scopus database. The analysis reveals a sharp increase in relevant publications over the past decade, reflecting a growing shift toward integrated analytical frameworks. Co-occurrence analysis of author keywords identifies four principal thematic clusters reflecting major integration types: (1) unsupervised ML combined with multivariate statistical analysis (MSA) for pollution source identification; (2) supervised ML integrated with regression and remote sensing for environmental monitoring; (3) neural networks coupled with time-series models for predictive modeling; and (4) AI methods combined with spatial and signal processing techniques for comprehensive water quality assessment. Additional analyses show that statistical methods and neural networks are most frequently employed, whereas trend and frequency-based techniques remain underutilized. Five refined queries further reveal methodological overlaps and gaps, highlighting dominant and emerging hybridization patterns. By examining the complementary strengths of ML-classical method integrations, this review underscores their role in environmental decision-making, and identifies current methodological developments as well as future research opportunities, particularly with respect to improving interpretability, adaptability, and computational efficiency. Overall, the study provides actionable insights for advancing the practical application of hybrid approaches in WQM and for supporting sustainable and scalable water quality management.",Article
"(""quantum machine learning"" OR QML OR ""variational quantum"" OR VQC OR QNN OR ""quantum neural network"" OR ""quantum kernel"" OR QSVM OR ""quantum support vector"" OR ""quantum circuit"" OR ""parameterized quantum circuit"" OR PQC OR ""quantum annealing"" OR QAOA OR ""quantum classifier"") AND (medicine OR medical OR healthcare OR clinical OR diagnosis OR prognosis OR radiology OR imaging OR MRI OR CT OR ultrasound OR pathology OR histopathology OR ECG OR EEG OR genomics OR proteomics OR bioinformatics OR ""electronic health record"" OR EHR OR drug OR pharmacology)",doi:10.1038/s41598-026-45140-w,A novel quantum convolutional neural network framework for quantum-enhanced classification of pixelated colour images,"Daka, Chisomo, Bhattacharyya, Somnath",Scientific Reports,2026-03-27,10.1038/s41598-026-45140-w,"https://www.nature.com/articles/s41598-026-45140-w, https://www.nature.com/articles/s41598-026-45140-w.pdf, http://dx.doi.org/10.1038/s41598-026-45140-w","As image datasets grow in scale and complexity, classical convolutional neural networks (CNNs) increasingly face limitations in computational efficiency, scalability, and generalisation in low-data regimes. Quantum machine learning (QML) offers a promising alternative, with quantum convolutional neural networks (QCNNs) exploiting quantum parallelism and entanglement for feature extraction. This paper introduces the Novel Quantum Convolutional Neural Network (No-QCNN), which differs from recent hybrid QCNN/QCQ-CNN architectures by employing an end-to-end quantum convolution-pooling pipeline without inserting an intermediate classical CNN block. No-QCNN is a hybrid quantum–classical model that employs a variational quantum classifier (VQC) optimised via the COBYLA algorithm and is designed for binary and multiclass classification of low-resolution colour images on near-term quantum devices. A key innovation is a problem-specific quantum feature map that pre-processes each image into a structured three-dimensional block-matrix representation, jointly encoding pixel colour (R, G, B) and spatial position before mapping this information into a hierarchical ZZFeatureMap . This encoding captures spatial-chromatic correlations at shallow circuit depth, making it compatible with noisy intermediate-scale quantum (NISQ) constraints. The model is implemented using IBM-Qiskit on a local quantum simulator and benchmarked against a classical CNN. For a six-class classification task on a 50-image dataset, No-QCNN achieves a validation accuracy of 82.05%, substantially outperforming the classical CNN’s 40.00%, indicating improved generalisation and reduced overfitting in low-data, multiclass settings. Conversely, for a simpler binary classification task, the classical CNN achieves perfect validation accuracy of 100%, surpassing the No-QCNN’s 89.7%. We further observe that No-QCNN performance declines with increasing dataset size and training time due to limited circuit expressibility, data-encoding overhead, and finite-sampling noise inherent to NISQ models. Overall, these results position No-QCNN as a complementary framework best suited to low-data, correlation-rich classification tasks, defining a realistic niche for quantum-enhanced artificial vision and quantum perception in the NISQ era.",Article
"(""quantum machine learning"" OR QML OR ""variational quantum"" OR VQC OR QNN OR ""quantum neural network"" OR ""quantum kernel"" OR QSVM OR ""quantum support vector"" OR ""quantum circuit"" OR ""parameterized quantum circuit"" OR PQC OR ""quantum annealing"" OR QAOA OR ""quantum classifier"") AND (medicine OR medical OR healthcare OR clinical OR diagnosis OR prognosis OR radiology OR imaging OR MRI OR CT OR ultrasound OR pathology OR histopathology OR ECG OR EEG OR genomics OR proteomics OR bioinformatics OR ""electronic health record"" OR EHR OR drug OR pharmacology)",doi:10.1007/s11005-026-02065-9,Mean-field limit from general mixtures of experts to quantum neural networks,"Hernandez, Anderson Melchor, Pastorello, Davide, Palma, Giacomo De",Letters in Mathematical Physics,2026-03-27,10.1007/s11005-026-02065-9,"http://link.springer.com/openurl/fulltext?id=doi:10.1007/s11005-026-02065-9, http://link.springer.com/openurl/pdf?id=doi:10.1007/s11005-026-02065-9, http://dx.doi.org/10.1007/s11005-026-02065-9","In this work, we study the asymptotic behavior of mixture of experts (MoE) trained via gradient flow on supervised learning problems. Our main result establishes the propagation of chaos for a MoE as the number of experts diverges. We demonstrate that the corresponding empirical measure of their parameters is close to a probability measure that solves a nonlinear continuity equation, and we provide an explicit convergence rate that depends solely on the number of experts and on the dimensionality of the parameter space. We apply our results to a MoE generated by a quantum neural network.",Article
"(""quantum machine learning"" OR QML OR ""variational quantum"" OR VQC OR QNN OR ""quantum neural network"" OR ""quantum kernel"" OR QSVM OR ""quantum support vector"" OR ""quantum circuit"" OR ""parameterized quantum circuit"" OR PQC OR ""quantum annealing"" OR QAOA OR ""quantum classifier"") AND (medicine OR medical OR healthcare OR clinical OR diagnosis OR prognosis OR radiology OR imaging OR MRI OR CT OR ultrasound OR pathology OR histopathology OR ECG OR EEG OR genomics OR proteomics OR bioinformatics OR ""electronic health record"" OR EHR OR drug OR pharmacology)",doi:10.1038/s41534-026-01217-y,When quantum and classical models disagree: learning beyond minimum norm least square,"Thabet, Slimane, Monbroussou, Léo, Mamon, Eliott Z., Landman, Jonas",npj Quantum Information,2026-03-27,10.1038/s41534-026-01217-y,"https://www.nature.com/articles/s41534-026-01217-y.pdf, http://dx.doi.org/10.1038/s41534-026-01217-y","Quantum Machine Learning algorithms based on Variational Quantum Circuits (VQCs) are important candidates for useful application of quantum computing. It is known that a VQC is a linear model in a feature space determined by its architecture. Such models can be compared to classical ones using various sets of tools, and surrogate models designed to classically approximate their results were proposed. At the same time, quantum advantages for learning tasks have been proven in the case of discrete data distributions and cryptography primitives. In this work, we propose a framework to avoid Random Feature approximation techniques. Using previous results, we establish conditions on the weight vectors of the quantum models that are necessary to avoid these dequantization methods. We show that this theory is compatible with previously proven quantum advantages on discrete inputs, and provides examples of advantages for continuous inputs. This separation is connected to large weight vector norm, and we suggest that this can only happen with a high dimensional feature map. Our results demonstrate that it is possible to design quantum models that cannot be classically approximated with good generalization. In addition, we provide a method to verify that the necessary condition is respected for a quantum model. Finally, we discuss how concentration issues must be considered to design such instances. We expect that our work will be a starting point to design near-term quantum models that avoid dequantization methods by ensuring non-classical convergence properties, and to identify existing quantum models that can be classically approximated.",Article
"(""quantum machine learning"" OR QML OR ""variational quantum"" OR VQC OR QNN OR ""quantum neural network"" OR ""quantum kernel"" OR QSVM OR ""quantum support vector"" OR ""quantum circuit"" OR ""parameterized quantum circuit"" OR PQC OR ""quantum annealing"" OR QAOA OR ""quantum classifier"") AND (medicine OR medical OR healthcare OR clinical OR diagnosis OR prognosis OR radiology OR imaging OR MRI OR CT OR ultrasound OR pathology OR histopathology OR ECG OR EEG OR genomics OR proteomics OR bioinformatics OR ""electronic health record"" OR EHR OR drug OR pharmacology)",doi:10.1038/s41598-026-45862-x,An improved ICEEMDAN–depth hybrid network model integrating multimodal data for the screening of diabetic peripheral neuropathy,"Xiao, Mingxia, Wang, Fei, Fang, Shidong, Duan, Gaojie, Tang, Xiaojing",Scientific Reports,2026-03-27,10.1038/s41598-026-45862-x,"https://www.nature.com/articles/s41598-026-45862-x, https://www.nature.com/articles/s41598-026-45862-x.pdf, http://dx.doi.org/10.1038/s41598-026-45862-x","Early non-invasive approaches for detecting diabetic peripheral neuropathy (DPN) are crucial to preventing its severe complications. However, these approaches have been limited by insufficient dynamic feature capture, low model efficiency, and poor portability. To improve the non-invasive detection capability for DPN, a novel combined method based on the fusion of PPG and ECG signals is proposed. Firstly, an adaptive denoising method integrating ICEEMDAN-based signal decomposition, wavelet thresholding, and particle swarm optimization is adopted to improve signal quality. Secondly, a combined encoding framework, integrating spatial position encoding, Grampian angular field, and recurrence plot, is employed to transform one-dimensional time-series signal segments into RGB color maps. Finally, an enhanced lightweight network named Afsharid, incorporating multi-branch depth wise convolution and a spatial hybrid self-attention mechanism, is designed to generate fused RGB representations. On the multi-cycle dataset, the proposed model achieved an accuracy of 93.89%, a sensitivity of 93.21%, and a precision of 94.52%. Compared with the best-performing baseline model EfficientNetV2, the accuracy was improved by 6.52%. The results show the feasibility and potential of the combined method as a new solution for early detection and daily monitoring of DPN.",Article
"(""quantum machine learning"" OR QML OR ""variational quantum"" OR VQC OR QNN OR ""quantum neural network"" OR ""quantum kernel"" OR QSVM OR ""quantum support vector"" OR ""quantum circuit"" OR ""parameterized quantum circuit"" OR PQC OR ""quantum annealing"" OR QAOA OR ""quantum classifier"") AND (medicine OR medical OR healthcare OR clinical OR diagnosis OR prognosis OR radiology OR imaging OR MRI OR CT OR ultrasound OR pathology OR histopathology OR ECG OR EEG OR genomics OR proteomics OR bioinformatics OR ""electronic health record"" OR EHR OR drug OR pharmacology)",doi:10.1007/s10791-026-09965-3,A structured review of lattice based attribute based encryption methods for post quantum security,"Hasib, Saima, Rasool, Akhtar, Gyanchandani, Manasi, Haripriya, Rahul, Kumar, Lalit",Discover Computing,2026-03-27,10.1007/s10791-026-09965-3,"http://link.springer.com/openurl/fulltext?id=doi:10.1007/s10791-026-09965-3, http://link.springer.com/openurl/pdf?id=doi:10.1007/s10791-026-09965-3, http://dx.doi.org/10.1007/s10791-026-09965-3","The rapid advancement of quantum computing threatens to undermine classical cryptographic primitives, creating an urgent need for post-quantum secure alternatives. Lattice-based Attribute-Based Encryption (ABE) has emerged as a promising direction, combining fine-grained access control with quantum resistance derived from lattice assumptions such as Learning With Errors (LWE) and Ring-LWE. This paper presents a systematic literature review of lattice-based ABE schemes published between 2022 and 2025, following the PRISMA methodology to ensure a rigorous and transparent study selection process. From an initial corpus of more than 7,800 studies retrieved across IEEE Xplore, SpringerLink, Elsevier ScienceDirect, MDPI, and Google Scholar, 1,236 studies were screened, resulting in 90 works selected for in-depth qualitative and quantitative synthesis. The review analyzes the evolution of lattice-based ABE in terms of mathematical foundations, security models, performance characteristics, and application domains. Particular emphasis is placed on emerging use cases in cloud computing, the Internet of Things (IoT), healthcare, financial systems, and government compliance, each evaluated against requirements such as revocation support, lightweight design, searchability, and multi-authority governance. Quantitative synthesis reveals uneven feature coverage across the literature: searchability is supported in 45.6% of schemes and lightweight constructions in 36.7%, whereas policy hiding (16.7%) and revocation (22.2%) remain comparatively underexplored. Performance trends indicate ciphertext sizes averaging 5.8 kB per attribute, with only 12% of schemes achieving compact representations below 2 kB. Moreover, fewer than 36% of surveyed constructions provide IND-CCA security, highlighting persistent challenges in achieving robustness against adaptive adversaries. By integrating structured research questions with quantitative trend analysis, this study offers both descriptive and evidence-backed insights into the current state of lattice-based ABE. The findings identify critical gaps in efficiency, security guarantees, and standardization, and inform a forward-looking research roadmap emphasizing lightweight revocation mechanisms, efficient policy hiding, stronger IND-CCA security models, and the need for standardized benchmarking frameworks. This survey thus serves as a comprehensive reference for researchers and practitioners working on post-quantum secure access control systems, particularly in privacy-sensitive domains such as healthcare.",Article
"(""quantum machine learning"" OR QML OR ""variational quantum"" OR VQC OR QNN OR ""quantum neural network"" OR ""quantum kernel"" OR QSVM OR ""quantum support vector"" OR ""quantum circuit"" OR ""parameterized quantum circuit"" OR PQC OR ""quantum annealing"" OR QAOA OR ""quantum classifier"") AND (medicine OR medical OR healthcare OR clinical OR diagnosis OR prognosis OR radiology OR imaging OR MRI OR CT OR ultrasound OR pathology OR histopathology OR ECG OR EEG OR genomics OR proteomics OR bioinformatics OR ""electronic health record"" OR EHR OR drug OR pharmacology)",doi:10.1038/s41534-026-01223-0,Improved strategies for fermionic quantum simulation with global interactions,"Kaldenbach, Thierry N., Schultheis, Erik, Stewen, Niklas, Breuil, Gabriel",npj Quantum Information,2026-03-27,10.1038/s41534-026-01223-0,"https://www.nature.com/articles/s41534-026-01223-0, https://www.nature.com/articles/s41534-026-01223-0.pdf, http://dx.doi.org/10.1038/s41534-026-01223-0","We present efficient quantum circuits for fermionic excitation operators tailored for ion trap quantum computers exhibiting the Mølmer-Sørensen (MS) gate. Such operators commonly arise in the study of static and dynamic properties in electronic structure problems using Unitary Coupled Cluster theory or Trotterized time evolution. We detail how the global MS interaction naturally suits the non-local structure of fermionic excitation operators under the Jordan-Wigner mapping and simultaneously provides optimal parallelism in their circuit decompositions. Compared to previous schemes on ion traps, our approach reduces the number of MS gates by factors of 2-, and 4, for single-, and double excitations, respectively. These improvements promise significant speedups and error reductions, which we demonstrate by characterizing our circuits under a realistic pulse-level noise model of a linear ion trap quantum processor.",Article
"(""quantum machine learning"" OR QML OR ""variational quantum"" OR VQC OR QNN OR ""quantum neural network"" OR ""quantum kernel"" OR QSVM OR ""quantum support vector"" OR ""quantum circuit"" OR ""parameterized quantum circuit"" OR PQC OR ""quantum annealing"" OR QAOA OR ""quantum classifier"") AND (medicine OR medical OR healthcare OR clinical OR diagnosis OR prognosis OR radiology OR imaging OR MRI OR CT OR ultrasound OR pathology OR histopathology OR ECG OR EEG OR genomics OR proteomics OR bioinformatics OR ""electronic health record"" OR EHR OR drug OR pharmacology)",doi:10.1038/s44306-026-00134-2,Skyrmion quantum diode prototype: bridging micromagnetic simulations and quantum models,"Yang, Haowen, Bissell, Gerald, Zhong, Han, Van Kirk, Peter, Cao, Tiger, Lu, Pengcheng, Wu, Yingying",npj Spintronics,2026-03-27,10.1038/s44306-026-00134-2,"https://www.nature.com/articles/s44306-026-00134-2, https://www.nature.com/articles/s44306-026-00134-2.pdf, http://dx.doi.org/10.1038/s44306-026-00134-2","Magnetic skyrmions are topologically protected spin textures known for their robustness against perturbations. Their topological stability makes them robust information carriers, ideal for tackling a key challenge in quantum computing: creating reliable, one-way links between different types of qubits. In this proof-of-concept study, we introduce a novel device–the skyrmion quantum diode–based on skyrmion qubits. Our approach combines classical micromagnetic simulations, achieving skyrmion diameters as small as 3 nm, with quantum circuit models inspired by superconducting qubits. In this work, we demonstrate: (i) unidirectional skyrmion transport via the skyrmion Hall effect in asymmetric junctions, spanning length scales from 20 nm down to 3 nm; (ii) potential compatibility with flux-tunable quantum architectures; and (iii) preliminary insights into anharmonicity in skyrmion-based qubit systems. These results establish both the operational feasibility and the scaling behavior necessary for a hybrid skyrmion-quantum platform. Our work outlines a path toward integrating skyrmion-based quantum components into practical device architectures, enabling low-dissipation, unidirectional quantum information transport. This capability is crucial for scalable quantum computing, spintronic logic, and hybrid quantum systems, and opens opportunities for chip-scale, pump-free isolators and directional quantum links that enhance readout fidelity, reduce cryogenic load, and support modular skyrmion-superconducting processors.",Article
"(""quantum machine learning"" OR QML OR ""variational quantum"" OR VQC OR QNN OR ""quantum neural network"" OR ""quantum kernel"" OR QSVM OR ""quantum support vector"" OR ""quantum circuit"" OR ""parameterized quantum circuit"" OR PQC OR ""quantum annealing"" OR QAOA OR ""quantum classifier"") AND (medicine OR medical OR healthcare OR clinical OR diagnosis OR prognosis OR radiology OR imaging OR MRI OR CT OR ultrasound OR pathology OR histopathology OR ECG OR EEG OR genomics OR proteomics OR bioinformatics OR ""electronic health record"" OR EHR OR drug OR pharmacology)",doi:10.1007/s00340-026-08664-7,Evolution of topological charge in a triangular interference lattice,"Vanitha, Patnala, Jung, Seonghu, Ko, Do-Kyeong",Applied Physics B,2026-03-27,10.1007/s00340-026-08664-7,"http://link.springer.com/openurl/fulltext?id=doi:10.1007/s00340-026-08664-7, http://link.springer.com/openurl/pdf?id=doi:10.1007/s00340-026-08664-7, http://dx.doi.org/10.1007/s00340-026-08664-7","Optical vortices can be generated periodically across an interference region when three or more coherent waves interact, forming an optical vortex array (OVA). In this work, we investigate how the initial topological charge (TC) of the incident beam is redistributed among the phase singularities formed in the interference field by interfering a Laguerre-Gaussian beam carrying orbital angular momentum (OAM) of ± l with two Gaussian beams, while the total TC remains constant. We demonstrate that, for a zero-order vortex beam ( l = 0), the interference results in paired vortices carrying opposite unit TCs of ± 1, whereas for nonzero TCs ( l > 0), the original TC does not remain localized in a single higher-order vortex but instead undergoes a systematic splitting into l individual unpaired vortices, each carrying a unit TC of + 1. For fractional TC, the number of unpaired vortices follows a nearest integer rule of the imposed TC, exhibiting n unpaired vortices for fractional charges closer to the integer n and n + 1 unpaired vortices as the charge approaches the next higher integer. The reported results are supported by numerical simulations and experimental verification, providing new insight into optical vortex formation and enabling controlled vortex engineering with potential applications in optical trapping and manipulation, high-dimensional optical communication, and structured-light-based information encoding.",Article
"(""quantum machine learning"" OR QML OR ""variational quantum"" OR VQC OR QNN OR ""quantum neural network"" OR ""quantum kernel"" OR QSVM OR ""quantum support vector"" OR ""quantum circuit"" OR ""parameterized quantum circuit"" OR PQC OR ""quantum annealing"" OR QAOA OR ""quantum classifier"") AND (medicine OR medical OR healthcare OR clinical OR diagnosis OR prognosis OR radiology OR imaging OR MRI OR CT OR ultrasound OR pathology OR histopathology OR ECG OR EEG OR genomics OR proteomics OR bioinformatics OR ""electronic health record"" OR EHR OR drug OR pharmacology)",doi:10.1007/s12083-026-02219-5,Federated deep reinforcement learning for cross-layer congestion control and energy minimization in cognitive radio networks,"Lakshmi, Mettu Jhansi, Babu, Arram Mahesh",Peer-to-Peer Networking and Applications,2026-03-27,10.1007/s12083-026-02219-5,"http://link.springer.com/openurl/fulltext?id=doi:10.1007/s12083-026-02219-5, http://link.springer.com/openurl/pdf?id=doi:10.1007/s12083-026-02219-5, http://dx.doi.org/10.1007/s12083-026-02219-5","Managing resources and executing collaborative routing in massive cognitive radio networks (CRNs) has been accomplished with the help of deep reinforcement learning (DRL). But it takes a lot of energy and more time for transmissions because it uses trial and error to interact with the surroundings. The underlying difficulty of dynamic cognitive radio networks (CRNs) is the volatility and unpredictability of spectrum availability. These shifts have occurred because of opportunistic access, which makes conventional routing and allocating resources very difficult. Our innovative Federated Deep Reinforcement Learning (F-DRL) system for Dynamic Routing with Cross-Layer Optimizer aims to tackle this issue. All of the secondary user (SU) nodes in our architecture take advantage of DRL. By taking into account the current state of the network, it smartly decides on the best next-hop and the associated distribution channel. This decision-making procedure is carried out in a multi-layer architecture. Queue length and path delay are some of the Network Layer characteristics that it incorporates. Along with that, it takes into account Physical and MAC Layer metrics like SINR, PU operation, and channel quality. In order to circumvent the drawbacks of centralized DRL, we employ a Federated Learning framework. Some of these restrictions include the fact that exchanging data in its entirety raises privacy concerns and has a significant transmission overhead. Because of this, SUs can train their local DRL models in private; only updating the central server on model updates is necessary for the global aggregate. In comparison to cutting-edge heuristic routing protocols, the suggested F-DRL-driven adaptive routing method performs far better in simulations. Additionally, it improves upon conventional routing methods that rely on DRL. It demonstrates high performance in relation to packet delivery ratio (PDR), overall delay, and network throughput. In addition, the plan offers a way to learn on a large scale. In addition, it provides a method that is crucial for widespread adaptive CRN deployments, one that preserves anonymity.",Article
"(""quantum machine learning"" OR QML OR ""variational quantum"" OR VQC OR QNN OR ""quantum neural network"" OR ""quantum kernel"" OR QSVM OR ""quantum support vector"" OR ""quantum circuit"" OR ""parameterized quantum circuit"" OR PQC OR ""quantum annealing"" OR QAOA OR ""quantum classifier"") AND (medicine OR medical OR healthcare OR clinical OR diagnosis OR prognosis OR radiology OR imaging OR MRI OR CT OR ultrasound OR pathology OR histopathology OR ECG OR EEG OR genomics OR proteomics OR bioinformatics OR ""electronic health record"" OR EHR OR drug OR pharmacology)",doi:10.1007/s00339-026-09503-4,Hybrid Quantum-Classical Inverse Design of Metasurfaces for Tailored High Q-factor Response,"Warrier, Sreeraj Rajan, Dontabhaktuni, Jayasri",Applied Physics A,2026-03-26,10.1007/s00339-026-09503-4,"http://link.springer.com/openurl/fulltext?id=doi:10.1007/s00339-026-09503-4, http://link.springer.com/openurl/pdf?id=doi:10.1007/s00339-026-09503-4, http://dx.doi.org/10.1007/s00339-026-09503-4","The inverse design of metasurfaces is challenging due to complex interdependencies between structural parameters and electromagnetic responses, making traditional optimization methods computationally expensive and often suboptimal. This study employs a hybrid quantum-classical machine learning approach, known as the Latent Style-based Quantum GAN (LaSt-QGAN), to perform the inverse design of metasurfaces. This method integrates a Variational Autoencoder (VAE) with a Quantum Generative Adversarial Network (QGAN) to enhance the optimization of metasurface designs aimed at achieving narrow-band absorption. The proposed method results in a 6-fold reduction in training time and a 40-fold decrease in data requirements compared to traditional GAN-based approaches in both simulator and quantum hardware. The produced metasurface designs demonstrated a higher fidelity in relation to the target absorption spectra compared to the classical GAN method considered. Importantly, the proposed model generates metasurface designs with higher Q-factor (Q= $$10^4$$ ) than those trained on (Q= $$10^3$$ ). Additionally, the integration of a material lookup table facilitates manufacturability by allowing the substitution of predicted material properties with viable alternatives, while preserving spectral response.",Article
"(""quantum machine learning"" OR QML OR ""variational quantum"" OR VQC OR QNN OR ""quantum neural network"" OR ""quantum kernel"" OR QSVM OR ""quantum support vector"" OR ""quantum circuit"" OR ""parameterized quantum circuit"" OR PQC OR ""quantum annealing"" OR QAOA OR ""quantum classifier"") AND (medicine OR medical OR healthcare OR clinical OR diagnosis OR prognosis OR radiology OR imaging OR MRI OR CT OR ultrasound OR pathology OR histopathology OR ECG OR EEG OR genomics OR proteomics OR bioinformatics OR ""electronic health record"" OR EHR OR drug OR pharmacology)",doi:10.1038/s41598-026-41647-4,Adaptive intelligent controller for a lower limb rehabilitation robot using QAOA-based online membership optimization,"Abd-Elhaleem, Sameh, El-Garawany, Ahmed Hamdy, El-Brawany, Mohamed",Scientific Reports,2026-03-26,10.1038/s41598-026-41647-4,"https://www.nature.com/articles/s41598-026-41647-4, https://www.nature.com/articles/s41598-026-41647-4.pdf, http://dx.doi.org/10.1038/s41598-026-41647-4","Adaptive control of lower-limb rehabilitation robots is challenging due to the nonlinear dynamics of coupled joints, patient-specific uncertainties, and external disturbances during human–robot interaction. This study presents a hybrid quantum-inspired adaptive intelligent fuzzy control framework for a 3-DOF lower-limb rehabilitation robot. The quantum approximate optimization algorithm (QAOA) is used to tune fuzzy membership function parameters online, while the fuzzy logic controller uses joint position error and its derivative in a closed-loop configuration. Triangular membership functions are adjusted in real time to minimize the integral of squared error. The proposed controller is evaluated through simulations on a nonlinear dynamic model of the robot, including coupled joint interactions and typical disturbances. The results indicate the improvements in trajectory tracking accuracy, disturbance rejection, and energy dissipation compared to conventional fuzzy logic controllers and recent adaptive or reinforcement-learning-based methods. An energy-based analysis combined with Lyapunov stability assessment to confirm the enhanced closed-loop stability, showing faster energy dissipation for the QAOA-optimized fuzzy controller. The results ensure that integrating quantum optimization with fuzzy control can improve robustness and accuracy of rehabilitation robots, effectively handling nonlinearities and patient-specific uncertainties. The study employed Hardware-in-the-Loop testing to prove that the proposed controller achieves its intended performance during actual operation although the system requires ongoing monitoring for any performance-related issues. Results demonstrate that the QAOA-optimized fuzzy controller reduces the integral squared error (ISE) by approximately 96–99%, settling time by 62–63%, and limiting peak overshoot by nearly 75–80% across all considered test systems relative to previously reported controllers.",Article
"(""quantum machine learning"" OR QML OR ""variational quantum"" OR VQC OR QNN OR ""quantum neural network"" OR ""quantum kernel"" OR QSVM OR ""quantum support vector"" OR ""quantum circuit"" OR ""parameterized quantum circuit"" OR PQC OR ""quantum annealing"" OR QAOA OR ""quantum classifier"") AND (medicine OR medical OR healthcare OR clinical OR diagnosis OR prognosis OR radiology OR imaging OR MRI OR CT OR ultrasound OR pathology OR histopathology OR ECG OR EEG OR genomics OR proteomics OR bioinformatics OR ""electronic health record"" OR EHR OR drug OR pharmacology)",doi:10.1007/s43939-026-00612-8,Modeling of deformation twinning in BCC metals via quantum annealing,"dos Santos, Lara Caroline Pereira, Dollmann, Antje, Greiner, Christian, Grüner, Daniel, Le Bouar, Yann, Spatschek, Robert",Discover Materials,2026-03-26,10.1007/s43939-026-00612-8,"http://link.springer.com/openurl/pdf?id=doi:10.1007/s43939-026-00612-8, http://dx.doi.org/10.1007/s43939-026-00612-8","The accurate prediction of microstructures under mechanical stresses is crucial for understanding materials behavior, especially in body-centered cubic (bcc) metals where the deformation phenomena remain elusive. In this work, we introduce a continuum framework, linked to crystallographic considerations and atomistic simulations, to model deformation twinning in bcc systems using quantum annealing. This requires formulation of the problem in terms of the global minimization of an Ising Hamiltonian, with coefficients reflecting the elastic interactions between discretization domains. We perform qualitative comparisons with atomistic simulations and quantitative benchmarking against analytical solutions in well-defined setups, and demonstrate the scalability to larger, polycrystalline specimens, where atomistic methods become prohibitive due to high computational costs, outputting qualitatively similar pictures as experiments. The scale-bridging, quantum annealing based model provides an efficient and novel computational framework for determining equilibrium microstructures in single crystals and polycrystals under mechanical stresses, with emphasis on systems where twinning is a dominant deformation mechanism.",Article
"(""quantum machine learning"" OR QML OR ""variational quantum"" OR VQC OR QNN OR ""quantum neural network"" OR ""quantum kernel"" OR QSVM OR ""quantum support vector"" OR ""quantum circuit"" OR ""parameterized quantum circuit"" OR PQC OR ""quantum annealing"" OR QAOA OR ""quantum classifier"") AND (medicine OR medical OR healthcare OR clinical OR diagnosis OR prognosis OR radiology OR imaging OR MRI OR CT OR ultrasound OR pathology OR histopathology OR ECG OR EEG OR genomics OR proteomics OR bioinformatics OR ""electronic health record"" OR EHR OR drug OR pharmacology)",doi:10.1007/s11128-026-05143-y,On finding PUBO problems on Diophantine equations,"Hernández Cáceres, J. M., Rúa, I. F.",Quantum Information Processing,2026-03-26,10.1007/s11128-026-05143-y,"http://link.springer.com/openurl/fulltext?id=doi:10.1007/s11128-026-05143-y, http://link.springer.com/openurl/pdf?id=doi:10.1007/s11128-026-05143-y, http://dx.doi.org/10.1007/s11128-026-05143-y",We apply a standard encoding technique to reformulate Diophantine equations as polynomial unconstrained binary optimization (PUBO) problems and study their solvability using the quantum approximate optimization algorithm (QAOA).,Article
"(""quantum machine learning"" OR QML OR ""variational quantum"" OR VQC OR QNN OR ""quantum neural network"" OR ""quantum kernel"" OR QSVM OR ""quantum support vector"" OR ""quantum circuit"" OR ""parameterized quantum circuit"" OR PQC OR ""quantum annealing"" OR QAOA OR ""quantum classifier"") AND (medicine OR medical OR healthcare OR clinical OR diagnosis OR prognosis OR radiology OR imaging OR MRI OR CT OR ultrasound OR pathology OR histopathology OR ECG OR EEG OR genomics OR proteomics OR bioinformatics OR ""electronic health record"" OR EHR OR drug OR pharmacology)",doi:10.1007/s11128-026-05133-0,Deep-learning-based continuous attacks on QKD protocols,"Lejeune, Théo, Damanet, François",Quantum Information Processing,2026-03-26,10.1007/s11128-026-05133-0,"http://link.springer.com/openurl/fulltext?id=doi:10.1007/s11128-026-05133-0, http://link.springer.com/openurl/pdf?id=doi:10.1007/s11128-026-05133-0, http://dx.doi.org/10.1007/s11128-026-05133-0","The most important characteristic of a Quantum Key Distribution (QKD) protocol is its security against third-party attacks, and the potential countermeasures available. While new types of attacks are regularly developed in the literature, they rarely involve the use of weak continuous measurement and more specifically machine learning to infer the qubit states. In this paper, we design a new individual attack scheme called deep-learning-based continuous attack (DLCA) that exploits continuous measurement together with the powerful pattern recognition capacities of deep recurrent neural networks. As a minimal model, we present its performances when applied in the case of the BB84 protocol with intrinsic noise in the communication channel. Our results suggest that our attack’s performances lie between the ones of standard intercept-and-resend attacks and of the optimal individual attack, namely the phase-covariant quantum cloner. Our attack scheme demonstrates deep-learning-enhanced quantum state tomography applied to QKD and could be generalized in many different ways, notably in the cases of quantum hacking attacks targeting implementation vulnerabilities that could compromise the security of QKD protocols.",Article
"(""quantum machine learning"" OR QML OR ""variational quantum"" OR VQC OR QNN OR ""quantum neural network"" OR ""quantum kernel"" OR QSVM OR ""quantum support vector"" OR ""quantum circuit"" OR ""parameterized quantum circuit"" OR PQC OR ""quantum annealing"" OR QAOA OR ""quantum classifier"") AND (medicine OR medical OR healthcare OR clinical OR diagnosis OR prognosis OR radiology OR imaging OR MRI OR CT OR ultrasound OR pathology OR histopathology OR ECG OR EEG OR genomics OR proteomics OR bioinformatics OR ""electronic health record"" OR EHR OR drug OR pharmacology)",doi:10.1007/s12046-026-03086-9,A unified key generation accelerator with polynomials sampling and inversion units for post quantum NTRU-HRSS scheme,"Hosmani, Soumya G, Selvakumar, A David, Sekar, K Raja, Divya, B",Sādhanā,2026-03-26,10.1007/s12046-026-03086-9,"http://link.springer.com/openurl/fulltext?id=doi:10.1007/s12046-026-03086-9, http://link.springer.com/openurl/pdf?id=doi:10.1007/s12046-026-03086-9, http://dx.doi.org/10.1007/s12046-026-03086-9","This work presents an integrated area optimized hardware accelerator for generating public and private key pair for $$N^{th}$$ N th degree Truncated polynomial Ring Units (NTRU) based Post Quantum Crypto (PQC) schemes, specifically for HRSS variant with tunable polynomials coefficients generation and sampling, and inversion hardware units. Typically, a key generation scheme is established in software considering the higher hardware resources required to generate polynomials, find inverses, and perform modulo multiplications. The software approach is optimal for one-time or infrequent key generation needs. Accelerating the key generation process by balancing the hardware resources (area) is essential for scenarios where keys are required to be generated dynamically during run-time at various sessions and instances in a resource-constrained environments like Internet of Things (IoT). This work addresses such needs and presents an area-optimized Key Generation hardware unit including tunable polynomial generation and inversion. True Random Number Generator (TRNG) and Linear Feedback Shift Registers (LFSRs) or TRNG and Block Cipher AES based Deterministic Random Binary Generator (CTR-DRBG) or TRNG and SHAKE256 engines along with the coefficients sampling unit generate the input polynomials, providing tunability in the choice of key generator. Constant Time Almost Inverse Algorithm (CT-AIA) based hardware unit does the inversions in $$\mathbb {S}_2$$ S 2 , $$\mathbb {S}_3$$ S 3 , $$\mathbb {R}_2$$ R 2 , and $$\mathbb {R}_3$$ R 3 , Almost Inverse Algorithm (AIA) hardware finds inverses in $$\mathbb {S}_q$$ S q and $$\mathbb {R}_q$$ R q , Montgomery Modular Multipliers (MMMs) perform polynomials multiplications in $$\mathbb {S}_3$$ S 3 and $$\mathbb {R}_q$$ R q for optimizing the area. The bit streams generated by TRNG-LFSRs, TRNG-CTR-DRBG, and TRNG-SHAKE256 which are based on stream-cipher, block-cipher, and hash-function crypto constructs, have been evaluated for entropy with NIST-SP-800-90B tests to ascertain the bit streams are indeed uniformly random and from Independent Identically Distributed (IID) sources. The hardware units for key generation and input polynomial generation have been integrated with a hardware accelerator for NTRU-HRSS701 for encryption / decryption which specifically need inverses in $$\mathbb {S}_3$$ S 3 and $$\mathbb {R}_q$$ R q which in-turn needs in $$\mathbb {S}_2$$ S 2 , validated and tested using known answer test vectors (KAT) for NTRU-HRSS701. We have simulated and implemented the architecture on an FPGA platform, analyzed the results, and validated the outcomes. This work realizes a resource-optimized (area) hardware unit for dynamic key generation in NTRU-HRSS in IoT scenarios. The computational complexity of the key generation unit has been $$O(11N^2 + 4N)$$ O ( 11 N 2 + 4 N ) , dominated by polynomial inversions and multiplications in $$\mathbb {R}_q$$ R q / $$\mathbb {S}_q$$ S q .",Article
"(""quantum machine learning"" OR QML OR ""variational quantum"" OR VQC OR QNN OR ""quantum neural network"" OR ""quantum kernel"" OR QSVM OR ""quantum support vector"" OR ""quantum circuit"" OR ""parameterized quantum circuit"" OR PQC OR ""quantum annealing"" OR QAOA OR ""quantum classifier"") AND (medicine OR medical OR healthcare OR clinical OR diagnosis OR prognosis OR radiology OR imaging OR MRI OR CT OR ultrasound OR pathology OR histopathology OR ECG OR EEG OR genomics OR proteomics OR bioinformatics OR ""electronic health record"" OR EHR OR drug OR pharmacology)",doi:10.1038/s41598-026-45601-2,MAGNet: enhancing action recognition with multimodal fusion and adaptive graph convolution,"Dong, Hui, Zhang, Fengqing, Liu, Chunli, Mu, Lili",Scientific Reports,2026-03-26,10.1038/s41598-026-45601-2,"https://www.nature.com/articles/s41598-026-45601-2.pdf, http://dx.doi.org/10.1038/s41598-026-45601-2","Human action recognition is a key task in computer vision, with widespread applications in virtual reality, intelligent surveillance, and human-computer interaction. Although deep learning methods have made significant progress in this task, existing methods still face challenges, including difficulties in multimodal data fusion, insufficient robustness in complex environments, and a decrease in accuracy when data is missing or modalities are incomplete. To address these challenges, this paper introduces a novel approach by proposing a human action recognition model based on the Multimodal Adaptive Graph Convolutional Network (MAGNet). The core innovation of this work lies in the integration of adaptive graph convolutions and cross-modal self-attention mechanisms to enhance multimodal data fusion. By dynamically adjusting the contribution of each modality, the proposed method addresses the challenge of incomplete data and improves robustness under real-world conditions, such as missing or noisy modalities. Additionally, the incorporation of the VQ-VAE generative model provides an efficient way to handle missing data and generate anatomically consistent pose features, which sets this approach apart from existing methods. Experimental results show that MAGNet achieves state-of-the-art performance on both the NTU RGB+D and UTD-MHAD datasets. Specifically, on the NTU RGB+D dataset, the model achieves 95.2% and 98.8% accuracy on the XSub and XView protocols, respectively, significantly outperforming existing baseline methods. Furthermore, MAGNet demonstrates strong robustness in multimodal data fusion and complex scene adaptation, effectively handling challenges such as occlusion and lighting variation.",Article
"(""quantum machine learning"" OR QML OR ""variational quantum"" OR VQC OR QNN OR ""quantum neural network"" OR ""quantum kernel"" OR QSVM OR ""quantum support vector"" OR ""quantum circuit"" OR ""parameterized quantum circuit"" OR PQC OR ""quantum annealing"" OR QAOA OR ""quantum classifier"") AND (medicine OR medical OR healthcare OR clinical OR diagnosis OR prognosis OR radiology OR imaging OR MRI OR CT OR ultrasound OR pathology OR histopathology OR ECG OR EEG OR genomics OR proteomics OR bioinformatics OR ""electronic health record"" OR EHR OR drug OR pharmacology)",doi:10.1007/s11128-026-05141-0,Multipartite entanglement measure: genuine to absolutely maximally entangled,"Rahul, V., Aravinda, S.",Quantum Information Processing,2026-03-26,10.1007/s11128-026-05141-0,"http://link.springer.com/openurl/fulltext?id=doi:10.1007/s11128-026-05141-0, http://link.springer.com/openurl/pdf?id=doi:10.1007/s11128-026-05141-0, http://dx.doi.org/10.1007/s11128-026-05141-0","Multipartite entanglement is a fundamental aspect of quantum mechanics, playing a crucial role in advancing quantum information processing and quantum computation. Within this field, genuinely multipartite entanglement (GME), which involves entanglement across all bipartitions, and absolutely maximally entangled (AME) states, which exhibit maximal entanglement in all bipartitions, represent two significant types of entanglement with diverse applications. In this work, we introduce a new measure called the GME-AME multipartite entanglement measure, where a non-zero value indicates the presence of GME states, and the maximum value is achieved exclusively by AME states. The proposed measure is applied to study the multipartite entanglement of four-partite systems using operator to state mapping. Various classes of four-party states, including those constructed from diagonal unitary operators and permutation operators, are analyzed in detail for their entanglement structures. Additionally, four-partite qubit and qutrit states are classified according to the measure. Our results demonstrate that the proposed measure is robust in classifying four-partite entangled states.",Article
"(""quantum machine learning"" OR QML OR ""variational quantum"" OR VQC OR QNN OR ""quantum neural network"" OR ""quantum kernel"" OR QSVM OR ""quantum support vector"" OR ""quantum circuit"" OR ""parameterized quantum circuit"" OR PQC OR ""quantum annealing"" OR QAOA OR ""quantum classifier"") AND (medicine OR medical OR healthcare OR clinical OR diagnosis OR prognosis OR radiology OR imaging OR MRI OR CT OR ultrasound OR pathology OR histopathology OR ECG OR EEG OR genomics OR proteomics OR bioinformatics OR ""electronic health record"" OR EHR OR drug OR pharmacology)",doi:10.1007/s11227-026-08441-5,A privacy-preserving scheme for iot healthcare systems using blockchain and lattice-based cryptography,"Louassef, Bouchra Rekia, Chikouche, Noureddine, Mrabet, Hichem, Belguith, Sana",The Journal of Supercomputing,2026-03-25,10.1007/s11227-026-08441-5,"http://link.springer.com/openurl/fulltext?id=doi:10.1007/s11227-026-08441-5, http://link.springer.com/openurl/pdf?id=doi:10.1007/s11227-026-08441-5, http://dx.doi.org/10.1007/s11227-026-08441-5","Smart healthcare applications have received extensive attention thanks to their benefits to patients and medical organizations. These systems often rely on IoT devices combined with cloud computing to enable timely, continuous monitoring of health data. However, securing and ensuring privacy in healthcare IoT systems while maintaining performance standards is a significant research challenge. In this paper, we propose a novel IoT-based healthcare system (HIoT) that combines Blockchain technology to enhance the security and privacy of peer-to-peer IoT networks, and lattice-based cryptography to safeguard users’ privacy and data security against emerging threats posed by quantum computing. The proposed system relies on parallel and distributed processing for concurrent cryptographic operations, decentralized storage, and blockchain transaction validation across edge and consortium nodes. As the number of devices, users, and transactions increases, the system must meet the demands for scalability, concurrency, and low-latency processing. The proposed solution achieves computational and energy efficiency, making it easy to implement on resource-constrained devices. Additionally, our solution achieves robust data security, making doctors’ diagnoses or HIoT data deletion or tampering highly challenging and offers detailed permission settings to guarantee that only authorized entities can access and utilize the encrypted data.",Article
"(""quantum machine learning"" OR QML OR ""variational quantum"" OR VQC OR QNN OR ""quantum neural network"" OR ""quantum kernel"" OR QSVM OR ""quantum support vector"" OR ""quantum circuit"" OR ""parameterized quantum circuit"" OR PQC OR ""quantum annealing"" OR QAOA OR ""quantum classifier"") AND (medicine OR medical OR healthcare OR clinical OR diagnosis OR prognosis OR radiology OR imaging OR MRI OR CT OR ultrasound OR pathology OR histopathology OR ECG OR EEG OR genomics OR proteomics OR bioinformatics OR ""electronic health record"" OR EHR OR drug OR pharmacology)",doi:10.1038/s41598-026-45038-7,Training the parametric interactions in an analog bosonic quantum neural network with Fock basis measurement,"Dudas, Julien, Carles, Baptiste, Gouzien, Elie, Grollier, Julie, Marković, Danijela",Scientific Reports,2026-03-25,10.1038/s41598-026-45038-7,"https://www.nature.com/articles/s41598-026-45038-7.pdf, http://dx.doi.org/10.1038/s41598-026-45038-7","Quantum neural networks promise to extend the power of machine learning into the quantum domain, with potential applications ranging from automatic recognition of quantum states to the control of quantum devices. However, their physical implementation and training remain challenging. In particular, the backpropagation algorithm that underpins the efficiency of classical neural networks cannot generally be applied to large quantum systems, as nonlinear quantum dynamics are not efficiently simulable. Instead, variational quantum circuits typically rely on parameter-shift rules or sampling-based gradient estimation. Here we propose a bosonic quantum neural network based on parametrically coupled Gaussian modes. Although the underlying quantum dynamics are linear, nonlinear output features are generated through Fock-basis measurements. Because Gaussian evolution can be efficiently simulated in the Heisenberg representation, the system admits gradient-based optimization by differentiating a classical model of the dynamics, while the forward evolution itself could be implemented on quantum hardware. This hybrid approach enables end-to-end training of physically meaningful parameters without requiring gradient extraction from the experimental device. Such architectures are naturally compatible with circuit quantum electrodynamics platforms featuring tunable parametric couplers, as well as integrated photonic systems with engineered $$\chi$$ (2) or $$\chi$$ (3) nonlinearities. Our results demonstrate that linear bosonic networks combined with nonlinear measurement provide a scalable and trainable route toward experimentally realizable quantum neural networks.",Article
"(""quantum machine learning"" OR QML OR ""variational quantum"" OR VQC OR QNN OR ""quantum neural network"" OR ""quantum kernel"" OR QSVM OR ""quantum support vector"" OR ""quantum circuit"" OR ""parameterized quantum circuit"" OR PQC OR ""quantum annealing"" OR QAOA OR ""quantum classifier"") AND (medicine OR medical OR healthcare OR clinical OR diagnosis OR prognosis OR radiology OR imaging OR MRI OR CT OR ultrasound OR pathology OR histopathology OR ECG OR EEG OR genomics OR proteomics OR bioinformatics OR ""electronic health record"" OR EHR OR drug OR pharmacology)",doi:10.1038/s44335-026-00060-w,A compact digital compute-in-memory Ising annealer with probabilistic SRAM bit in 28 nm for travelling salesman problem,"Kong, Yuyao, Lu, Anni, Liu, Haomei, Garg, Vaidehi, Wahabzada, Roham, Li, Hai, Young, Ian, Yu, Shimeng",npj Unconventional Computing,2026-03-25,10.1038/s44335-026-00060-w,"https://www.nature.com/articles/s44335-026-00060-w, https://www.nature.com/articles/s44335-026-00060-w.pdf, http://dx.doi.org/10.1038/s44335-026-00060-w","Combinatorial optimization problems (COPs) are critical to applications across logistics, VLSI design, and scientific discovery, yet remain challenging due to their NP-hard nature. Ising model-based annealers have emerged as promising candidates for solving COPs through probabilistic computing. However, CMOS-based Ising implementations still face barriers in scalability, energy efficiency, and hardware cost. This work presents a compact digital compute-in-memory (DCIM) Ising annealer that overcomes these limitations through several co-optimized algorithm-hardware innovations. A hierarchical clustering approach and a compact weight mapping scheme are introduced to reduce the required hardware cost. Furthermore, we utilize intrinsic process variations in SRAM bitcells to generate random probabilistic bits via pseudo-read operations, enabling an area- and energy-efficient realization of the annealing process without additional random number generators. The fabricated chip, implemented in 28 nm CMOS and featuring a 6 Kb DCIM SRAM array, successfully solves 96-city Traveling Salesman Problem (TSP) instances with time-to-solution of 620 µs and energy consumption of 961 nJ. Compared to prior hardware-based TSP solvers, our solution achieves a 15× to 572× improvement in the hardware cost ratio, validating the effectiveness of our architecture. This work demonstrates the feasibility of large-scale, real-time, and low-cost Ising annealing for combinatorial optimization on digital CMOS platforms.",Article
"(""quantum machine learning"" OR QML OR ""variational quantum"" OR VQC OR QNN OR ""quantum neural network"" OR ""quantum kernel"" OR QSVM OR ""quantum support vector"" OR ""quantum circuit"" OR ""parameterized quantum circuit"" OR PQC OR ""quantum annealing"" OR QAOA OR ""quantum classifier"") AND (medicine OR medical OR healthcare OR clinical OR diagnosis OR prognosis OR radiology OR imaging OR MRI OR CT OR ultrasound OR pathology OR histopathology OR ECG OR EEG OR genomics OR proteomics OR bioinformatics OR ""electronic health record"" OR EHR OR drug OR pharmacology)",doi:10.1038/s41524-026-02048-3,Incorporating long-range interactions via the multipole expansion into ground and excited-state molecular simulations,"Barrett, Rhyan, Dietschreit, Johannes C. B., Westermayr, Julia",npj Computational Materials,2026-03-25,10.1038/s41524-026-02048-3,"https://www.nature.com/articles/s41524-026-02048-3, https://www.nature.com/articles/s41524-026-02048-3.pdf, http://dx.doi.org/10.1038/s41524-026-02048-3","Simulating long-range interactions remains a significant challenge for molecular machine learning (ML) potentials due to the need to accurately capture interactions over large spatial regions. In this work, we integrate the multipole expansion into equivariant ML potentials to model long-range interactions present in QM/MM simulations more accurately. By incorporating the multipole expansion, we are able to effectively capture environmental long-range effects in both ground and excited states. Benchmark evaluations demonstrate the superior performance of including higher-order features from atoms in the environment. To showcase the efficacy of our model, we accurately predict properties such as energies and forces for nickel complex systems and simulate the nonadiabatic excited-state dynamics of a ring-opening reaction in solution. Furthermore, we show that transfer learning from foundational models trained without any explicit environment enhances data efficiency, reducing the need to generate large QM/MM datasets before training. These examples demonstrate the versatility of our approach, paving the way for efficient, accurate, and scalable simulations of complex molecular systems and materials across electronic states.",Article
"(""quantum machine learning"" OR QML OR ""variational quantum"" OR VQC OR QNN OR ""quantum neural network"" OR ""quantum kernel"" OR QSVM OR ""quantum support vector"" OR ""quantum circuit"" OR ""parameterized quantum circuit"" OR PQC OR ""quantum annealing"" OR QAOA OR ""quantum classifier"") AND (medicine OR medical OR healthcare OR clinical OR diagnosis OR prognosis OR radiology OR imaging OR MRI OR CT OR ultrasound OR pathology OR histopathology OR ECG OR EEG OR genomics OR proteomics OR bioinformatics OR ""electronic health record"" OR EHR OR drug OR pharmacology)",doi:10.1038/s41598-026-45279-6,TRACER: a reliability-first GemNet baseline for trustworthy computational materials discovery,"Datta, Gourab, Sharif, Sarah, Banad, Yaser",Scientific Reports,2026-03-25,10.1038/s41598-026-45279-6,"https://www.nature.com/articles/s41598-026-45279-6.pdf, http://dx.doi.org/10.1038/s41598-026-45279-6","Computational materials discovery is increasingly driven by graph neural networks (GNNs); however, deployment is constrained by uncertain robustness and inadequately validated uncertainty quantification (UQ). The ALIGNN, MACE, and Open Catalyst models have made strides, but there is still no standardized framework for reproducibility, fairness, and dependability. We introduce Transparent and Reliable Accuracy, Confidence, and Error Ranking (TRACER), a comprehensive, transparent, and repeatable reliability-first pipeline built on a GemNet-based Graph Neural Network (GNN). Using a held-out test set investigate robustness via sensitivity to graph cutoff, architectural depth, and training-data fraction. Achieving competitive accuracy, single GemNet model records a Mean Absolute Error (MAE) of 0.0370 eV $$\textrm{atom}^{-1}$$ on JARVIS-DFT, representing a 25.8% reduction in MAE compared to an identical split ALIGNN baseline. UQ benchmarking demonstrates that deep ensembles provide informative uncertainty estimates that strongly correlate with error, proving superior for “hard-case” identification and triage. We also present valuable negative results: FiLM-based domain adaptation provides no significant benefit on this single-domain task, and a material-aware “Gate-Hard” heuristic is outperformed by simple variance-only ranking for identifying high-error cases. The framework offers substantial operational utility, demonstrating F1 score of 0.378 (N=3 ensemble, 20% budget) compared to 0.325 for random selection in capturing high-error cases compared to random selection when working with tight computational budgets. Confirmed by generalization to Matbench Perovskites, TRACER provides reproducible and confidence-aware computational materials discovery, as well as a strong predictor.",Article
"(""quantum machine learning"" OR QML OR ""variational quantum"" OR VQC OR QNN OR ""quantum neural network"" OR ""quantum kernel"" OR QSVM OR ""quantum support vector"" OR ""quantum circuit"" OR ""parameterized quantum circuit"" OR PQC OR ""quantum annealing"" OR QAOA OR ""quantum classifier"") AND (medicine OR medical OR healthcare OR clinical OR diagnosis OR prognosis OR radiology OR imaging OR MRI OR CT OR ultrasound OR pathology OR histopathology OR ECG OR EEG OR genomics OR proteomics OR bioinformatics OR ""electronic health record"" OR EHR OR drug OR pharmacology)",doi:10.1038/s41598-026-36998-x,TTEA: designing a quantum-ready and energy-conscious encryption model for secure IoT environments,"Abdelaal, Mahmoud A., Moustafa, Abdellatif I., Saleh, H., Afifi, Mohamed Yasin I.",Scientific Reports,2026-03-25,10.1038/s41598-026-36998-x,"https://www.nature.com/articles/s41598-026-36998-x, https://www.nature.com/articles/s41598-026-36998-x.pdf, http://dx.doi.org/10.1038/s41598-026-36998-x","The proliferation of resource-constrained IoT devices has intensified the conflict between robust security requirements and hardware limitations. Conventional lightweight encryption algorithms (e.g., TEA, Speck) often fail to resolve this tension, exhibiting known cryptanalytic vulnerabilities while imposing excessive computational and energy overhead. This paper presents the Two-Stage Encryption Approach (TTEA), an innovative cryptographic framework optimized for IoT ecosystems. TTEA incorporates a $$20 \times 20$$ bit-sliced S-box as a non-linear substitution layer to ensure high diffusion and resistance to differential attacks, together with an adaptive key scheduling mechanism that dynamically adjusts computational complexity based on device power states. Evaluation on standard IoT platforms such as ESP32 and Raspberry Pi demonstrates that TTEA reduces energy consumption by 39% compared to TEA, lowers memory requirements by 40%, and achieves 20% faster execution speeds. Security analysis confirms an avalanche effect of 48.5% and near-ideal ciphertext entropy (7.98 bits for 128B packets). Furthermore, TTEA shows resilience against differential and linear cryptanalysis, side-channel attacks, and quantum threats when integrated with CRYSTALS-Kyber for post-quantum key exchange. By bridging the gap between post-quantum security and energy efficiency, TTEA offers a validated solution for modern IoT deployments.",Article
"(""quantum machine learning"" OR QML OR ""variational quantum"" OR VQC OR QNN OR ""quantum neural network"" OR ""quantum kernel"" OR QSVM OR ""quantum support vector"" OR ""quantum circuit"" OR ""parameterized quantum circuit"" OR PQC OR ""quantum annealing"" OR QAOA OR ""quantum classifier"") AND (medicine OR medical OR healthcare OR clinical OR diagnosis OR prognosis OR radiology OR imaging OR MRI OR CT OR ultrasound OR pathology OR histopathology OR ECG OR EEG OR genomics OR proteomics OR bioinformatics OR ""electronic health record"" OR EHR OR drug OR pharmacology)",doi:10.1038/s41467-026-69186-6,High-speed graphene-based sub-terahertz receivers enabling wireless communications for 6G and beyond,"Soundarapandian, Karuppasamy Pandian, Castilla, Sebastián, Koepfli, Stefan M., Marconi, Simone, Kulmer, Laurenz, Vangelidis, Ioannis, Bastida, Ronny de la, Rongione, Enzo, Terrés, Bernat, Tongay, Seth Ariel, Watanabe, Kenji, Taniguchi, Takashi, Lidorikis, Elefterios, Tielrooij, Klaas-Jan, Leuthold, Juerg, Koppens, Frank H. L.",Nature Communications,2026-03-25,10.1038/s41467-026-69186-6,"https://www.nature.com/articles/s41467-026-69186-6, https://www.nature.com/articles/s41467-026-69186-6.pdf, http://dx.doi.org/10.1038/s41467-026-69186-6","Wireless data traffic has grown at an unprecedented rate, creating an urgent need for innovative solutions to overcome current technological limitations. Sub-terahertz (sub-THz) carrier frequencies offer increased capacity and low attenuation for short-range wireless applications. Here, we demonstrate sub-THz receivers based on graphene, which offer several advantages over state-of-the-art sub-THz receivers, such as a direct detection scheme, passive operation, and compactness. We exploit multiple concepts incorporated into a single device, including a high-quality sub-THz cavity placed in the vicinity of a high-mobility graphene channel to overcome its intrinsically low absorption. The graphene receivers achieve a multigigabit-per-second data rate with a maximum distance of ~ 3 m from the transmitter. We demonstrate a trade-off between bandwidth and responsivity: a setup-limited 40 GHz bandwidth in low-responsivity devices, and a maximum responsivity of 0.16 A/W in devices with a 2 GHz bandwidth. Our findings enable applications such as chip-to-chip communication and close-proximity device-to-device communication. The authors showcase graphene based sub THz receivers that achieve multigigabit per second data rates over ~ 3 m and reveal a bandwidth-sensitivity trade off, advancing short range and chip to chip communication technologies.",Article
"(""quantum machine learning"" OR QML OR ""variational quantum"" OR VQC OR QNN OR ""quantum neural network"" OR ""quantum kernel"" OR QSVM OR ""quantum support vector"" OR ""quantum circuit"" OR ""parameterized quantum circuit"" OR PQC OR ""quantum annealing"" OR QAOA OR ""quantum classifier"") AND (medicine OR medical OR healthcare OR clinical OR diagnosis OR prognosis OR radiology OR imaging OR MRI OR CT OR ultrasound OR pathology OR histopathology OR ECG OR EEG OR genomics OR proteomics OR bioinformatics OR ""electronic health record"" OR EHR OR drug OR pharmacology)",doi:10.1007/JHEP03(2026)237,Large-charge Rényi entropy,"Watanabe, Masataka",Journal of High Energy Physics,2026-03-25,10.1007/JHEP03(2026)237,"http://link.springer.com/openurl/fulltext?id=doi:10.1007/JHEP03(2026)237, http://link.springer.com/openurl/pdf?id=doi:10.1007/JHEP03(2026)237, http://dx.doi.org/10.1007/JHEP03(2026)237","The charged (symmetry-resolved) vacuum Rényi entanglement entropy on a disk is computed in the limit of large U(1) global charge for any Rényi index. We show that it behaves universally for a broad class of conformal field theories including the O (2) Wilson-Fisher fixed-point, by using the effective field theory at large global charge. The result establishes one of the first concrete computations of entanglement quantities in strongly-coupled field theories.",Article
"(""quantum machine learning"" OR QML OR ""variational quantum"" OR VQC OR QNN OR ""quantum neural network"" OR ""quantum kernel"" OR QSVM OR ""quantum support vector"" OR ""quantum circuit"" OR ""parameterized quantum circuit"" OR PQC OR ""quantum annealing"" OR QAOA OR ""quantum classifier"") AND (medicine OR medical OR healthcare OR clinical OR diagnosis OR prognosis OR radiology OR imaging OR MRI OR CT OR ultrasound OR pathology OR histopathology OR ECG OR EEG OR genomics OR proteomics OR bioinformatics OR ""electronic health record"" OR EHR OR drug OR pharmacology)",doi:10.1007/s10836-026-06223-8,Optimized QCA-Based SRAM Cell Using a D-latch: Design and Performance Analysis,"Tripathi, Abhinav, Mishra, G. R., Srivastava, Geetika, Singh, Sachin, Dubey, Vandana",Journal of Electronic Testing,2026-03-25,10.1007/s10836-026-06223-8,"http://link.springer.com/openurl/fulltext?id=doi:10.1007/s10836-026-06223-8, http://link.springer.com/openurl/pdf?id=doi:10.1007/s10836-026-06223-8, http://dx.doi.org/10.1007/s10836-026-06223-8","The growing demand for high-speed and energy-efficient computation has motivated the exploration of alternatives to conventional very-large-scale integration (VLSI) technologies. Quantum-dot Cellular Automata (QCA) is a promising nanotechnology that addresses the scaling and power limitations of complementary metal–oxide–semiconductor (CMOS) technology while offering higher device density and lower energy dissipation. This paper proposes an optimized QCA-based D-latch and its application in the design of an efficient static random-access memory (SRAM) cell. The proposed D-latch achieves a 33% reduction in area–delay cost (ADC), a 75% improvement in quantum-specific cost (QSC), and a 43% reduction in energy dissipation compared with recent QCA-based D-latch designs. Leveraging this architecture, the developed SRAM cell demonstrates a 41% improvement in QSC, a 5% reduction in ADC, a 5% reduction in quantum cost, and a 79% reduction in energy dissipation relative to the latest reported SRAM cell designs. All QCA circuits are designed and functionally verified using QCADesigner 2.0.3, and energy analysis is performed with the QCADesigner-E platform. The results confirm that the proposed designs significantly enhance efficiency and power performance, making them suitable for next-generation nanoscale computing applications.",Article
"(""quantum machine learning"" OR QML OR ""variational quantum"" OR VQC OR QNN OR ""quantum neural network"" OR ""quantum kernel"" OR QSVM OR ""quantum support vector"" OR ""quantum circuit"" OR ""parameterized quantum circuit"" OR PQC OR ""quantum annealing"" OR QAOA OR ""quantum classifier"") AND (medicine OR medical OR healthcare OR clinical OR diagnosis OR prognosis OR radiology OR imaging OR MRI OR CT OR ultrasound OR pathology OR histopathology OR ECG OR EEG OR genomics OR proteomics OR bioinformatics OR ""electronic health record"" OR EHR OR drug OR pharmacology)",doi:10.1140/epjqt/s40507-026-00493-z,BB84 a new hope enhanced QKD for secure email communication with additional quantum gates,"R S, Shiiv, Senthilkumar, Yuven, Karthick, V.",EPJ Quantum Technology,2026-03-24,10.1140/epjqt/s40507-026-00493-z,"https://www.biomedcentral.com/openurl?doi=10.1140/epjqt/s40507-026-00493-z, https://www.biomedcentral.com/openurl/pdf?id=doi:10.1140/epjqt/s40507-026-00493-z, http://dx.doi.org/10.1140/epjqt/s40507-026-00493-z","The imminent realization of fault-tolerant quantum computing presents an existential threat to the cryptographic foundations of the modern digital economy. Algorithms such as Shor’s and Grover’s are poised to dismantle classical public-key encryption schemes like RSA (Shor in SIAM Rev. 41:303–332, 1999 ) and Elliptic Curve Cryptography (ECC) by solving integer factorization and discrete logarithm problems in polynomial time (Grover in A fast quantum mechanical algorithm for database search, 1996 , arXiv [quant-ph]). This vulnerability endangers critical infrastructures, particularly secure email correspondence, which remains a primary vector for sensitive data exchange. Traditional defenses are proving inadequate against the “harvest now, decrypt later” strategies employed by sophisticated adversaries who stockpile encrypted traffic in anticipation of Q-Day (Venkatesh et al. in J. Sci. Eng. Technol. Manag. Sci. 2:567–577, 2025 ). Against this backdrop, this research introduces BB8-4, an enhanced Quantum Key Distribution (QKD) protocol specifically designed for secure email environments. The protocol advances the standard BB84 paradigm through two distinct innovations: the integration of a Hyper-Entropic 7-Gate State Preparation mechanism and an AI-Driven Dynamic Basis Selection engine. Unlike traditional implementations that rely on a limited two-basis set, BB8-4 incorporates an expanded library of quantum gates - specifically Identity (I), Hadamard (H), Pauli-X, Pauli-Y, Pauli-Z, Phase (S), and the non-Clifford π / 8 $\pi /8$ gate (T) - to fundamentally augment the indistinguishability and Von Neumann entropy of the transmitted quantum states. This “7-gate” approach forces an eavesdropper into a higher-dimensional guessing space, significantly degrading the information gain from intercept-resend attacks and raising the disturbance threshold required for detection. Furthermore, the protocol addresses the inherent 50% sifting inefficiency of standard QKD by employing a synchronized Deep Reinforcement Learning (DRL) agent to predict and align measurement bases between Alice and Bob without public disclosure (Kaldari et al. in Quantum reinforcement learning: Recent advances and future directions, 2025 , arXiv [quant-ph]).",Article
"(""quantum machine learning"" OR QML OR ""variational quantum"" OR VQC OR QNN OR ""quantum neural network"" OR ""quantum kernel"" OR QSVM OR ""quantum support vector"" OR ""quantum circuit"" OR ""parameterized quantum circuit"" OR PQC OR ""quantum annealing"" OR QAOA OR ""quantum classifier"") AND (medicine OR medical OR healthcare OR clinical OR diagnosis OR prognosis OR radiology OR imaging OR MRI OR CT OR ultrasound OR pathology OR histopathology OR ECG OR EEG OR genomics OR proteomics OR bioinformatics OR ""electronic health record"" OR EHR OR drug OR pharmacology)",doi:10.1007/s11227-026-08392-x,Enhancing AI explainability through meta-learning and association rule mining for feature selection in cybersecurity,"Mallo-Fernández, Lucía, DeCastro-García, Noemí",The Journal of Supercomputing,2026-03-24,10.1007/s11227-026-08392-x,"http://link.springer.com/openurl/fulltext?id=doi:10.1007/s11227-026-08392-x, http://link.springer.com/openurl/pdf?id=doi:10.1007/s11227-026-08392-x, http://dx.doi.org/10.1007/s11227-026-08392-x","Explainable artificial intelligence provides a framework to ensure fairness, reduce bias, and improve machine learning models. However, explainability should not only appear in the model’s outputs but also assist experts in understanding the entire learning process. It enables easier model verification and helps identify relationships learned during training. This study introduces a feature selection approach based on a novel integration of association rule mining and meta-learning, designed to enhance both transparency and performance. We conducted a case study using the UNSW-NB15 dataset combining traditional feature selection techniques with association rule mining to identify additional interpretable features, yielding high predictive performance. The resulting minimal feature subset consists of four features achieving better performance compared to previous studies. Results demonstrate the potential of combining supervised, unsupervised, and interpretable methods to build an explainable meta-learning layer for feature recommendation, contributing to efficient, scalable, and transparent intelligent systems aligned with modern high-performance computing paradigms.",Article
"(""quantum machine learning"" OR QML OR ""variational quantum"" OR VQC OR QNN OR ""quantum neural network"" OR ""quantum kernel"" OR QSVM OR ""quantum support vector"" OR ""quantum circuit"" OR ""parameterized quantum circuit"" OR PQC OR ""quantum annealing"" OR QAOA OR ""quantum classifier"") AND (medicine OR medical OR healthcare OR clinical OR diagnosis OR prognosis OR radiology OR imaging OR MRI OR CT OR ultrasound OR pathology OR histopathology OR ECG OR EEG OR genomics OR proteomics OR bioinformatics OR ""electronic health record"" OR EHR OR drug OR pharmacology)",doi:10.1140/epjqt/s40507-026-00498-8,Enhancing Quantum Key Distribution via McEliece-based hybrid PQC-QKD architecture,"Maned, Veeresh R., Rath, Satyabrat, Ramalingam, Jothi, Kuppusamy, Lakshmi",EPJ Quantum Technology,2026-03-24,10.1140/epjqt/s40507-026-00498-8,"https://www.biomedcentral.com/openurl?doi=10.1140/epjqt/s40507-026-00498-8, https://www.biomedcentral.com/openurl/pdf?id=doi:10.1140/epjqt/s40507-026-00498-8, http://dx.doi.org/10.1140/epjqt/s40507-026-00498-8","Quantum Key Distribution (QKD) offers information-theoretic security; however, its practicality is limited by an inherently low secret key rate. In this work, we propose a cryptographic enhancement of QKD by incorporating post-quantum public key encryption, namely Classic McEliece. We propose a novel hybrid PQC-QKD protocol named BBM that employs QC-LDPC based McEliece cryptosystem to encrypt the basis string in QKD, thereby skipping the sifting step and consequently improving the secret key rate. We only need to assume the short-term security of the McEliece cryptosystem during the protocol run to achieve the everlasting security of the distilled keys. Our analysis demonstrates that this integration not only enhances the achievable secret key rate by ∼ 2 × $\sim 2\times $ in the BB84 protocol but also provides resistance against photon number splitting attack, and inherits a fallback mechanism in its design. This marks a significant improvement in terms of efficiency, security, and reliability over conventional BB84-like QKD protocols.",Article
"(""quantum machine learning"" OR QML OR ""variational quantum"" OR VQC OR QNN OR ""quantum neural network"" OR ""quantum kernel"" OR QSVM OR ""quantum support vector"" OR ""quantum circuit"" OR ""parameterized quantum circuit"" OR PQC OR ""quantum annealing"" OR QAOA OR ""quantum classifier"") AND (medicine OR medical OR healthcare OR clinical OR diagnosis OR prognosis OR radiology OR imaging OR MRI OR CT OR ultrasound OR pathology OR histopathology OR ECG OR EEG OR genomics OR proteomics OR bioinformatics OR ""electronic health record"" OR EHR OR drug OR pharmacology)",doi:10.1007/JHEP03(2026)232,Hayden-Preskill model via local quenches,"Mao, Weibo, Takayanagi, Tadashi",Journal of High Energy Physics,2026-03-24,10.1007/JHEP03(2026)232,"http://link.springer.com/openurl/fulltext?id=doi:10.1007/JHEP03(2026)232, http://link.springer.com/openurl/pdf?id=doi:10.1007/JHEP03(2026)232, http://dx.doi.org/10.1007/JHEP03(2026)232","We model the Hayden-Preskill (HP) information recovery protocol in 2d CFTs via local joining quenches. Euclidean path integrals with slits prepare the HP subsystems: the message M , its reference N , the Page-time black hole B , the early radiation E , and the late radiation R ; the remaining black hole after emitting R is denoted as B ^′. The single-slit geometry provides an analytically tractable toy model, while the bounded-slit geometry more closely captures the HP setup. In the free Dirac fermion 2d CFT, the mutual information I ( N : B ^′) shows quasi-particle dynamics with partial or full revivals, whereas that in holographic 2d CFTs, which are expected to be maximally chaotic, exhibits sharp transitions: in the bounded-slit case, when the size of the late radiation becomes comparable to that of the reference N , I ( N : B ^′) vanishes at late time, otherwise it remains finite. This contrast between free CFTs and holographic CFTs gives a clear characterization of the HP recovery threshold.",Article
"(""quantum machine learning"" OR QML OR ""variational quantum"" OR VQC OR QNN OR ""quantum neural network"" OR ""quantum kernel"" OR QSVM OR ""quantum support vector"" OR ""quantum circuit"" OR ""parameterized quantum circuit"" OR PQC OR ""quantum annealing"" OR QAOA OR ""quantum classifier"") AND (medicine OR medical OR healthcare OR clinical OR diagnosis OR prognosis OR radiology OR imaging OR MRI OR CT OR ultrasound OR pathology OR histopathology OR ECG OR EEG OR genomics OR proteomics OR bioinformatics OR ""electronic health record"" OR EHR OR drug OR pharmacology)",doi:10.1007/JHEP03(2026)226,A thermofield-double model of Uhlmann’s anholonomy,"Lévay, Péter, Velich, Csaba",Journal of High Energy Physics,2026-03-24,10.1007/JHEP03(2026)226,"http://link.springer.com/openurl/fulltext?id=doi:10.1007/JHEP03(2026)226, http://link.springer.com/openurl/pdf?id=doi:10.1007/JHEP03(2026)226, http://dx.doi.org/10.1007/JHEP03(2026)226",Recently it has been shown that certain aspects of changing states in holography can be studied by considering the Berry Phase properties of simple entangled qubit systems. In this context the term wormhole quantum mechanics has been coined. In particular an interesting interplay between entanglement and Berry Phase was found. Here we present a mixed state generalization of this connection illustrated for a simple parametrized family of entangled quantum systems in the thermofield double state. Our state is purifying two subsystems dubbed the left and the right ones and evolves in a purely geometric manner based on a parallel transport condition due to Uhlmann. We show that different interpretations of this evolution relative to observers either coupled to the left or to the right exist. When the evolution on say the left manifests itself via local operations of non-unitary optimal measurements then on the right the evolutionary steps are organized into a sequence of unitary operations of a holonomic quantum computation. For closed curves featuring geodesic segments with respect to the Bures metric we calculate the anholonomy of Uhlmann’s connection which turns out to be related to the one of higher dimensional instantons. The initial and final states are having the same entanglement but different Uhlman’s Phase. We show that by conducting an interference experiment one can observe the physical effects of the resulting anholonomic quantum computation. The consequences of our findings in the holographic context are discussed.,Article
"(""quantum machine learning"" OR QML OR ""variational quantum"" OR VQC OR QNN OR ""quantum neural network"" OR ""quantum kernel"" OR QSVM OR ""quantum support vector"" OR ""quantum circuit"" OR ""parameterized quantum circuit"" OR PQC OR ""quantum annealing"" OR QAOA OR ""quantum classifier"") AND (medicine OR medical OR healthcare OR clinical OR diagnosis OR prognosis OR radiology OR imaging OR MRI OR CT OR ultrasound OR pathology OR histopathology OR ECG OR EEG OR genomics OR proteomics OR bioinformatics OR ""electronic health record"" OR EHR OR drug OR pharmacology)",doi:10.1007/s00202-026-03559-4,Integrated stability analysis and machine learning-based fault identification in microgrids during coupling operations and load effects,"Shukla, Rakesh Rajan, Panda, Anup Kumar, Garg, Man Mohan, Tripathy, Rajesh Kumar",Electrical Engineering,2026-03-24,10.1007/s00202-026-03559-4,"http://link.springer.com/openurl/fulltext?id=doi:10.1007/s00202-026-03559-4, http://link.springer.com/openurl/pdf?id=doi:10.1007/s00202-026-03559-4, http://dx.doi.org/10.1007/s00202-026-03559-4","DC microgrids (DCMGs) are becoming very popular nowadays due to the number of advantages related to them compared to the existing AC systems. However, with the number of sources connected through power electronic converters in the DCMGs, maintaining the system’s stability is a tough challenge, especially when the system operates during the coupling mode. Hence, before DCMG is coupled, the resultant system stability must be guaranteed. This work proposes a novel system matrix for the resultant system, which does not require complete rebuilding when any new source is added. Furthermore, stability analysis of each source is presented by developing its transfer function and then using the eigenvalue method. Analysis of the proposed system is done by including line-to-ground and line-to-line faults under different loading conditions. Following the stability analysis, the machine learning techniques such as support vector machine (SVM), multilayer perceptron (MLP), cross-gradient boosting machine (XGBoost), and light gradient boosting machine (LGBM) with input features as voltage, current, power, and resistance values are utilized for the automated fault identification in two operational conditions such as isolated microgrid (MG) and integrated MG, respectively. The results reveal that the gradient boosting models have obtained the accuracy values of 98% which is higher than other machine learning techniques, such as SVM and MLP models, for recognizing faults in both MG conditions. The proposed approach provides a robust framework by combining the stability analysis and automated fault identification under variable conditions with load effect in MGs.",Article
"(""quantum machine learning"" OR QML OR ""variational quantum"" OR VQC OR QNN OR ""quantum neural network"" OR ""quantum kernel"" OR QSVM OR ""quantum support vector"" OR ""quantum circuit"" OR ""parameterized quantum circuit"" OR PQC OR ""quantum annealing"" OR QAOA OR ""quantum classifier"") AND (medicine OR medical OR healthcare OR clinical OR diagnosis OR prognosis OR radiology OR imaging OR MRI OR CT OR ultrasound OR pathology OR histopathology OR ECG OR EEG OR genomics OR proteomics OR bioinformatics OR ""electronic health record"" OR EHR OR drug OR pharmacology)",doi:10.1007/s11128-026-05132-1,Quantum phases classification using quantum machine learning with SHAP-driven feature selection,"Franco, Giovanni S., Mahlow, Felipe, Prado, Pedro M., Pexe, Guilherme E. L., Rattighieri, Lucas A. M., Fanchini, Felipe F.",Quantum Information Processing,2026-03-23,10.1007/s11128-026-05132-1,"http://link.springer.com/openurl/fulltext?id=doi:10.1007/s11128-026-05132-1, http://link.springer.com/openurl/pdf?id=doi:10.1007/s11128-026-05132-1, http://dx.doi.org/10.1007/s11128-026-05132-1","We introduce a novel methodology for the classification of quantum phases within the ANNNI (axial next-nearest-neighbor Ising) model by employing quantum machine learning (QML) techniques in conjunction with the Shapley additive explanations (SHAP) algorithm for effective feature selection. The study is centered on two eminent quantum algorithms: quantum support vector machines (QSVM) and variational quantum classifiers (VQC). Our findings demonstrate that both QSVM and VQC attain notable predictive accuracy when confined to merely 5 or 6 critical features, indicating that an optimized subset of observables can maintain robust performance with reduced computational cost. In examining the relationship between accuracy and the number of features, we demonstrated that the incorporation of supplementary features may even negatively impact the model’s accuracy. The proposed framework underscores the potential of interdisciplinary strategies for the analysis of intricate quantum systems, furthering progress in the application of quantum machine learning to recognize patterns in quantum information science.",Article
"(""quantum machine learning"" OR QML OR ""variational quantum"" OR VQC OR QNN OR ""quantum neural network"" OR ""quantum kernel"" OR QSVM OR ""quantum support vector"" OR ""quantum circuit"" OR ""parameterized quantum circuit"" OR PQC OR ""quantum annealing"" OR QAOA OR ""quantum classifier"") AND (medicine OR medical OR healthcare OR clinical OR diagnosis OR prognosis OR radiology OR imaging OR MRI OR CT OR ultrasound OR pathology OR histopathology OR ECG OR EEG OR genomics OR proteomics OR bioinformatics OR ""electronic health record"" OR EHR OR drug OR pharmacology)",doi:10.1007/s10845-026-02826-2,A review of AI and machine learning applications in manufacturing processes,"Gorine, Mohamed El Amine, Nechak, Lyes, Ichchou, Mohamed, Pichenot, Yann",Journal of Intelligent Manufacturing,2026-03-23,10.1007/s10845-026-02826-2,"http://link.springer.com/openurl/fulltext?id=doi:10.1007/s10845-026-02826-2, http://link.springer.com/openurl/pdf?id=doi:10.1007/s10845-026-02826-2, http://dx.doi.org/10.1007/s10845-026-02826-2","This paper reviews the current applications of artificial intelligence (AI) and machine learning (ML) techniques in industrial manufacturing processes. It provides a comprehensive overview of the three main learning paradigms, supervised, unsupervised, and reinforcement learning and maps their algorithmic families to four major process domains: forming, machining, joining, and additive manufacturing. For each domain, sensor modalities, data characteristics, data acquisition feasibility, and control challenges are analyzed to assess the conditions influencing ML adoption. Differences in maturity levels are shown to arise primarily from variations in data availability, sensor integration complexity, and process automation readiness. The review offers an application-oriented synthesis covering predictive maintenance, real-time process optimization, and automated quality inspection. A publication-weighted maturity matrix demonstrates that supervised learning is well established in machining and additive manufacturing, where standardized sensors and abundant labeled data enable mature AI solutions. By contrast, unsupervised methods are commonly applied for anomaly detection in domains with limited labeled data, such as joining. Reinforcement learning is emerging as a viable approach for closed-loop control, particularly in contexts where reliable digital twins and robust simulation environments support model training. Cross-cutting techniques including physics-informed learning, explainable AI, multi-fidelity surrogate modeling, and edge-to-cloud computing architectures are also discussed. The paper concludes with a proposed future research agenda emphasizing the development of open benchmark datasets, improved simulator fidelity, and interpretable hybrid models, with the broader goal of bridging the gap between academic research and industrial deployment.",Article
"(""quantum machine learning"" OR QML OR ""variational quantum"" OR VQC OR QNN OR ""quantum neural network"" OR ""quantum kernel"" OR QSVM OR ""quantum support vector"" OR ""quantum circuit"" OR ""parameterized quantum circuit"" OR PQC OR ""quantum annealing"" OR QAOA OR ""quantum classifier"") AND (medicine OR medical OR healthcare OR clinical OR diagnosis OR prognosis OR radiology OR imaging OR MRI OR CT OR ultrasound OR pathology OR histopathology OR ECG OR EEG OR genomics OR proteomics OR bioinformatics OR ""electronic health record"" OR EHR OR drug OR pharmacology)",doi:10.1007/s12273-026-1431-2,The rise of quantum computing—Take a BITE for built environment and urban microclimate research,"Wang, Liangzhu Leon, Liu, Huiheng, Fu, Honghao, Deng, Zhipeng, Dong, Bing, Gao, Naiping",Building Simulation,2026-03-23,10.1007/s12273-026-1431-2,"http://link.springer.com/openurl/fulltext?id=doi:10.1007/s12273-026-1431-2, http://link.springer.com/openurl/pdf?id=doi:10.1007/s12273-026-1431-2, http://dx.doi.org/10.1007/s12273-026-1431-2","Quantum computing is a new approach to computation that utilizes superposition, entanglement, interference, and tunneling to solve problems too complex for classical computers. This paper discusses the basic concepts and development of quantum computing, exploring its potential applications in the built environment and urban microclimate research. In buildings, quantum computing may help optimize energy management, control heating, ventilation, and air conditioning (HVAC) systems, and plan electric vehicle charging networks more efficiently. For urban microclimates, it could accelerate renewable energy planning and support multi-objective design, making it easier to balance urban building performance with climate conditions. Since current quantum hardware is still in the noisy intermediate-scale quantum (NISQ) stage, we propose the “BITE” principle to guide researchers in choosing suitable problems for quantum acceleration: B (Big search), I (Input-light), T (Tiny computation), and E (Evaluation polish). Although quantum computing still faces challenges such as noise and hardware limits, it offers great potential for developing more climate-resilient, sustainable, and energy-efficient cities of the future.",Article
"(""quantum machine learning"" OR QML OR ""variational quantum"" OR VQC OR QNN OR ""quantum neural network"" OR ""quantum kernel"" OR QSVM OR ""quantum support vector"" OR ""quantum circuit"" OR ""parameterized quantum circuit"" OR PQC OR ""quantum annealing"" OR QAOA OR ""quantum classifier"") AND (medicine OR medical OR healthcare OR clinical OR diagnosis OR prognosis OR radiology OR imaging OR MRI OR CT OR ultrasound OR pathology OR histopathology OR ECG OR EEG OR genomics OR proteomics OR bioinformatics OR ""electronic health record"" OR EHR OR drug OR pharmacology)",doi:10.1007/s42484-026-00375-8,An advanced hybrid quantum tabu search approach to vehicle routing problems,"Holliday, James B., Osaba, Eneko, Luu, Khoa",Quantum Machine Intelligence,2026-03-23,10.1007/s42484-026-00375-8,"http://link.springer.com/openurl/fulltext?id=doi:10.1007/s42484-026-00375-8, http://link.springer.com/openurl/pdf?id=doi:10.1007/s42484-026-00375-8, http://dx.doi.org/10.1007/s42484-026-00375-8","Quantum computing (QC) is expected to solve incredibly difficult problems, including finding optimal solutions to combinatorial optimization problems. However, to date, QC alone has still been unable to demonstrate this capability except for small-sized problems. Hybrid approaches, where QC and classical computing work together, have shown the most potential for solving real-world-scale problems. This work aims to show that we can enhance a classical optimization algorithm with QC so that it can overcome this limitation. We present a new Hybrid Quantum-classical Tabu Search (HQTS) algorithm to solve the Capacitated Vehicle Routing Problem (CVRP). Based on our prior work, HQTS leverages QC for routing within a classical tabu search framework. The quantum component formulates the Traveling Salesman Problem (TSP) for each route as a Quadratic Unconstrained Binary Optimization (QUBO) and solves it using D-Wave’s Advantage system. Experiments investigate the impact of quantum routing frequency and starting solution methods. Across different starting solution methods, including quantum-based and classical heuristics, it shows minimal overall impact. HQTS achieved optimal or near-optimal solutions for several CVRP problems, outperforming other hybrid CVRP algorithms and significantly reducing the optimality gap relative to preliminary research. The experimental results demonstrate that more frequent quantum routing improves solution quality and runtime. The findings highlight the potential of integrating QC within meta-heuristic frameworks for complex optimization in vehicle routing problems.",Article
"(""quantum machine learning"" OR QML OR ""variational quantum"" OR VQC OR QNN OR ""quantum neural network"" OR ""quantum kernel"" OR QSVM OR ""quantum support vector"" OR ""quantum circuit"" OR ""parameterized quantum circuit"" OR PQC OR ""quantum annealing"" OR QAOA OR ""quantum classifier"") AND (medicine OR medical OR healthcare OR clinical OR diagnosis OR prognosis OR radiology OR imaging OR MRI OR CT OR ultrasound OR pathology OR histopathology OR ECG OR EEG OR genomics OR proteomics OR bioinformatics OR ""electronic health record"" OR EHR OR drug OR pharmacology)",doi:10.1007/s44443-026-00658-x,Security challenges and solutions in Internet of Medical Things (IoMT) communication: A review,"Mohammed, Badiea Abdulkarem, Al-Shareeda, Mahmood A., Hamzah, Abdulwahhab Essa, Alhasnawi, Bilal Naji, Homod, Raad Z., Alkhabra, Yasser A., Al-Mekhlafi, Zeyad Ghaleb, Alrashdi, Reem, Alshammari, Gharbi, Alreshidi, Ibrahim",Journal of King Saud University Computer and Information Sciences,2026-03-23,10.1007/s44443-026-00658-x,"http://link.springer.com/openurl/pdf?id=doi:10.1007/s44443-026-00658-x, http://dx.doi.org/10.1007/s44443-026-00658-x","The Internet of Medical Things (IoMT) is defined by the connectivity that does exist between wearable sensors, implant devices and hospital information systems to a cloud based platforms allowing for real-time-healthcare data monitoring and clinical decision making driven by data. On the other hand, heterogeneity and limited resources of IoMT communication infrastructures enlarge considerably their attack surface on the cybersecurity side leading to critical challenges around patient safety, data integrity and system availability. This narrative review introduces a novel communication-centric IoMT threat taxonomy which would systematically overview vulnerabilities across the device, network, data, application and system-availability layers followed by analysis of inter-layer propagation and ultimately cross-layer propagation of threats to IoMT. PRISMA principles on literature selection permits transparency of methods. Well- this is to build a one comprehensive technical comparative evaluation report rather than descriptive surveys, especially if we replicate the above said references in relation with IoMT-specific Daggers and teeths flourished around classical cryptography, lightweight security primitives, AI-powered anomoly detection systems, Blockchain-based trusted architecture compositions rooted around post-quantum paradigms. From the analysis, it is concluded that lightweight cryptographic schemes and ECC-based authentication are still the most applicable communication protocols for resource-constrained medical devices while AI- and consortium-based blockchain architectures act as supplementary enhancements at the infrastructure level rather than as a substitute to secure communication protocols. Multiple real-life healthcare cyber incidents further emphasize the impact of infrastructure-enabled attacks in IoMT surroundings. This review is based on layered threat model, technical trade-off analysis, regulatory compliance mapping and empirical case studies to provide an implementation-aware design guide for enhancing resilience of the IoMT communication security design in accordance with regulations.",Article
"(""quantum machine learning"" OR QML OR ""variational quantum"" OR VQC OR QNN OR ""quantum neural network"" OR ""quantum kernel"" OR QSVM OR ""quantum support vector"" OR ""quantum circuit"" OR ""parameterized quantum circuit"" OR PQC OR ""quantum annealing"" OR QAOA OR ""quantum classifier"") AND (medicine OR medical OR healthcare OR clinical OR diagnosis OR prognosis OR radiology OR imaging OR MRI OR CT OR ultrasound OR pathology OR histopathology OR ECG OR EEG OR genomics OR proteomics OR bioinformatics OR ""electronic health record"" OR EHR OR drug OR pharmacology)",doi:10.1007/s10773-026-06305-5,Quantum Mechanical Approaches to Visual Security: A Comparative Review of Image Representation and Steganography Protocols,"Altın, Ramazan, Şahin, Engin",International Journal of Theoretical Physics,2026-03-23,10.1007/s10773-026-06305-5,"http://link.springer.com/openurl/fulltext?id=doi:10.1007/s10773-026-06305-5, http://link.springer.com/openurl/pdf?id=doi:10.1007/s10773-026-06305-5, http://dx.doi.org/10.1007/s10773-026-06305-5","Quantum image processing leverages fundamental principles of quantum mechanics to manipulate visual information with computational efficiency surpassing classical limitations. This paper presents a comparative review of quantum mechanical approaches to visual security, specifically focusing on the interplay between image representation models and steganography protocols. We critically analyze the theoretical foundations of prominent representation models including FRQI, NEQR, and MCQI by evaluating their impact on qubit efficiency and circuit complexity. The study synthesizes recent advancements in quantum steganography and watermarking, demonstrating how core quantum properties such as superposition, entanglement, and the no-cloning theorem are exploited to achieve high-capacity embedding and unconditional security. Furthermore, we provide a detailed comparison of embedding strategies in both spatial and transform domains while assessing their robustness against signal processing attacks. By elucidating the relationship between steganographic concealment and watermarking integrity, this review outlines the evolution of quantum hiding research and identifies key theoretical challenges for future quantum-enabled secure communication systems",Article
"(""quantum machine learning"" OR QML OR ""variational quantum"" OR VQC OR QNN OR ""quantum neural network"" OR ""quantum kernel"" OR QSVM OR ""quantum support vector"" OR ""quantum circuit"" OR ""parameterized quantum circuit"" OR PQC OR ""quantum annealing"" OR QAOA OR ""quantum classifier"") AND (medicine OR medical OR healthcare OR clinical OR diagnosis OR prognosis OR radiology OR imaging OR MRI OR CT OR ultrasound OR pathology OR histopathology OR ECG OR EEG OR genomics OR proteomics OR bioinformatics OR ""electronic health record"" OR EHR OR drug OR pharmacology)",doi:10.1038/s41565-026-02140-1,Universal logical operations in a silicon quantum processor,"Zhang, Chunhui, Xu, Feng, Zhang, Shihang, Duan, Mingchao, Zhong, Dupeng, Bai, Xuesong, Wang, Hao, Huang, Chao, Deng, Yi, Gao, Miao, Zhang, Yu-Ning, Liu, Jiaze, Li, Chunhui, Jiang, Yan, Zhao, Baolong, Shu, Huan, Wu, Kunrong, Shi, Keji, Ding, Qiming, Tian, Zhen, Wang, Guanyong, Yuan, Xiao, Xin, Tao, Hu, Guangchong, Liu, Song, Pan, Tianluo, Huang, Peihao, He, Yu, Yu, Dapeng",Nature Nanotechnology,2026-03-23,10.1038/s41565-026-02140-1,"https://www.nature.com/articles/s41565-026-02140-1, https://www.nature.com/articles/s41565-026-02140-1.pdf, http://dx.doi.org/10.1038/s41565-026-02140-1","Five nuclear spins in silicon and the [[4, 2, 2]] code are used to demonstrate a universal logical gate set and to execute a variational quantum eigensolver computation of the ground-state energy of a water molecule. Quantum errors induced by environmental noise are unavoidable and preclude the direct implementation of practical quantum computation. Fault-tolerant quantum computation offers one of the viable paths, necessitating the encoding and processing of information within logical qubits to curb such errors. Although substantial progress has been achieved recently in building silicon quantum computers, logical operations still haven’t been realized in silicon. Here we demonstrate a logical quantum processor using a phosphorus donor cluster in silicon. By implementing the [[4, 2, 2]] code, we realize the essential components for logical operations, which include fault-tolerant preparation of logical states and the characterization of a universal gate set comprising logical single-qubit and two-qubit gates. In particular, the logical T gate is achieved using the gate-by-measurement method, and magic states based on this gate are prepared. Furthermore, we execute the variational quantum eigensolver algorithm using two logical qubits and simulate the ground state of the electronic structure of the water molecule H_2O. This work represents a key step towards scalable, fault-tolerant quantum computation in silicon spin qubits.",Article
"(""quantum machine learning"" OR QML OR ""variational quantum"" OR VQC OR QNN OR ""quantum neural network"" OR ""quantum kernel"" OR QSVM OR ""quantum support vector"" OR ""quantum circuit"" OR ""parameterized quantum circuit"" OR PQC OR ""quantum annealing"" OR QAOA OR ""quantum classifier"") AND (medicine OR medical OR healthcare OR clinical OR diagnosis OR prognosis OR radiology OR imaging OR MRI OR CT OR ultrasound OR pathology OR histopathology OR ECG OR EEG OR genomics OR proteomics OR bioinformatics OR ""electronic health record"" OR EHR OR drug OR pharmacology)",doi:10.1007/s40998-026-01048-9,An Intelligent Task Offloading and Data Caching Framework for Mobile Edge Computing Using Bi-LSTM and ODQN,"Mareeswari, G., Balasubramanian, C.","Iranian Journal of Science and Technology, Transactions of Electrical Engineering",2026-03-23,10.1007/s40998-026-01048-9,"http://link.springer.com/openurl/fulltext?id=doi:10.1007/s40998-026-01048-9, http://link.springer.com/openurl/pdf?id=doi:10.1007/s40998-026-01048-9, http://dx.doi.org/10.1007/s40998-026-01048-9","Due to the advent of Mobile Edge Computing (MEC), Internet of Things (IoT) now has the opportunity to take advantage of the computing capabilities of the closest edge devices, which allows them to perform processing locally and not rely on centralized cloud servers. MEC also adds more processing and storage capabilities to network-edge devices in order to address the high delay requirements of mobile applications. But with the limited storage and computation capability of edge servers, the caching of only the most important application data is feasible, and hence best caching decisions are important in minimizing latency and lessening energy usage in edge settings. This study paper focuses on cooperative task offloading and data caching schemes that aim at decreasing the total latency on mobile computers. A combined approach of task offloading, data caching, and task prediction, which is enabled by a Bidirectional Long Short-Term Memory (Bi-LSTM) model, is presented to enhance the performance of Mobile Edge Computing (MEC) settings. The strategy uses adaptive task migration and smart caching techniques which are informed by the performance of incoming tasks and available edge node performance. A joint task migration, task offloading, and dynamic data caching of computational workloads and content is done using an Optimized Deep Q-Network (ODQN) algorithm. The framework uses Bi-LSTM-based prediction of tasks to make better edge scheduling, as well as offloading choices. The accuracy of prediction is 96.78% which is better than conventional models. The outcome of the simulation proves that the proposed model shows a significant advantage over traditional approaches to offloading tasks and caching data with a significant decrease in the average latency of services across mobile devices.",Article
"(""quantum machine learning"" OR QML OR ""variational quantum"" OR VQC OR QNN OR ""quantum neural network"" OR ""quantum kernel"" OR QSVM OR ""quantum support vector"" OR ""quantum circuit"" OR ""parameterized quantum circuit"" OR PQC OR ""quantum annealing"" OR QAOA OR ""quantum classifier"") AND (medicine OR medical OR healthcare OR clinical OR diagnosis OR prognosis OR radiology OR imaging OR MRI OR CT OR ultrasound OR pathology OR histopathology OR ECG OR EEG OR genomics OR proteomics OR bioinformatics OR ""electronic health record"" OR EHR OR drug OR pharmacology)",doi:10.1007/s11128-026-05127-y,Graph-encoded strategic interactions in multiplayer quantum games,"Tsakiroglou, Michael, Liliopoulos, Ioannis, Varsamis, Georgios D., Milchanowski, Kristin, Karafyllidis, Ioannis G.",Quantum Information Processing,2026-03-23,10.1007/s11128-026-05127-y,"http://link.springer.com/openurl/fulltext?id=doi:10.1007/s11128-026-05127-y, http://link.springer.com/openurl/pdf?id=doi:10.1007/s11128-026-05127-y, http://dx.doi.org/10.1007/s11128-026-05127-y","Multiplayer quantum games have received growing attention due to the ability of quantum computational models to access enlarged strategic spaces, thereby enabling the emergence of nonclassical Nash equilibria and Pareto-efficient solutions. Concurrently, graph-theoretic representations have become a standard tool for encoding relational dependencies among interacting players. This work establishes a unified formalism that embeds arbitrary graph topologies into parametrized quantum-game circuits, providing a direct mapping between network structure and the strategic interaction space of quantum players. Within this framework, we analytically and computationally evaluate how graph-induced interpersonal couplings modulate payoff distributions over repeated quantum-game iterations. In addition, we integrate a reward-driven adaptation algorithm that allows players to optimize their local strategy parameters dynamically with respect to accumulated payoffs. Experimental results demonstrate that the equilibrium reward landscape is highly sensitive to the players’ graph-theoretic centrality and the weighted structure of their adversarial and cooperative relationships.",Article
"(""quantum machine learning"" OR QML OR ""variational quantum"" OR VQC OR QNN OR ""quantum neural network"" OR ""quantum kernel"" OR QSVM OR ""quantum support vector"" OR ""quantum circuit"" OR ""parameterized quantum circuit"" OR PQC OR ""quantum annealing"" OR QAOA OR ""quantum classifier"") AND (medicine OR medical OR healthcare OR clinical OR diagnosis OR prognosis OR radiology OR imaging OR MRI OR CT OR ultrasound OR pathology OR histopathology OR ECG OR EEG OR genomics OR proteomics OR bioinformatics OR ""electronic health record"" OR EHR OR drug OR pharmacology)",doi:10.1007/s00220-026-05596-3,Categorifying Clifford QCA,"Yang, Bowen",Communications in Mathematical Physics,2026-03-23,10.1007/s00220-026-05596-3,"http://link.springer.com/openurl/fulltext?id=doi:10.1007/s00220-026-05596-3, http://link.springer.com/openurl/pdf?id=doi:10.1007/s00220-026-05596-3, http://dx.doi.org/10.1007/s00220-026-05596-3","We provide a complete classification of Clifford quantum cellular automata (QCAs) on arbitrary metric spaces and any qudits (of prime or composite dimensions) in terms of algebraic $$ L $$ L -theory. Building on the delooping formalism of Pedersen and Weibel, we reinterpret Clifford QCAs as symmetric formations in a filtered additive category constructed from the geometry of the underlying space. This perspective allows us to identify the group of stabilized Clifford QCAs, modulo circuits and separated automorphisms, with the Witt group of the corresponding Pedersen–Weibel category. Notably, because the Pedersen–Weibel category depends only on the large-scale (coarse) structure of the metric space, so too does the classification of Clifford QCAs. For Euclidean lattices, the classification reproduces and expands upon known results, while for more general spaces—including open cones over finite simplicial complexes—we relate nontrivial QCAs to generalized homology theories with coefficients in the $$ L $$ L -theory spectrum. Our results do not depend on translation symmetry. However, we do outline extensions to QCAs with symmetry and discuss how these fit naturally into the $$ L $$ L -theoretic framework.",Article
"(""quantum machine learning"" OR QML OR ""variational quantum"" OR VQC OR QNN OR ""quantum neural network"" OR ""quantum kernel"" OR QSVM OR ""quantum support vector"" OR ""quantum circuit"" OR ""parameterized quantum circuit"" OR PQC OR ""quantum annealing"" OR QAOA OR ""quantum classifier"") AND (medicine OR medical OR healthcare OR clinical OR diagnosis OR prognosis OR radiology OR imaging OR MRI OR CT OR ultrasound OR pathology OR histopathology OR ECG OR EEG OR genomics OR proteomics OR bioinformatics OR ""electronic health record"" OR EHR OR drug OR pharmacology)",doi:10.1007/s10257-026-00720-1,Designing data monetization as a service: a service dominant logic perspective,"Ofulue, Joan Komi, Benyoucef, Morad",Information Systems and e-Business Management,2026-03-23,10.1007/s10257-026-00720-1,"http://link.springer.com/openurl/fulltext?id=doi:10.1007/s10257-026-00720-1, http://link.springer.com/openurl/pdf?id=doi:10.1007/s10257-026-00720-1, http://dx.doi.org/10.1007/s10257-026-00720-1","Organizations increasingly recognize data as an asset, yet many struggle to effectively monetize it beyond traditional data marketplaces. While data monetization has historically been limited to selling raw or aggregated data, there is a growing need for an integrative approach that enables businesses to commercialize data-driven services, insights, and applications. This study develops a conceptual architecture for Data Monetization as a Service (DMaaS) using the Design Science Research (DSR) paradigm grounded in Service-Dominant Logic (SDL). DMaaS is introduced as an integrative and collaborative service model that enables organizations to commercialize data-driven assets ranging from raw and prepared data to insights, analytics, applications,and consulting services within a unified platform ecosystem. The resulting architecture defines the actors, capabilities, design requirements and process flow necessary to operationalize data monetization as a multi-actor process of value cocreation. Theoretically, this research advances the literature on data platforms, data ecosystems, and data spaces by framing data monetization as a service-system phenomenon, extending SDL into the domain of platform-based data ecosystems. Practically, it provides a foundational blueprint for implementing DMaaS platforms.",Article
"(""quantum machine learning"" OR QML OR ""variational quantum"" OR VQC OR QNN OR ""quantum neural network"" OR ""quantum kernel"" OR QSVM OR ""quantum support vector"" OR ""quantum circuit"" OR ""parameterized quantum circuit"" OR PQC OR ""quantum annealing"" OR QAOA OR ""quantum classifier"") AND (medicine OR medical OR healthcare OR clinical OR diagnosis OR prognosis OR radiology OR imaging OR MRI OR CT OR ultrasound OR pathology OR histopathology OR ECG OR EEG OR genomics OR proteomics OR bioinformatics OR ""electronic health record"" OR EHR OR drug OR pharmacology)",doi:10.1038/s41467-026-70963-6,Cryogenic neuromorphic circuits using gate-controlled negative differential resistance in silicon carbide,"Yang, Xin, Porter, Matthew, Qin, Yuan, Yang, Zineng, Gong, Hehe, Jin, Liyang, Xi, Zichen, Wang, Han, Zhu, Liyan, Zhang, Yuhao, Shao, Linbo",Nature Communications,2026-03-23,10.1038/s41467-026-70963-6,"https://www.nature.com/articles/s41467-026-70963-6.pdf, http://dx.doi.org/10.1038/s41467-026-70963-6","Efficient cryogenic electronics are essential for quantum computing at millikelvin temperatures. Yang et al. report a SiC-based negative differential resistance device with high on/off ratio at millikelvin and demonstrate programmable cryogenic neuromorphic circuits including sensory, logic and spiking neurons. Cryogenic electronic circuits are crucial for interfacing and controlling scalable quantum computing platforms at millikelvin temperatures, yet face stringent thermal constraints demanding ultra-low power operation. Neuromorphic circuits, emulating the spiking behavior of biological neurons, offer solution for achieving energy-efficient electronics under these conditions. Here, we report the gate-controlled negative differential resistance (NDR) in silicon carbide (SiC) metal-oxide-semiconductor field-effect transistors (MOSFETs). This NDR effect, arising from electron-donor impact ionization (EDII) in SiC MOSFET, achieves on/off current ratio over 10^7. Meanwhile, the behavior of NDR can be fully controlled by the gate voltage of the MOSFET. Leveraging this gate-controlled NDR, we demonstrate programmable cryogenic spiking neuromorphic circuits, including sensory, logic, and integrate-and-fire neurons, with functionality tuned by gate or drain voltages. The established manufacturability of SiC technology highlights the potential of this approach for scalable integration in cryogenic systems for sensing, computing, and quantum information.",Article
"(""quantum machine learning"" OR QML OR ""variational quantum"" OR VQC OR QNN OR ""quantum neural network"" OR ""quantum kernel"" OR QSVM OR ""quantum support vector"" OR ""quantum circuit"" OR ""parameterized quantum circuit"" OR PQC OR ""quantum annealing"" OR QAOA OR ""quantum classifier"") AND (medicine OR medical OR healthcare OR clinical OR diagnosis OR prognosis OR radiology OR imaging OR MRI OR CT OR ultrasound OR pathology OR histopathology OR ECG OR EEG OR genomics OR proteomics OR bioinformatics OR ""electronic health record"" OR EHR OR drug OR pharmacology)",doi:10.1007/s13198-026-03201-3,Dense network and quantum key techniques: a novel approach to identity verification and authentication,"Krishnamoorthy, Suresh Kumar, Muthupandian, Malini, Srinadh, Vemireddi, Thavasilingam, Daniya",International Journal of System Assurance Engineering and Management,2026-03-22,10.1007/s13198-026-03201-3,"http://link.springer.com/openurl/fulltext?id=doi:10.1007/s13198-026-03201-3, http://link.springer.com/openurl/pdf?id=doi:10.1007/s13198-026-03201-3, http://dx.doi.org/10.1007/s13198-026-03201-3","In today’s highly interconnected digital landscape, secure identity verification and authentication have become essential to ensure data privacy and confidentiality, but also for maintaining trust, regulatory compliance, and protection against sophisticated cyber threats. As cloud environments continue to expand and host increasingly sensitive and large-scale data, the demand for more robust and future-proof security mechanisms has intensified. Addressing this challenge, this article proposes a novel framework using Quantum Key Distribution (QKD) for identity verification and authentication, offering a resilient solution against both classical and quantum-era cyberattacks. The cloud system integrates key entities, including Cloud Service Providers (CSPs), data users, and data owners, and operates through five distinct phases: Initialization and Registration, Quantum Key Generation and Distribution, Identity Verification and Registration, key agreement, and password change. In the initialization phase, security parameters are established, and the registration phase ensures the enrollment of all entities. Then, a Quantum Key is generated by the Dense Network and Quantum Key Techniques (DNet-QKT) for exchanging keys. Then, Identity verification and authentication are reinforced using Advanced Encryption Standard (AES), hashing, Exclusive OR (XOR), and cryptographic keys. Finally, the password update phase provides a dependable and secure mechanism for users to modify their credentials, reinforcing the system’s integrity and ensuring resilience against emerging security threats. For a key size 8, DNet-QKT established a computational cost of 2.766 s (sec), and memory of 20.400 Megabytes (MB).",Article
"(""quantum machine learning"" OR QML OR ""variational quantum"" OR VQC OR QNN OR ""quantum neural network"" OR ""quantum kernel"" OR QSVM OR ""quantum support vector"" OR ""quantum circuit"" OR ""parameterized quantum circuit"" OR PQC OR ""quantum annealing"" OR QAOA OR ""quantum classifier"") AND (medicine OR medical OR healthcare OR clinical OR diagnosis OR prognosis OR radiology OR imaging OR MRI OR CT OR ultrasound OR pathology OR histopathology OR ECG OR EEG OR genomics OR proteomics OR bioinformatics OR ""electronic health record"" OR EHR OR drug OR pharmacology)",doi:10.1007/s42979-026-04874-0,Can Quantum Neural Networks Estimate the Redshifted Global Hi 21-cm Signal Parameters?,"Gowtham, Akash, Tripathi, Anshuman, Datta, Abhirup",SN Computer Science,2026-03-21,10.1007/s42979-026-04874-0,"http://link.springer.com/openurl/fulltext?id=doi:10.1007/s42979-026-04874-0, http://link.springer.com/openurl/pdf?id=doi:10.1007/s42979-026-04874-0, http://dx.doi.org/10.1007/s42979-026-04874-0","Detecting the redshifted H i 21 cm signal (both emission and absorption feature against the Cosmic Microwave Background (CMB)) is a key goal of cosmological experiments, offering insights into the Cosmic Dawn and Epoch of Reionization. However, strong foregrounds, ionospheric effects, and Radio Frequency Interference (RFI) pose significant challenges. This work explores the first utilization of quantum neural networks (QNNs) as an alternative deep-learning approach for extracting the global 21 cm signal parameters from these contaminations and comparing their efficacy against classical Neural Networks. We utilize the Accelerated Reionization Era Simulations (ARES) code to simulate global signals varying three target astrophysical parameters. We develop a hybrid quantum-classical framework to estimate these parameters from synthetic datasets, both with and without foregrounds and thermal noise. To mitigate foreground contamination, we incorporate a Principal Component Analysis (PCA)-based removal technique. Additionally, Graphics Processing Unit (GPU) and Just-In-Time (JIT) compilation are used to enhance computational efficiency. In the absence of contamination, the QNN achieves a test $$\mathrm R^{2}$$ score of $$\ge $$ 0.98 for parameter estimation. For contaminated signals, the architecture initially struggles due to the dominance of lowest-order polynomial terms of the foreground model ( $$\mathrm a_{0}$$ , $$\mathrm a_{1}$$ ). However, implementing PCA-based foreground removal improves model performance, yielding a test $$\mathrm{R}^{2}$$ score of $$\approx $$ 0.85. This study provides an initial benchmark of QNNs for global 21-cm signal estimation. QNNs match classical performance for signal-only data but struggle with foreground-contaminated spectra, where PCA improves results. Our hybrid quantum-classical framework highlights both current limitations and future opportunities for circuit design, hyperparameter tuning, and contamination mitigation in cosmological applications.",Article
"(""quantum machine learning"" OR QML OR ""variational quantum"" OR VQC OR QNN OR ""quantum neural network"" OR ""quantum kernel"" OR QSVM OR ""quantum support vector"" OR ""quantum circuit"" OR ""parameterized quantum circuit"" OR PQC OR ""quantum annealing"" OR QAOA OR ""quantum classifier"") AND (medicine OR medical OR healthcare OR clinical OR diagnosis OR prognosis OR radiology OR imaging OR MRI OR CT OR ultrasound OR pathology OR histopathology OR ECG OR EEG OR genomics OR proteomics OR bioinformatics OR ""electronic health record"" OR EHR OR drug OR pharmacology)",doi:10.1038/s41598-026-44978-4,Q-CaDD: accelerating in silico methodologies with quantum computation and machine learning for Epidermal growth factor receptor,"Badarala, Lohitaksh",Scientific Reports,2026-03-21,10.1038/s41598-026-44978-4,"https://www.nature.com/articles/s41598-026-44978-4.pdf, http://dx.doi.org/10.1038/s41598-026-44978-4","The Epidermal Growth Factor Receptor (EGFR) is a transmembrane protein in the Receptor Tyrosine Kinases (RTKs) family, playing a central role in cell growth, motility, and differentiation. Mutations in EGFR are associated with various cancers, notably Non-Small Cell Lung Cancer (NSCLC), due to overexpression and dysregulated signaling. To support early-stage drug discovery targeting EGFR, we introduce Q-CaDD (Quantum-enhanced Computer-aided Drug Design), a hybrid quantum–classical computational framework. Q-CaDD integrates quantum machine learning (QML), classical models, molecular docking, and multi-stage ligand filtering. Over 200,000 ligands were generated using STONED-SELFIES and filtered using Ghose and Quantitative Estimate of Drug-Likeness (QED) criteria. Docking simulations were performed using AutoDock Vina, and toxicity prediction employed an ensemble of machine learning models including a Quantum Support Vector Machine (QSVM). Model evaluation was conducted on the Tox21 dataset using the NR-AR (Androgen Receptor) pathway as a proof-of-concept toxicity endpoint. The hybrid ensemble achieved an AUC-ROC of 0.83, demonstrating improved generalisation relative to standalone classical models under the same evaluation setting and competitive performance with respect to reported benchmark results. Several compounds exhibited favourable predicted affinity and toxicity profiles and are identified as preliminary candidate molecules pending further experimental validation. Overall, this study demonstrates that quantum-enhanced components can contribute complementary predictive signals within hybrid drug discovery workflows, even under the constraints of current Noisy Intermediate-Scale Quantum (NISQ) hardware.",Article
"(""quantum machine learning"" OR QML OR ""variational quantum"" OR VQC OR QNN OR ""quantum neural network"" OR ""quantum kernel"" OR QSVM OR ""quantum support vector"" OR ""quantum circuit"" OR ""parameterized quantum circuit"" OR PQC OR ""quantum annealing"" OR QAOA OR ""quantum classifier"") AND (medicine OR medical OR healthcare OR clinical OR diagnosis OR prognosis OR radiology OR imaging OR MRI OR CT OR ultrasound OR pathology OR histopathology OR ECG OR EEG OR genomics OR proteomics OR bioinformatics OR ""electronic health record"" OR EHR OR drug OR pharmacology)",doi:10.1038/s41598-026-45267-w,mRNA profiling of mesenchymal stem cell-derived exosomes reveals their function in accelerating wound healing,"Than, Uyen Thi Trang, Nguyen, Hoai Thi Thanh, Dang, Quang Minh, Nguyen, Thu-Huyen, Hoang, Nhung Thi My, Nguyen, Thanh Hong, Vu, Duc Minh, Phi, Huong Thi, Luu, Quynh Manh, Do, Xuan-Hai, Dao, Huy-Hoang, Nguyen, Xuan-Hung, Nguyen, Nam Hoang",Scientific Reports,2026-03-21,10.1038/s41598-026-45267-w,"https://www.nature.com/articles/s41598-026-45267-w.pdf, http://dx.doi.org/10.1038/s41598-026-45267-w","Extracellular vesicles (EVs) are emerging as innovative tools for regenerative and therapeutic applications, including wound healing, owing to their ability to encapsulate bioactive agents from their parent cells. In this study, we profiled the transcriptome of umbilical cord mesenchymal stem cell (UCMSC)-derived exosomes (EXs) using RNA-seq and explored the functional roles of their transcriptome, particularly in cutaneous wound repair. We detected 4,578 protein-coding genes in UCMSC-derived EXs, of which 2,004 were upregulated, and 2,574 were downregulated relative to their secreting cells. Notably, many EX-enriched genes were associated with wound-healing biology, and pathway analysis revealed that upregulated exosomal genes were involved in GO terms and KEGG pathways related to DNA replication, ribosome function, cell cycle regulation, and pyrimidine metabolism. To validate UCMSC-EX’s capability for wound healing predicted through in silico analyses, we further assessed EX penetration into the dermis, cellular uptake, and therapeutic efficacy in a burned mouse model. UCMSC-derived EXs efficiently penetrated human dermal tissue, were internalized by fibroblasts, and promoted fibroblast and keratinocyte proliferation and migration in 2D culture. In vivo, EX treatment accelerated wound closure, particularly during the early stages of healing. Overall, our findings demonstrate selective mRNA enrichment in UCMSC-derived EXs and highlight their promising therapeutic potential in cutaneous wound healing.",Article
"(""quantum machine learning"" OR QML OR ""variational quantum"" OR VQC OR QNN OR ""quantum neural network"" OR ""quantum kernel"" OR QSVM OR ""quantum support vector"" OR ""quantum circuit"" OR ""parameterized quantum circuit"" OR PQC OR ""quantum annealing"" OR QAOA OR ""quantum classifier"") AND (medicine OR medical OR healthcare OR clinical OR diagnosis OR prognosis OR radiology OR imaging OR MRI OR CT OR ultrasound OR pathology OR histopathology OR ECG OR EEG OR genomics OR proteomics OR bioinformatics OR ""electronic health record"" OR EHR OR drug OR pharmacology)",doi:10.1007/s13042-025-02958-6,Victoria Amazonica optimization algorithm based on competitive selection strategy and dynamic mutation factor to solve feature selection problems,"Ma, Xin-Ru, Wang, Jie-Sheng, Sun, Yong-Cheng, Wang, Yu-Cai, Song, Yu-Wei, Qi, Yu-Liang",International Journal of Machine Learning and Cybernetics,2026-03-21,10.1007/s13042-025-02958-6,"http://link.springer.com/openurl/fulltext?id=doi:10.1007/s13042-025-02958-6, http://link.springer.com/openurl/pdf?id=doi:10.1007/s13042-025-02958-6, http://dx.doi.org/10.1007/s13042-025-02958-6","Feature selection (FS) is a critical preprocessing step in data mining and machine learning. The Victoria Amazonica Optimization (VAO) algorithm is a bio-inspired metaheuristic that mimics the growth and competition of the giant Amazon water lilies to solve optimization problems. We propose an enhanced VAO algorithm (SMu3-VAO) incorporating competitive selection strategies and dynamic mutation factors to improve global function optimization and feature selection. Two novel selection strategies, equal interval extraction and niche competition—are introduced to boost population diversity during fitness evaluation. Additionally, we replace the original linear decay mutation factor with an adaptive dynamic adjustment mechanism, enhancing global search capability and convergence. Extensive experiments on CEC 2022 test functions confirm SMu3-VAO’s superior accuracy and faster convergence. For feature selection, SMu3-VAO outperforms competing algorithms across 18 UCI datasets, as validated by KNN classifier performance. The experimental results show that the SMu3-VAO algorithm demonstrates significant advantages in key metrics such as classification accuracy, mean fitness value and standard deviation when solving the FS problems. The SMu3-VAO algorithm improves the average accuracy by 5.7% and the average number of selected features by 46.4% compared to the original algorithm.",Article
"(""quantum machine learning"" OR QML OR ""variational quantum"" OR VQC OR QNN OR ""quantum neural network"" OR ""quantum kernel"" OR QSVM OR ""quantum support vector"" OR ""quantum circuit"" OR ""parameterized quantum circuit"" OR PQC OR ""quantum annealing"" OR QAOA OR ""quantum classifier"") AND (medicine OR medical OR healthcare OR clinical OR diagnosis OR prognosis OR radiology OR imaging OR MRI OR CT OR ultrasound OR pathology OR histopathology OR ECG OR EEG OR genomics OR proteomics OR bioinformatics OR ""electronic health record"" OR EHR OR drug OR pharmacology)",doi:10.1007/s00521-026-11900-y,Paving the way for emotional expression in Punjabi: Speech Emotion Recognition using hybrid deep neural network model,"Kaur, Kamaldeep, Singh, Parminder",Neural Computing and Applications,2026-03-21,10.1007/s00521-026-11900-y,"http://link.springer.com/openurl/fulltext?id=doi:10.1007/s00521-026-11900-y, http://link.springer.com/openurl/pdf?id=doi:10.1007/s00521-026-11900-y, http://dx.doi.org/10.1007/s00521-026-11900-y","Speech Emotion Recognition (SER) aims to detect and interpret human emotions from speech, that has vast applications across different fields. This research aims at developing SER system for Punjabi language. The SER process consists of mainly five phases, including the dataset creation, signal pre-processing, feature extraction, feature selection and classification. The scope of this paper is to explain all these phases for Punjabi SER system. The authors have designed and recorded two types of Punjabi Emotional Speech databases with professional, non-professional speakers, Punjabi language sentences, six emotions (happy, sad, neutral, surprise, fear and anger). A set of 16 features is extracted, including Mel spectrogram, Mel Frequency Cepstral Coefficients (MFCC), contrast, pitch, chroma, zero crossing rate (ZCR), Linear Prediction Cepstral Coefficients (LPCC), tonnetz, formant, jitter, shimmer, entropy, duration, harmonic, Perceptual Linear Predictive (PLP), and energy, with a total of 523 feature attributes. Feature selection is performed using Least Absolute Shrinkage and Selection Operator (LASSO) algorithm. Then a hybrid 1-D Convolutional Neural Network (CNN) with Long Short-Term Memory (LSTM) is used for classification. A number of experiments are carried out, firstly to select the best set of features for the feature extraction phase, then experimenting with four feature selection methods (LASSO, ANOVA, Recursive Feature Elimination (RFE), t-statistics) and selecting the best one. Then seven classifiers, namely Support Vector Machine (SVM), Decision Tree, Random Forest, Multi-Layer Perceptron (MLP), 1-D CNN, 2-D CNN and hybrid 1-D CNN with LSTM are experimented. The hybrid model outperformed other classifiers with an average accuracy of 81.6%. It has shown good performance metrics with precision, recall, f1-score, mean absolute error, mean square error and root mean square error as 83.5, 81.6, 81.7, 0.43, 1.25 and 1.11 respectively.",Article
"(""quantum machine learning"" OR QML OR ""variational quantum"" OR VQC OR QNN OR ""quantum neural network"" OR ""quantum kernel"" OR QSVM OR ""quantum support vector"" OR ""quantum circuit"" OR ""parameterized quantum circuit"" OR PQC OR ""quantum annealing"" OR QAOA OR ""quantum classifier"") AND (medicine OR medical OR healthcare OR clinical OR diagnosis OR prognosis OR radiology OR imaging OR MRI OR CT OR ultrasound OR pathology OR histopathology OR ECG OR EEG OR genomics OR proteomics OR bioinformatics OR ""electronic health record"" OR EHR OR drug OR pharmacology)",doi:10.1186/s13643-026-03158-1,Quality care collaboratives for maternal health across U.S. states: a scoping review protocol a scoping review protocol a scoping review protocol a scoping review protocol a scoping review protocol,"Alvarado, Gabriela, Howell, Khadesia, Andrew, Megan",Systematic Reviews,2026-03-21,10.1186/s13643-026-03158-1,"https://www.biomedcentral.com/openurl/pdf?id=doi:10.1186/s13643-026-03158-1, http://dx.doi.org/10.1186/s13643-026-03158-1","Background Maternal and perinatal quality collaboratives (M/PQCs) across nearly all U.S. states focus on improving health care and outcomes for birth parents and their infants. In the context of increases in maternal morbidity (MM) and severe maternal mortality (SMM) in the USA, M/PQCs increasingly focus on addressing maternal care and disparities in care that are partly driving observed increases in SMM and MM. To date, quality care or safety bundles and other programming from state-based M/PQCs have been implemented by hospitals and other collaborating partners, while various studies have assessed their impact. However, no extant reviews synthesize the findings of this literature. The aim of this review is to synthesize the current evidence on implementation approaches of M/PQCs at the health system level in the USA and their impact on maternal health outcomes. Methods We will conduct a scoping review of the literature of studies or reports that qualitatively and/or quantitatively assess the implementation of “toolkits” or “bundles” through state M/PQCs. We will include studies and reports on the implementation of state M/PQC initiatives in health systems/birth facilities or the impact of these on births, maternal and infant health outcomes and clinical care in the USA published after January 1, 2000. We will exclude studies that examine single-site quality improvement initiatives or initiatives outside of state M/PQCs, or studies that do not report on implementation, births, maternal and infant health, nor care outcomes. The information sources will include MEDLINE, Embase, CINAHL, and the Maternity and Infant Care Database, as well as a targeted search using Google Advanced for grey literature to capture information produced outside of academic publishing channels such as government and academics. Each record will be assessed independently by two reviewers at the title/abstract level and then at the full-text level. Included records will be subject to single reviewer data abstraction. We will assess study quality using the Mixed Methods Appraisal Tool (MMAT). Results Findings will be reported in the form of a narrative review and mapping outcomes in tabular form. Discussion This review will identify where additional evidence is needed to understand the relationship between M/PQCs and maternal health care and outcomes, as well as understanding key implementation processes. We will note key limitations of the included studies and general implications for the broader findings. Systematic review registration Open Science Framework–Embargoed/anonymized until August 30, 2025 https://osf.io/bnmpk/?view_only=9e1f754cc2d947cba6ea889e5ae58f19 .",Article
"(""quantum machine learning"" OR QML OR ""variational quantum"" OR VQC OR QNN OR ""quantum neural network"" OR ""quantum kernel"" OR QSVM OR ""quantum support vector"" OR ""quantum circuit"" OR ""parameterized quantum circuit"" OR PQC OR ""quantum annealing"" OR QAOA OR ""quantum classifier"") AND (medicine OR medical OR healthcare OR clinical OR diagnosis OR prognosis OR radiology OR imaging OR MRI OR CT OR ultrasound OR pathology OR histopathology OR ECG OR EEG OR genomics OR proteomics OR bioinformatics OR ""electronic health record"" OR EHR OR drug OR pharmacology)",doi:10.1007/s11590-026-02289-7,Convergence of the sum-of-squares hierarchy for quadratic optimization over roots-of-unity,"Al-Sulami, Ahmad, Fawzi, Hamza, Sun, Shengding",Optimization Letters,2026-03-21,10.1007/s11590-026-02289-7,"http://link.springer.com/openurl/fulltext?id=doi:10.1007/s11590-026-02289-7, http://link.springer.com/openurl/pdf?id=doi:10.1007/s11590-026-02289-7, http://dx.doi.org/10.1007/s11590-026-02289-7","In this paper, we study the discrete complex quadratic optimization problem, where the goal is to maximize a multivariate Hermitian quadratic objective function over complex m ’th roots of unity. This problem is a generalization of the well-studied quadratic unconstrained binary optimization problem (QUBO), and has applications in signal processing, including in maximal likelihood estimation and multiple-input multiple-output detection, in addition to applications in statistical physics, in particular the computation of ground states of the Potts model. We study the sum-of-squares hierarchy for this problem, which is a sequence of semidefinite relaxations that is known to converge to the optimal solution after at most n steps. A previous result of Fawzi, Saunderson and Parrilo showed that in the the binary case ( $$m=2$$ ), at most $$\lceil n/2 \rceil $$ levels of the hierarchy are actually needed. In this paper we generalize this result and establish that the hierarchy converges after at most $$\lfloor n/2\rfloor +1$$ level for any $$m \ge 2$$ . Our proof generalizes the ideas used in the $$m=2$$ case, and is based on constructing chordal covers of appropriate Cayley graphs.",Article
"(""quantum machine learning"" OR QML OR ""variational quantum"" OR VQC OR QNN OR ""quantum neural network"" OR ""quantum kernel"" OR QSVM OR ""quantum support vector"" OR ""quantum circuit"" OR ""parameterized quantum circuit"" OR PQC OR ""quantum annealing"" OR QAOA OR ""quantum classifier"") AND (medicine OR medical OR healthcare OR clinical OR diagnosis OR prognosis OR radiology OR imaging OR MRI OR CT OR ultrasound OR pathology OR histopathology OR ECG OR EEG OR genomics OR proteomics OR bioinformatics OR ""electronic health record"" OR EHR OR drug OR pharmacology)",doi:10.1007/s11227-026-08436-2,"Quantum computing for edge AI: opportunities, challenges, and future research directions","Tran-Dang, Hoa, Kim, Dong-Seong",The Journal of Supercomputing,2026-03-20,10.1007/s11227-026-08436-2,"http://link.springer.com/openurl/fulltext?id=doi:10.1007/s11227-026-08436-2, http://link.springer.com/openurl/pdf?id=doi:10.1007/s11227-026-08436-2, http://dx.doi.org/10.1007/s11227-026-08436-2","The convergence of quantum computing and Edge AI holds transformative potential to address the growing demands of intelligent edge systems. Edge AI, limited by resource constraints and the need for real-time processing, can benefit from quantum computing’s unique capabilities in optimization, machine learning (ML) acceleration, and secure communication. This paper explores the opportunities quantum computing offers to enhance Edge AI, including quantum-enhanced machine learning, resource optimization, and quantum cryptography for privacy-preserving applications. We also discuss the challenges of integrating quantum systems with edge environments, such as scalability, noise resilience, and hybrid architecture design. Finally, we outline future research directions and the advancements needed to realize the full potential of quantum-enabled Edge AI. This work aims to provide a comprehensive foundation for leveraging quantum computing to revolutionize edge intelligence systems.",Article
"(""quantum machine learning"" OR QML OR ""variational quantum"" OR VQC OR QNN OR ""quantum neural network"" OR ""quantum kernel"" OR QSVM OR ""quantum support vector"" OR ""quantum circuit"" OR ""parameterized quantum circuit"" OR PQC OR ""quantum annealing"" OR QAOA OR ""quantum classifier"") AND (medicine OR medical OR healthcare OR clinical OR diagnosis OR prognosis OR radiology OR imaging OR MRI OR CT OR ultrasound OR pathology OR histopathology OR ECG OR EEG OR genomics OR proteomics OR bioinformatics OR ""electronic health record"" OR EHR OR drug OR pharmacology)",doi:10.1007/s41060-026-01085-x,Simulated quantum feature maps for interpretable credit risk prediction: a comparative benchmark study,"Zouaghia, Zakia, Kodia, Zahra, Ben Said, Lamjed",International Journal of Data Science and Analytics,2026-03-20,10.1007/s41060-026-01085-x,"http://link.springer.com/openurl/fulltext?id=doi:10.1007/s41060-026-01085-x, http://link.springer.com/openurl/pdf?id=doi:10.1007/s41060-026-01085-x, http://dx.doi.org/10.1007/s41060-026-01085-x","Credit risk prediction presents significant challenges due to data imbalance, complex nonlinear relationships, and stringent regulatory requirements for model interpretability. This research introduces a novel interpretable framework that integrates quantum-inspired feature engineering with classical machine learning to enhance default prediction accuracy while maintaining transparency. By encoding classical financial features into quantum state representations via a ZZFeatureMap circuit and extracting principal components, we create enhanced feature spaces that capture complex interactions beyond conventional methods. We conduct comprehensive benchmarking of eight classifiers (HistGradientBoosting, XGBoost, LightGBM, CatBoost, Random Forest, SVM, MLP, and Logistic Regression) on a substantial dataset of 32,581 credit observations. Our quantum-enhanced models demonstrate significant performance improvements, with HistGradientBoosting achieving the highest performance (ROC AUC: 0.942, specificity: 0.993, precision: 0.968) and LightGBM offering optimal efficiency-accuracy trade-offs (ROC AUC: 0.934 with only 1.1s training time). Gradient boosting models consistently outperformed other approaches, with all quantum-enhanced variants exceeding ROC AUC scores of 0.930 compared to less than 0.900 for non-tree-based models. A key innovation is our reverse interpretation analysis, which maps quantum features back to interpretable classical risk dimensions, addressing a critical gap in quantum-enhanced model explainability for regulatory compliance. Statistical validation through ANOVA and Friedman tests confirms the significance of performance differences between model architectures, with tree-based models showing particular synergy with quantum-augmented feature spaces. This work establishes quantum-inspired feature engineering as a practical enhancement for credit risk assessment, providing financial institutions with immediately applicable methods to improve predictive accuracy while meeting transparency requirements. By demonstrating measurable performance gains without sacrificing interpretability, our framework bridges the gap between advanced machine learning techniques and the practical constraints of regulated financial environments, paving the way for responsible adoption of quantum-enhanced analytics in the financial sector.",Article
"(""quantum machine learning"" OR QML OR ""variational quantum"" OR VQC OR QNN OR ""quantum neural network"" OR ""quantum kernel"" OR QSVM OR ""quantum support vector"" OR ""quantum circuit"" OR ""parameterized quantum circuit"" OR PQC OR ""quantum annealing"" OR QAOA OR ""quantum classifier"") AND (medicine OR medical OR healthcare OR clinical OR diagnosis OR prognosis OR radiology OR imaging OR MRI OR CT OR ultrasound OR pathology OR histopathology OR ECG OR EEG OR genomics OR proteomics OR bioinformatics OR ""electronic health record"" OR EHR OR drug OR pharmacology)",doi:10.1038/s41467-026-70865-7,Physics-informed Hamiltonian learning for large-scale optoelectronic property prediction,"Schwade, Martin, Zhang, Shaoming, Vonhoff, Frederik, Delgado, Frederico P., Egger, David A.",Nature Communications,2026-03-20,10.1038/s41467-026-70865-7,"https://www.nature.com/articles/s41467-026-70865-7, https://www.nature.com/articles/s41467-026-70865-7.pdf, http://dx.doi.org/10.1038/s41467-026-70865-7","Predicting optoelectronic properties of large-scale atomistic systems under realistic conditions is crucial for rational materials design, yet computationally prohibitive with first-principles simulations. Recent neural network models have shown promise in overcoming these challenges, but typically require large datasets and lack physical interpretability. Physics-inspired approximate models offer greater data efficiency and intuitive understanding, but often sacrifice accuracy and transferability. Here we present HAMSTER, a physics-informed machine learning framework for predicting the quantum-mechanical Hamiltonian of complex chemical systems. Starting from an approximate model encoding essential physical effects, HAMSTER captures the critical influence of dynamic environments on Hamiltonians using only few explicit first-principles calculations. We demonstrate our approach on halide perovskites, achieving accurate prediction of optoelectronic properties across temperature and compositional variations, and scalability to systems containing tens of thousands of atoms. This work highlights the power of physics-informed Hamiltonian learning for accurate and interpretable optoelectronic property prediction in large, complex systems. Schwade et al. report HAMSTER, a physics-informed machine learning framework for predicting the quantum-mechanical Hamiltonian of complex chemical systems. It yields accurate property prediction of halide perovskites across various temperatures and compositions for systems containing 50,000 atoms.",Article
"(""quantum machine learning"" OR QML OR ""variational quantum"" OR VQC OR QNN OR ""quantum neural network"" OR ""quantum kernel"" OR QSVM OR ""quantum support vector"" OR ""quantum circuit"" OR ""parameterized quantum circuit"" OR PQC OR ""quantum annealing"" OR QAOA OR ""quantum classifier"") AND (medicine OR medical OR healthcare OR clinical OR diagnosis OR prognosis OR radiology OR imaging OR MRI OR CT OR ultrasound OR pathology OR histopathology OR ECG OR EEG OR genomics OR proteomics OR bioinformatics OR ""electronic health record"" OR EHR OR drug OR pharmacology)",doi:10.1140/epjqt/s40507-026-00494-y,Quantum algorithms for scheduling problems: a survey,"Werner, Tino, Ullinger, Freyja",EPJ Quantum Technology,2026-03-19,10.1140/epjqt/s40507-026-00494-y,"https://www.biomedcentral.com/openurl?doi=10.1140/epjqt/s40507-026-00494-y, https://www.biomedcentral.com/openurl/pdf?id=doi:10.1140/epjqt/s40507-026-00494-y, http://dx.doi.org/10.1140/epjqt/s40507-026-00494-y","Quantum algorithms have the potential to solve combinatorial optimization problems faster than classical algorithms. A particular example for combinatorial optimization problems are scheduling problems. This work provides summarizes quantum or quantum-inspired algorithms for scheduling problems, providing an overview of 20 years of research. We categorize the approaches by problem type and algorithm type. A condensation of the reviewed literature to the main ideas and details about the considered problem size, solvers and evaluation metrics enables a quick comparison with and placement into the current state of research for future works. We further critically assess the comparability of the reviewed literature and present crucial metrics for future comparison.",Article
"(""quantum machine learning"" OR QML OR ""variational quantum"" OR VQC OR QNN OR ""quantum neural network"" OR ""quantum kernel"" OR QSVM OR ""quantum support vector"" OR ""quantum circuit"" OR ""parameterized quantum circuit"" OR PQC OR ""quantum annealing"" OR QAOA OR ""quantum classifier"") AND (medicine OR medical OR healthcare OR clinical OR diagnosis OR prognosis OR radiology OR imaging OR MRI OR CT OR ultrasound OR pathology OR histopathology OR ECG OR EEG OR genomics OR proteomics OR bioinformatics OR ""electronic health record"" OR EHR OR drug OR pharmacology)",doi:10.1007/s44163-026-01106-5,Forked hybrid architecture combining 1D-CNN and quantum convolutional networks for EEG signal classification,"Esmeray, Furkan, Gülten, Arif",Discover Artificial Intelligence,2026-03-19,10.1007/s44163-026-01106-5,"http://link.springer.com/openurl/pdf?id=doi:10.1007/s44163-026-01106-5, http://dx.doi.org/10.1007/s44163-026-01106-5","Detecting epileptic seizures from electroencephalogram (EEG) signals presents a significant challenge due to the nonlinear and non-stationary nature of brain activity. In this study, we propose a hybrid classification framework that integrates quantum-assisted and classical deep learning techniques to enhance detection accuracy and model interpretability. First, discrete wavelet transform (DWT) is applied to extract multiscale time–frequency features from raw EEG signals. Subsequently, three comparative models are developed: a conventional 1D-CNN model, an IQCNN model incorporating a parametric quantum circuit, and a novel Forked Enhanced Model that processes EEG features simultaneously through both 1D-CNN and IQCNN branches and combines them in a fully connected layer. The proposed hybrid model leverages the expressive power of quantum entanglement while preserving the robustness of classical deep learning. Evaluations using 5-fold stratified cross-validation on a real EEG dataset show that the forked architecture outperforms both classical CNNs and quantum-only based models in terms of accuracy, F1 score, precision, recall, number of incorrectly classified subjects and AUC. In this study, the best result was obtained with the Denoise IQCNNNet hybrid model. The accuracy of this model is 97.25%, precision 92.74%, recall 93.66%, F-1 score 93.15%, AUC 99.54%, number of incorrectly classified subjects are 57. This study demonstrates the feasibility and potential of hybrid quantum-classical networks in biomedical signal processing and provides a foundation for real-time clinical seizure monitoring systems.",Article
"(""quantum machine learning"" OR QML OR ""variational quantum"" OR VQC OR QNN OR ""quantum neural network"" OR ""quantum kernel"" OR QSVM OR ""quantum support vector"" OR ""quantum circuit"" OR ""parameterized quantum circuit"" OR PQC OR ""quantum annealing"" OR QAOA OR ""quantum classifier"") AND (medicine OR medical OR healthcare OR clinical OR diagnosis OR prognosis OR radiology OR imaging OR MRI OR CT OR ultrasound OR pathology OR histopathology OR ECG OR EEG OR genomics OR proteomics OR bioinformatics OR ""electronic health record"" OR EHR OR drug OR pharmacology)",doi:10.1038/s41591-026-04293-x,Socioeconomic and energy transition disparities in air pollution-related mortality across Europe,"Chen, Zhao-Yue, Achebak, Hicham, Huang, Wenzhong, Paniello-Castillo, Blanca, Petetin, Hervé, Méndez Turrubiates, Raúl Fernando, Pérez García-Pando, Carlos, Ballester, Joan",Nature Medicine,2026-03-19,10.1038/s41591-026-04293-x,"https://www.nature.com/articles/s41591-026-04293-x, https://www.nature.com/articles/s41591-026-04293-x.pdf, http://dx.doi.org/10.1038/s41591-026-04293-x","Analysis of 653 regions across 31 countries revealed that socioeconomic conditions and regional variation in the pace of renewable energy adoption were linked to disparities in air pollution-related mortality. Marked socioeconomic divides and unequal advances in renewable energy transition across Europe have raised concerns about widening inequalities in air pollution exposure and related health risks. Here we analyzed 88.8 million deaths across 653 contiguous regions in 31 European countries, encompassing the entire urban and rural population of 521 million people from 2003 to 2019, to investigate how socioeconomic conditions and renewable energy adoption relate to regional disparities in acute air pollution-related mortality risks and their trends over time. Regions with higher gross domestic product per capita, lower poverty rates and longer life expectancy—primarily in Western and Northern Europe—showed lower and declining risks in air pollution-related mortality compared to other regions in Europe. We assessed renewable energy transition as both an upstream driver and an effect modifier of the relationship between air pollution and mortality. As an upstream driver, greater renewable energy adoption was associated with 15−54% lower air pollutant levels and, consequently, 12−53% fewer attributable deaths. As an effect modifier, high renewable adoption was significantly associated with lower and declining mortality risks. Taken together, our findings show that differences in socioeconomic conditions and energy transition are associated with widening disparities in air pollution-related health risks across Europe.",Article
"(""quantum machine learning"" OR QML OR ""variational quantum"" OR VQC OR QNN OR ""quantum neural network"" OR ""quantum kernel"" OR QSVM OR ""quantum support vector"" OR ""quantum circuit"" OR ""parameterized quantum circuit"" OR PQC OR ""quantum annealing"" OR QAOA OR ""quantum classifier"") AND (medicine OR medical OR healthcare OR clinical OR diagnosis OR prognosis OR radiology OR imaging OR MRI OR CT OR ultrasound OR pathology OR histopathology OR ECG OR EEG OR genomics OR proteomics OR bioinformatics OR ""electronic health record"" OR EHR OR drug OR pharmacology)",doi:10.1038/s41377-026-02236-2,Compact and programmable large-scale optical processor in free space,"Ammendola, Maria Gorizia, Dehghan, Nazanin, Scarfe, Lukas, D’Errico, Alessio, Di Colandrea, Francesco, Karimi, Ebrahim, Cardano, Filippo",Light: Science & Applications,2026-03-19,10.1038/s41377-026-02236-2,"https://www.nature.com/articles/s41377-026-02236-2, https://www.nature.com/articles/s41377-026-02236-2.pdf, http://dx.doi.org/10.1038/s41377-026-02236-2","A programmable three-layer photonic platform implements large-scale unitary transformations, distributing the input field into thousands of output modes for scalable photonic information processing in free space. Photonic circuits are central to classical and quantum information processing. While integrated technologies dominate, free-space architectures are emerging as attractive alternatives, offering broad bandwidth and direct manipulation of optical modes without confinement in waveguides. A key challenge for scalability lies in circuit depth, as the number of layers manipulating the optical field typically grows with the system size. Here, we introduce a programmable free-space photonic platform that implements translation-invariant, high-dimensional unitary transformations using only three layers. Information is encoded in structured light modes defined by circular polarization and quantized transverse momenta, and processed with spatial light modulators interleaved with half-wave plates. We implement unitaries that are equivalent to quantum walks over up to 30 time steps, in one- and two-dimensional lattices, distributing a single input mode across more than 7,000 outputs, where conventional approaches would require tens or hundreds of layers. The platform supports diverse quantum walk dynamics, including disorder, synthetic gauge fields, and topological effects, previously explored only in separate experiments. Using coincidence detection with a time-tagging camera, we show compatibility with quantum optics protocols and provide examples of quantum walks of heralded single photons. These results contribute to establishing free-space optical processors as promising resources for high-dimensional quantum simulation and scalable optical information processing.",Article
"(""quantum machine learning"" OR QML OR ""variational quantum"" OR VQC OR QNN OR ""quantum neural network"" OR ""quantum kernel"" OR QSVM OR ""quantum support vector"" OR ""quantum circuit"" OR ""parameterized quantum circuit"" OR PQC OR ""quantum annealing"" OR QAOA OR ""quantum classifier"") AND (medicine OR medical OR healthcare OR clinical OR diagnosis OR prognosis OR radiology OR imaging OR MRI OR CT OR ultrasound OR pathology OR histopathology OR ECG OR EEG OR genomics OR proteomics OR bioinformatics OR ""electronic health record"" OR EHR OR drug OR pharmacology)",doi:10.1186/s40854-025-00847-z,Cross-moment interaction in multivariate semi-nonparametric densities for risk forecasting,"Jiménez, Inés, Mora-Valencia, Andrés, Perote, Javier",Financial Innovation,2026-03-19,10.1186/s40854-025-00847-z,"https://www.biomedcentral.com/openurl?doi=10.1186/s40854-025-00847-z, https://www.biomedcentral.com/openurl/pdf?id=doi:10.1186/s40854-025-00847-z, http://dx.doi.org/10.1186/s40854-025-00847-z","This paper introduces the moment interaction between different assets in the semi-nonparametric modeling of a multivariate distribution. We analyze bivariate portfolios where skewness and kurtosis may interact between different assets, showing that these new parameters may be significant pieces of information, particularly for measuring risk. Model performance for risk assessment is tested with backtesting techniques considering equally weighted portfolios of the S&P 500 and Nasdaq 100 indices and major cryptocurrencies (Bitcoin and Ethereum), the latter with high-frequency data. The results show adequate performance in terms of Value-at-Risk, Median Shortfall, and Expected Shortfall, especially for high confidence levels.",Article
"(""quantum machine learning"" OR QML OR ""variational quantum"" OR VQC OR QNN OR ""quantum neural network"" OR ""quantum kernel"" OR QSVM OR ""quantum support vector"" OR ""quantum circuit"" OR ""parameterized quantum circuit"" OR PQC OR ""quantum annealing"" OR QAOA OR ""quantum classifier"") AND (medicine OR medical OR healthcare OR clinical OR diagnosis OR prognosis OR radiology OR imaging OR MRI OR CT OR ultrasound OR pathology OR histopathology OR ECG OR EEG OR genomics OR proteomics OR bioinformatics OR ""electronic health record"" OR EHR OR drug OR pharmacology)",doi:10.1007/s13538-026-02041-7,"Infinite Square Well, Self-Adjointness, and the Dirac Delta Function","Amaku, M., Coutinho, F. A. B., Massad, E., Oliveira, L. N.",Brazilian Journal of Physics,2026-03-19,10.1007/s13538-026-02041-7,"http://link.springer.com/openurl/fulltext?id=doi:10.1007/s13538-026-02041-7, http://link.springer.com/openurl/pdf?id=doi:10.1007/s13538-026-02041-7, http://dx.doi.org/10.1007/s13538-026-02041-7","One hundred years ago, Dirac presented a groundbreaking method for quantizing classical Hamiltonians. Simplicity is one of the virtues of the procedure, but certain classes of problems require special care. Here, we discuss one such class, the quantization of confined systems, with emphasis on the one-dimensional square well. We examine two presentations of the problem. The first presentation restricts the analysis to the interval $$0\le x\le L$$ . The second presentation considers the entire x axis, but an infinite potential traps the particle in the region $$0\le x\le L$$ . In contrast with the typical treatment in quantum mechanics textbooks, the first presentation imposes nontrivial boundary conditions. Proper treatment of the problem in the second presentation demands the use of delta functions or distributions.",Article
"(""quantum machine learning"" OR QML OR ""variational quantum"" OR VQC OR QNN OR ""quantum neural network"" OR ""quantum kernel"" OR QSVM OR ""quantum support vector"" OR ""quantum circuit"" OR ""parameterized quantum circuit"" OR PQC OR ""quantum annealing"" OR QAOA OR ""quantum classifier"") AND (medicine OR medical OR healthcare OR clinical OR diagnosis OR prognosis OR radiology OR imaging OR MRI OR CT OR ultrasound OR pathology OR histopathology OR ECG OR EEG OR genomics OR proteomics OR bioinformatics OR ""electronic health record"" OR EHR OR drug OR pharmacology)",doi:10.1007/s42484-026-00374-9,QURIOSO: Quantum gate parameter predictIon through quantum-enhanced long-short term memory,"Loglisci, Corrado, Losavio, Vito N., Pascazio, Saverio, Malerba, Donato",Quantum Machine Intelligence,2026-03-18,10.1007/s42484-026-00374-9,"http://link.springer.com/openurl/fulltext?id=doi:10.1007/s42484-026-00374-9, http://link.springer.com/openurl/pdf?id=doi:10.1007/s42484-026-00374-9, http://dx.doi.org/10.1007/s42484-026-00374-9","In Variational Quantum Algorithms (VQAs), circuit parameters are typically re-optimized from scratch for each new dataset, an approach that becomes inefficient in continuous computation settings where data arrive incrementally and statistical properties evolve over time. This limitation is exacerbated on noisy intermediate-scale quantum (NISQ) devices, where optimization is costly and prone to barren plateaus. To overcome these challenges, we introduce QURIOSO (QUantum gate parameteR predictIOn through quantum-enhanced long-Short term memOry), a machine learning framework that replaces repeated optimization with parameter prediction. QURIOSO learns trajectories of PQC parameters from past data and forecasts parameters for new data using either classical or quantum-enhanced LSTM architectures. We redesign quantum LSTM cells by employing Y-axis controlled rotations for amplitude modulation and full entanglement generation, enabling richer transformations than conventional phase-based designs. The framework operates in two modes: direct parameter transfer to unseen data and prediction-driven initialization to accelerate subsequent optimization. Validation on real-world binary classification tasks with hybrid classical–quantum models shows that quantum-enhanced LSTMs frequently outperform classical counterparts, highlighting their ability to preserve non-linearity through quantum encoding and measurement, and demonstrating the effectiveness of QURIOSO in generalizing across parameter trajectories within continuous quantum learning scenarios.",Article
